age_group,age_lo,age_hi,age_unit,sex,factor,item_code,item_name,bin_lo,bin_hi,count,ratio
유소년,11,11,세,M,근지구력,009,윗몸말아올리기,0,10,3312,0.1036
유소년,11,11,세,M,근지구력,009,윗몸말아올리기,10,20,2311,0.0723
유소년,11,11,세,M,근지구력,009,윗몸말아올리기,20,30,2937,0.0918
유소년,11,11,세,M,근지구력,009,윗몸말아올리기,30,40,2134,0.0667
유소년,11,11,세,M,근지구력,009,윗몸말아올리기,40,50,3242,0.1014
유소년,11,11,세,M,근지구력,009,윗몸말아올리기,50,60,2174,0.068
유소년,11,11,세,M,근지구력,009,윗몸말아올리기,60,70,3020,0.0944
유소년,11,11,세,M,근지구력,009,윗몸말아올리기,70,80,2309,0.0722
유소년,11,11,세,M,근지구력,009,윗몸말아올리기,80,90,4175,0.1306
유소년,11,11,세,M,근지구력,009,윗몸말아올리기,90,100,6366,0.1991
유소년,11,11,세,M,유연성,012,앉아윗몸앞으로굽히기,0,10,3998,0.1314
유소년,11,11,세,M,유연성,012,앉아윗몸앞으로굽히기,10,20,3644,0.1197
유소년,11,11,세,M,유연성,012,앉아윗몸앞으로굽히기,20,30,2968,0.0975
유소년,11,11,세,M,유연성,012,앉아윗몸앞으로굽히기,30,40,3550,0.1166
유소년,11,11,세,M,유연성,012,앉아윗몸앞으로굽히기,40,50,3270,0.1074
유소년,11,11,세,M,유연성,012,앉아윗몸앞으로굽히기,50,60,2946,0.0968
유소년,11,11,세,M,유연성,012,앉아윗몸앞으로굽히기,60,70,2540,0.0835
유소년,11,11,세,M,유연성,012,앉아윗몸앞으로굽히기,70,80,2451,0.0805
유소년,11,11,세,M,유연성,012,앉아윗몸앞으로굽히기,80,90,1996,0.0656
유소년,11,11,세,M,유연성,012,앉아윗몸앞으로굽히기,90,100,3072,0.1009
유소년,11,11,세,M,심폐지구력,020,왕복오래달리기,0,10,3032,0.0997
유소년,11,11,세,M,심폐지구력,020,왕복오래달리기,10,20,2188,0.072
유소년,11,11,세,M,심폐지구력,020,왕복오래달리기,20,30,2474,0.0814
유소년,11,11,세,M,심폐지구력,020,왕복오래달리기,30,40,2233,0.0734
유소년,11,11,세,M,심폐지구력,020,왕복오래달리기,40,50,2467,0.0811
유소년,11,11,세,M,심폐지구력,020,왕복오래달리기,50,60,2889,0.095
유소년,11,11,세,M,심폐지구력,020,왕복오래달리기,60,70,3086,0.1015
유소년,11,11,세,M,심폐지구력,020,왕복오래달리기,70,80,2823,0.0928
유소년,11,11,세,M,심폐지구력,020,왕복오래달리기,80,90,4005,0.1317
유소년,11,11,세,M,심폐지구력,020,왕복오래달리기,90,100,5212,0.1714
유소년,11,11,세,M,순발력,022,제자리멀리뛰기,0,10,2367,0.0778
유소년,11,11,세,M,순발력,022,제자리멀리뛰기,10,20,1332,0.0438
유소년,11,11,세,M,순발력,022,제자리멀리뛰기,20,30,2046,0.0672
유소년,11,11,세,M,순발력,022,제자리멀리뛰기,30,40,1624,0.0534
유소년,11,11,세,M,순발력,022,제자리멀리뛰기,40,50,2541,0.0835
유소년,11,11,세,M,순발력,022,제자리멀리뛰기,50,60,3402,0.1118
유소년,11,11,세,M,순발력,022,제자리멀리뛰기,60,70,3538,0.1163
유소년,11,11,세,M,순발력,022,제자리멀리뛰기,70,80,3049,0.1002
유소년,11,11,세,M,순발력,022,제자리멀리뛰기,80,90,4631,0.1522
유소년,11,11,세,M,순발력,022,제자리멀리뛰기,90,100,5897,0.1938
유소년,11,11,세,M,근력,028,상대악력,0,10,2634,0.0866
유소년,11,11,세,M,근력,028,상대악력,10,20,2073,0.0681
유소년,11,11,세,M,근력,028,상대악력,20,30,2056,0.0676
유소년,11,11,세,M,근력,028,상대악력,30,40,1966,0.0646
유소년,11,11,세,M,근력,028,상대악력,40,50,2971,0.0976
유소년,11,11,세,M,근력,028,상대악력,50,60,2880,0.0947
유소년,11,11,세,M,근력,028,상대악력,60,70,3250,0.1068
유소년,11,11,세,M,근력,028,상대악력,70,80,3082,0.1013
유소년,11,11,세,M,근력,028,상대악력,80,90,4189,0.1377
유소년,11,11,세,M,근력,028,상대악력,90,100,5325,0.175
유소년,11,11,세,M,민첩성,043,반복옆뛰기,0,10,2317,0.0765
유소년,11,11,세,M,민첩성,043,반복옆뛰기,10,20,1493,0.0493
유소년,11,11,세,M,민첩성,043,반복옆뛰기,20,30,2264,0.0747
유소년,11,11,세,M,민첩성,043,반복옆뛰기,30,40,1232,0.0407
유소년,11,11,세,M,민첩성,043,반복옆뛰기,40,50,3118,0.1029
유소년,11,11,세,M,민첩성,043,반복옆뛰기,50,60,1853,0.0612
유소년,11,11,세,M,민첩성,043,반복옆뛰기,60,70,3904,0.1288
유소년,11,11,세,M,민첩성,043,반복옆뛰기,70,80,1795,0.0592
유소년,11,11,세,M,민첩성,043,반복옆뛰기,80,90,5145,0.1698
유소년,11,11,세,M,민첩성,043,반복옆뛰기,90,100,7181,0.237
유소년,11,11,세,F,근지구력,009,윗몸말아올리기,0,10,3027,0.103
유소년,11,11,세,F,근지구력,009,윗몸말아올리기,10,20,3106,0.1057
유소년,11,11,세,F,근지구력,009,윗몸말아올리기,20,30,2179,0.0742
유소년,11,11,세,F,근지구력,009,윗몸말아올리기,30,40,2492,0.0848
유소년,11,11,세,F,근지구력,009,윗몸말아올리기,40,50,3361,0.1144
유소년,11,11,세,F,근지구력,009,윗몸말아올리기,50,60,3005,0.1023
유소년,11,11,세,F,근지구력,009,윗몸말아올리기,60,70,2308,0.0786
유소년,11,11,세,F,근지구력,009,윗몸말아올리기,70,80,2896,0.0986
유소년,11,11,세,F,근지구력,009,윗몸말아올리기,80,90,2909,0.099
유소년,11,11,세,F,근지구력,009,윗몸말아올리기,90,100,4099,0.1395
유소년,11,11,세,F,유연성,012,앉아윗몸앞으로굽히기,0,10,1872,0.0648
유소년,11,11,세,F,유연성,012,앉아윗몸앞으로굽히기,10,20,1133,0.0392
유소년,11,11,세,F,유연성,012,앉아윗몸앞으로굽히기,20,30,1467,0.0508
유소년,11,11,세,F,유연성,012,앉아윗몸앞으로굽히기,30,40,922,0.0319
유소년,11,11,세,F,유연성,012,앉아윗몸앞으로굽히기,40,50,2276,0.0788
유소년,11,11,세,F,유연성,012,앉아윗몸앞으로굽히기,50,60,2035,0.0705
유소년,11,11,세,F,유연성,012,앉아윗몸앞으로굽히기,60,70,3384,0.1172
유소년,11,11,세,F,유연성,012,앉아윗몸앞으로굽히기,70,80,3163,0.1095
유소년,11,11,세,F,유연성,012,앉아윗몸앞으로굽히기,80,90,5693,0.1971
유소년,11,11,세,F,유연성,012,앉아윗몸앞으로굽히기,90,100,6939,0.2402
유소년,11,11,세,F,심폐지구력,020,왕복오래달리기,0,10,2698,0.0935
유소년,11,11,세,F,심폐지구력,020,왕복오래달리기,10,20,1622,0.0562
유소년,11,11,세,F,심폐지구력,020,왕복오래달리기,20,30,2225,0.0771
유소년,11,11,세,F,심폐지구력,020,왕복오래달리기,30,40,1959,0.0679
유소년,11,11,세,F,심폐지구력,020,왕복오래달리기,40,50,3501,0.1213
유소년,11,11,세,F,심폐지구력,020,왕복오래달리기,50,60,2165,0.075
유소년,11,11,세,F,심폐지구력,020,왕복오래달리기,60,70,3282,0.1137
유소년,11,11,세,F,심폐지구력,020,왕복오래달리기,70,80,2247,0.0778
유소년,11,11,세,F,심폐지구력,020,왕복오래달리기,80,90,4137,0.1433
유소년,11,11,세,F,심폐지구력,020,왕복오래달리기,90,100,5035,0.1744
유소년,11,11,세,F,순발력,022,제자리멀리뛰기,0,10,2202,0.0764
유소년,11,11,세,F,순발력,022,제자리멀리뛰기,10,20,1736,0.0602
유소년,11,11,세,F,순발력,022,제자리멀리뛰기,20,30,1537,0.0533
유소년,11,11,세,F,순발력,022,제자리멀리뛰기,30,40,1492,0.0518
유소년,11,11,세,F,순발력,022,제자리멀리뛰기,40,50,6059,0.2102
유소년,11,11,세,F,순발력,022,제자리멀리뛰기,50,60,6209,0.2154
유소년,11,11,세,F,순발력,022,제자리멀리뛰기,60,70,2956,0.1025
유소년,11,11,세,F,순발력,022,제자리멀리뛰기,70,80,2780,0.0964
유소년,11,11,세,F,순발력,022,제자리멀리뛰기,80,90,1454,0.0504
유소년,11,11,세,F,순발력,022,제자리멀리뛰기,90,100,2404,0.0834
유소년,11,11,세,F,근력,028,상대악력,0,10,2049,0.0709
유소년,11,11,세,F,근력,028,상대악력,10,20,1457,0.0504
유소년,11,11,세,F,근력,028,상대악력,20,30,1524,0.0527
유소년,11,11,세,F,근력,028,상대악력,30,40,1423,0.0492
유소년,11,11,세,F,근력,028,상대악력,40,50,2793,0.0967
유소년,11,11,세,F,근력,028,상대악력,50,60,2650,0.0917
유소년,11,11,세,F,근력,028,상대악력,60,70,3070,0.1063
유소년,11,11,세,F,근력,028,상대악력,70,80,2838,0.0982
유소년,11,11,세,F,근력,028,상대악력,80,90,4975,0.1722
유소년,11,11,세,F,근력,028,상대악력,90,100,6115,0.2116
유소년,11,11,세,F,민첩성,043,반복옆뛰기,0,10,1856,0.0648
유소년,11,11,세,F,민첩성,043,반복옆뛰기,10,20,2317,0.0808
유소년,11,11,세,F,민첩성,043,반복옆뛰기,20,30,1202,0.0419
유소년,11,11,세,F,민첩성,043,반복옆뛰기,30,40,1401,0.0489
유소년,11,11,세,F,민첩성,043,반복옆뛰기,40,50,5464,0.1906
유소년,11,11,세,F,민첩성,043,반복옆뛰기,50,60,3763,0.1313
유소년,11,11,세,F,민첩성,043,반복옆뛰기,60,70,2148,0.0749
유소년,11,11,세,F,민첩성,043,반복옆뛰기,70,80,1664,0.0581
유소년,11,11,세,F,민첩성,043,반복옆뛰기,80,90,4014,0.1401
유소년,11,11,세,F,민첩성,043,반복옆뛰기,90,100,4832,0.1686
유소년,12,12,세,M,근지구력,009,윗몸말아올리기,0,10,1056,0.0757
유소년,12,12,세,M,근지구력,009,윗몸말아올리기,10,20,696,0.0499
유소년,12,12,세,M,근지구력,009,윗몸말아올리기,20,30,704,0.0505
유소년,12,12,세,M,근지구력,009,윗몸말아올리기,30,40,701,0.0503
유소년,12,12,세,M,근지구력,009,윗몸말아올리기,40,50,1229,0.0881
유소년,12,12,세,M,근지구력,009,윗몸말아올리기,50,60,1132,0.0812
유소년,12,12,세,M,근지구력,009,윗몸말아올리기,60,70,1115,0.08
유소년,12,12,세,M,근지구력,009,윗몸말아올리기,70,80,872,0.0625
유소년,12,12,세,M,근지구력,009,윗몸말아올리기,80,90,2484,0.1782
유소년,12,12,세,M,근지구력,009,윗몸말아올리기,90,100,3954,0.2836
유소년,12,12,세,M,유연성,012,앉아윗몸앞으로굽히기,0,10,1632,0.1272
유소년,12,12,세,M,유연성,012,앉아윗몸앞으로굽히기,10,20,1521,0.1185
유소년,12,12,세,M,유연성,012,앉아윗몸앞으로굽히기,20,30,1475,0.115
유소년,12,12,세,M,유연성,012,앉아윗몸앞으로굽히기,30,40,1358,0.1058
유소년,12,12,세,M,유연성,012,앉아윗몸앞으로굽히기,40,50,1295,0.1009
유소년,12,12,세,M,유연성,012,앉아윗몸앞으로굽히기,50,60,1181,0.092
유소년,12,12,세,M,유연성,012,앉아윗몸앞으로굽히기,60,70,1146,0.0893
유소년,12,12,세,M,유연성,012,앉아윗몸앞으로굽히기,70,80,985,0.0768
유소년,12,12,세,M,유연성,012,앉아윗몸앞으로굽히기,80,90,930,0.0725
유소년,12,12,세,M,유연성,012,앉아윗몸앞으로굽히기,90,100,1308,0.1019
유소년,12,12,세,M,심폐지구력,020,왕복오래달리기,0,10,1532,0.1201
유소년,12,12,세,M,심폐지구력,020,왕복오래달리기,10,20,1338,0.1049
유소년,12,12,세,M,심폐지구력,020,왕복오래달리기,20,30,1300,0.102
유소년,12,12,세,M,심폐지구력,020,왕복오래달리기,30,40,1207,0.0947
유소년,12,12,세,M,심폐지구력,020,왕복오래달리기,40,50,1050,0.0823
유소년,12,12,세,M,심폐지구력,020,왕복오래달리기,50,60,885,0.0694
유소년,12,12,세,M,심폐지구력,020,왕복오래달리기,60,70,1178,0.0924
유소년,12,12,세,M,심폐지구력,020,왕복오래달리기,70,80,1036,0.0812
유소년,12,12,세,M,심폐지구력,020,왕복오래달리기,80,90,1241,0.0973
유소년,12,12,세,M,심폐지구력,020,왕복오래달리기,90,100,1984,0.1556
유소년,12,12,세,M,순발력,022,제자리멀리뛰기,0,10,985,0.0769
유소년,12,12,세,M,순발력,022,제자리멀리뛰기,10,20,694,0.0542
유소년,12,12,세,M,순발력,022,제자리멀리뛰기,20,30,564,0.044
유소년,12,12,세,M,순발력,022,제자리멀리뛰기,30,40,666,0.052
유소년,12,12,세,M,순발력,022,제자리멀리뛰기,40,50,261,0.0204
유소년,12,12,세,M,순발력,022,제자리멀리뛰기,50,60,0,0.0
유소년,12,12,세,M,순발력,022,제자리멀리뛰기,60,70,1162,0.0907
유소년,12,12,세,M,순발력,022,제자리멀리뛰기,70,80,746,0.0582
유소년,12,12,세,M,순발력,022,제자리멀리뛰기,80,90,3798,0.2964
유소년,12,12,세,M,순발력,022,제자리멀리뛰기,90,100,3937,0.3073
유소년,12,12,세,M,근력,028,상대악력,0,10,1043,0.0811
유소년,12,12,세,M,근력,028,상대악력,10,20,774,0.0602
유소년,12,12,세,M,근력,028,상대악력,20,30,781,0.0608
유소년,12,12,세,M,근력,028,상대악력,30,40,761,0.0592
유소년,12,12,세,M,근력,028,상대악력,40,50,1373,0.1068
유소년,12,12,세,M,근력,028,상대악력,50,60,1383,0.1076
유소년,12,12,세,M,근력,028,상대악력,60,70,1360,0.1058
유소년,12,12,세,M,근력,028,상대악력,70,80,1329,0.1034
유소년,12,12,세,M,근력,028,상대악력,80,90,1789,0.1392
유소년,12,12,세,M,근력,028,상대악력,90,100,2261,0.1759
유소년,12,12,세,F,근지구력,009,윗몸말아올리기,0,10,1304,0.1127
유소년,12,12,세,F,근지구력,009,윗몸말아올리기,10,20,814,0.0703
유소년,12,12,세,F,근지구력,009,윗몸말아올리기,20,30,1055,0.0911
유소년,12,12,세,F,근지구력,009,윗몸말아올리기,30,40,853,0.0737
유소년,12,12,세,F,근지구력,009,윗몸말아올리기,40,50,1393,0.1203
유소년,12,12,세,F,근지구력,009,윗몸말아올리기,50,60,1128,0.0975
유소년,12,12,세,F,근지구력,009,윗몸말아올리기,60,70,1000,0.0864
유소년,12,12,세,F,근지구력,009,윗몸말아올리기,70,80,742,0.0641
유소년,12,12,세,F,근지구력,009,윗몸말아올리기,80,90,1440,0.1244
유소년,12,12,세,F,근지구력,009,윗몸말아올리기,90,100,1846,0.1595
유소년,12,12,세,F,유연성,012,앉아윗몸앞으로굽히기,0,10,703,0.0621
유소년,12,12,세,F,유연성,012,앉아윗몸앞으로굽히기,10,20,477,0.0421
유소년,12,12,세,F,유연성,012,앉아윗몸앞으로굽히기,20,30,498,0.044
유소년,12,12,세,F,유연성,012,앉아윗몸앞으로굽히기,30,40,357,0.0315
유소년,12,12,세,F,유연성,012,앉아윗몸앞으로굽히기,40,50,732,0.0647
유소년,12,12,세,F,유연성,012,앉아윗몸앞으로굽히기,50,60,651,0.0575
유소년,12,12,세,F,유연성,012,앉아윗몸앞으로굽히기,60,70,1210,0.1069
유소년,12,12,세,F,유연성,012,앉아윗몸앞으로굽히기,70,80,1030,0.091
유소년,12,12,세,F,유연성,012,앉아윗몸앞으로굽히기,80,90,2578,0.2277
유소년,12,12,세,F,유연성,012,앉아윗몸앞으로굽히기,90,100,3085,0.2725
유소년,12,12,세,F,심폐지구력,020,왕복오래달리기,0,10,1396,0.1245
유소년,12,12,세,F,심폐지구력,020,왕복오래달리기,10,20,982,0.0876
유소년,12,12,세,F,심폐지구력,020,왕복오래달리기,20,30,1102,0.0983
유소년,12,12,세,F,심폐지구력,020,왕복오래달리기,30,40,1227,0.1095
유소년,12,12,세,F,심폐지구력,020,왕복오래달리기,40,50,787,0.0702
유소년,12,12,세,F,심폐지구력,020,왕복오래달리기,50,60,256,0.0228
유소년,12,12,세,F,심폐지구력,020,왕복오래달리기,60,70,1187,0.1059
유소년,12,12,세,F,심폐지구력,020,왕복오래달리기,70,80,834,0.0744
유소년,12,12,세,F,심폐지구력,020,왕복오래달리기,80,90,1524,0.136
유소년,12,12,세,F,심폐지구력,020,왕복오래달리기,90,100,1915,0.1708
유소년,12,12,세,F,순발력,022,제자리멀리뛰기,0,10,891,0.079
유소년,12,12,세,F,순발력,022,제자리멀리뛰기,10,20,526,0.0466
유소년,12,12,세,F,순발력,022,제자리멀리뛰기,20,30,490,0.0434
유소년,12,12,세,F,순발력,022,제자리멀리뛰기,30,40,660,0.0585
유소년,12,12,세,F,순발력,022,제자리멀리뛰기,40,50,1805,0.16
유소년,12,12,세,F,순발력,022,제자리멀리뛰기,50,60,1213,0.1075
유소년,12,12,세,F,순발력,022,제자리멀리뛰기,60,70,1678,0.1487
유소년,12,12,세,F,순발력,022,제자리멀리뛰기,70,80,1285,0.1139
유소년,12,12,세,F,순발력,022,제자리멀리뛰기,80,90,1162,0.103
유소년,12,12,세,F,순발력,022,제자리멀리뛰기,90,100,1572,0.1393
유소년,12,12,세,F,근력,028,상대악력,0,10,816,0.072
유소년,12,12,세,F,근력,028,상대악력,10,20,592,0.0522
유소년,12,12,세,F,근력,028,상대악력,20,30,600,0.0529
유소년,12,12,세,F,근력,028,상대악력,30,40,594,0.0524
유소년,12,12,세,F,근력,028,상대악력,40,50,1017,0.0897
유소년,12,12,세,F,근력,028,상대악력,50,60,957,0.0844
유소년,12,12,세,F,근력,028,상대악력,60,70,1072,0.0945
유소년,12,12,세,F,근력,028,상대악력,70,80,988,0.0871
유소년,12,12,세,F,근력,028,상대악력,80,90,2141,0.1888
유소년,12,12,세,F,근력,028,상대악력,90,100,2564,0.2261
유소년,12,12,세,F,민첩성,043,반복옆뛰기,0,10,829,0.0736
유소년,12,12,세,F,민첩성,043,반복옆뛰기,10,20,434,0.0385
유소년,12,12,세,F,민첩성,043,반복옆뛰기,20,30,647,0.0574
유소년,12,12,세,F,민첩성,043,반복옆뛰기,30,40,486,0.0432
유소년,12,12,세,F,민첩성,043,반복옆뛰기,40,50,1630,0.1447
유소년,12,12,세,F,민첩성,043,반복옆뛰기,50,60,681,0.0605
유소년,12,12,세,F,민첩성,043,반복옆뛰기,60,70,1496,0.1328
유소년,12,12,세,F,민첩성,043,반복옆뛰기,70,80,623,0.0553
유소년,12,12,세,F,민첩성,043,반복옆뛰기,80,90,1895,0.1683
유소년,12,12,세,F,민첩성,043,반복옆뛰기,90,100,2542,0.2257
성인,19,24,세,M,유연성,012,앉아윗몸앞으로굽히기,0,10,5578,0.0916
성인,19,24,세,M,유연성,012,앉아윗몸앞으로굽히기,10,20,4449,0.0731
성인,19,24,세,M,유연성,012,앉아윗몸앞으로굽히기,20,30,4448,0.0731
성인,19,24,세,M,유연성,012,앉아윗몸앞으로굽히기,30,40,4261,0.07
성인,19,24,세,M,유연성,012,앉아윗몸앞으로굽히기,40,50,6182,0.1015
성인,19,24,세,M,유연성,012,앉아윗몸앞으로굽히기,50,60,5976,0.0982
성인,19,24,세,M,유연성,012,앉아윗몸앞으로굽히기,60,70,6776,0.1113
성인,19,24,세,M,유연성,012,앉아윗몸앞으로굽히기,70,80,6507,0.1069
성인,19,24,세,M,유연성,012,앉아윗몸앞으로굽히기,80,90,7260,0.1192
성인,19,24,세,M,유연성,012,앉아윗몸앞으로굽히기,90,100,9449,0.1552
성인,19,24,세,M,근지구력,019,교차윗몸일으키기,0,10,7172,0.1174
성인,19,24,세,M,근지구력,019,교차윗몸일으키기,10,20,6170,0.101
성인,19,24,세,M,근지구력,019,교차윗몸일으키기,20,30,6328,0.1035
성인,19,24,세,M,근지구력,019,교차윗몸일으키기,30,40,3776,0.0618
성인,19,24,세,M,근지구력,019,교차윗몸일으키기,40,50,6573,0.1076
성인,19,24,세,M,근지구력,019,교차윗몸일으키기,50,60,5876,0.0962
성인,19,24,세,M,근지구력,019,교차윗몸일으키기,60,70,8080,0.1322
성인,19,24,세,M,근지구력,019,교차윗몸일으키기,70,80,4538,0.0743
성인,19,24,세,M,근지구력,019,교차윗몸일으키기,80,90,4913,0.0804
성인,19,24,세,M,근지구력,019,교차윗몸일으키기,90,100,7686,0.1258
성인,19,24,세,M,심폐지구력,020,왕복오래달리기,0,10,3362,0.0994
성인,19,24,세,M,심폐지구력,020,왕복오래달리기,10,20,2957,0.0874
성인,19,24,세,M,심폐지구력,020,왕복오래달리기,20,30,3326,0.0983
성인,19,24,세,M,심폐지구력,020,왕복오래달리기,30,40,1383,0.0409
성인,19,24,세,M,심폐지구력,020,왕복오래달리기,40,50,5410,0.1599
성인,19,24,세,M,심폐지구력,020,왕복오래달리기,50,60,3145,0.093
성인,19,24,세,M,심폐지구력,020,왕복오래달리기,60,70,4344,0.1284
성인,19,24,세,M,심폐지구력,020,왕복오래달리기,70,80,893,0.0264
성인,19,24,세,M,심폐지구력,020,왕복오래달리기,80,90,4932,0.1458
성인,19,24,세,M,심폐지구력,020,왕복오래달리기,90,100,4081,0.1206
성인,19,24,세,M,민첩성,021,10m4회왕복달리기,0,10,1867,0.0756
성인,19,24,세,M,민첩성,021,10m4회왕복달리기,10,20,1404,0.0569
성인,19,24,세,M,민첩성,021,10m4회왕복달리기,20,30,1314,0.0532
성인,19,24,세,M,민첩성,021,10m4회왕복달리기,30,40,1446,0.0586
성인,19,24,세,M,민첩성,021,10m4회왕복달리기,40,50,561,0.0227
성인,19,24,세,M,민첩성,021,10m4회왕복달리기,50,60,266,0.0108
성인,19,24,세,M,민첩성,021,10m4회왕복달리기,60,70,5715,0.2314
성인,19,24,세,M,민첩성,021,10m4회왕복달리기,70,80,4977,0.2015
성인,19,24,세,M,민첩성,021,10m4회왕복달리기,80,90,3277,0.1327
성인,19,24,세,M,민첩성,021,10m4회왕복달리기,90,100,3869,0.1567
성인,19,24,세,M,순발력,022,제자리멀리뛰기,0,10,2949,0.0757
성인,19,24,세,M,순발력,022,제자리멀리뛰기,10,20,2149,0.0552
성인,19,24,세,M,순발력,022,제자리멀리뛰기,20,30,2283,0.0586
성인,19,24,세,M,순발력,022,제자리멀리뛰기,30,40,1890,0.0485
성인,19,24,세,M,순발력,022,제자리멀리뛰기,40,50,2263,0.0581
성인,19,24,세,M,순발력,022,제자리멀리뛰기,50,60,1724,0.0443
성인,19,24,세,M,순발력,022,제자리멀리뛰기,60,70,5170,0.1327
성인,19,24,세,M,순발력,022,제자리멀리뛰기,70,80,4155,0.1067
성인,19,24,세,M,순발력,022,제자리멀리뛰기,80,90,7358,0.1889
성인,19,24,세,M,순발력,022,제자리멀리뛰기,90,100,9008,0.2313
성인,19,24,세,M,근력,028,상대악력,0,10,3451,0.0557
성인,19,24,세,M,근력,028,상대악력,10,20,2232,0.036
성인,19,24,세,M,근력,028,상대악력,20,30,2101,0.0339
성인,19,24,세,M,근력,028,상대악력,30,40,2180,0.0352
성인,19,24,세,M,근력,028,상대악력,40,50,4911,0.0792
성인,19,24,세,M,근력,028,상대악력,50,60,4658,0.0752
성인,19,24,세,M,근력,028,상대악력,60,70,6271,0.1012
성인,19,24,세,M,근력,028,상대악력,70,80,5935,0.0958
성인,19,24,세,M,근력,028,상대악력,80,90,13947,0.2251
성인,19,24,세,M,근력,028,상대악력,90,100,16285,0.2628
성인,19,24,세,M,심폐지구력,035,트레드밀VO2max,0,10,534,0.0571
성인,19,24,세,M,심폐지구력,035,트레드밀VO2max,10,20,355,0.0379
성인,19,24,세,M,심폐지구력,035,트레드밀VO2max,20,30,346,0.037
성인,19,24,세,M,심폐지구력,035,트레드밀VO2max,30,40,309,0.033
성인,19,24,세,M,심폐지구력,035,트레드밀VO2max,40,50,888,0.0949
성인,19,24,세,M,심폐지구력,035,트레드밀VO2max,50,60,835,0.0893
성인,19,24,세,M,심폐지구력,035,트레드밀VO2max,60,70,1295,0.1384
성인,19,24,세,M,심폐지구력,035,트레드밀VO2max,70,80,1193,0.1275
성인,19,24,세,M,심폐지구력,035,트레드밀VO2max,80,90,1636,0.1749
성인,19,24,세,M,심폐지구력,035,트레드밀VO2max,90,100,1964,0.2099
성인,19,24,세,M,심폐지구력,037,스텝검사VO2max,0,10,975,0.052
성인,19,24,세,M,심폐지구력,037,스텝검사VO2max,10,20,579,0.0309
성인,19,24,세,M,심폐지구력,037,스텝검사VO2max,20,30,563,0.03
성인,19,24,세,M,심폐지구력,037,스텝검사VO2max,30,40,566,0.0302
성인,19,24,세,M,심폐지구력,037,스텝검사VO2max,40,50,1897,0.1012
성인,19,24,세,M,심폐지구력,037,스텝검사VO2max,50,60,1668,0.089
성인,19,24,세,M,심폐지구력,037,스텝검사VO2max,60,70,2783,0.1484
성인,19,24,세,M,심폐지구력,037,스텝검사VO2max,70,80,2420,0.1291
성인,19,24,세,M,심폐지구력,037,스텝검사VO2max,80,90,3229,0.1722
성인,19,24,세,M,심폐지구력,037,스텝검사VO2max,90,100,4071,0.2171
성인,19,24,세,M,민첩성,040,반응시간,0,10,2735,0.0756
성인,19,24,세,M,민첩성,040,반응시간,10,20,2045,0.0565
성인,19,24,세,M,민첩성,040,반응시간,20,30,1946,0.0538
성인,19,24,세,M,민첩성,040,반응시간,30,40,1934,0.0535
성인,19,24,세,M,민첩성,040,반응시간,40,50,5899,0.1631
성인,19,24,세,M,민첩성,040,반응시간,50,60,5412,0.1496
성인,19,24,세,M,민첩성,040,반응시간,60,70,4437,0.1227
성인,19,24,세,M,민첩성,040,반응시간,70,80,4052,0.112
성인,19,24,세,M,민첩성,040,반응시간,80,90,3194,0.0883
성인,19,24,세,M,민첩성,040,반응시간,90,100,4514,0.1248
성인,19,24,세,M,순발력,041,성인체공시간,0,10,1657,0.0757
성인,19,24,세,M,순발력,041,성인체공시간,10,20,1278,0.0584
성인,19,24,세,M,순발력,041,성인체공시간,20,30,1158,0.0529
성인,19,24,세,M,순발력,041,성인체공시간,30,40,1254,0.0573
성인,19,24,세,M,순발력,041,성인체공시간,40,50,2130,0.0973
성인,19,24,세,M,순발력,041,성인체공시간,50,60,2335,0.1066
성인,19,24,세,M,순발력,041,성인체공시간,60,70,2497,0.114
성인,19,24,세,M,순발력,041,성인체공시간,70,80,2667,0.1218
성인,19,24,세,M,순발력,041,성인체공시간,80,90,3047,0.1391
성인,19,24,세,M,순발력,041,성인체공시간,90,100,3879,0.1771
성인,19,24,세,F,유연성,012,앉아윗몸앞으로굽히기,0,10,2325,0.0602
성인,19,24,세,F,유연성,012,앉아윗몸앞으로굽히기,10,20,1545,0.04
성인,19,24,세,F,유연성,012,앉아윗몸앞으로굽히기,20,30,1605,0.0415
성인,19,24,세,F,유연성,012,앉아윗몸앞으로굽히기,30,40,1437,0.0372
성인,19,24,세,F,유연성,012,앉아윗몸앞으로굽히기,40,50,4019,0.104
성인,19,24,세,F,유연성,012,앉아윗몸앞으로굽히기,50,60,3800,0.0983
성인,19,24,세,F,유연성,012,앉아윗몸앞으로굽히기,60,70,4580,0.1185
성인,19,24,세,F,유연성,012,앉아윗몸앞으로굽히기,70,80,4494,0.1163
성인,19,24,세,F,유연성,012,앉아윗몸앞으로굽히기,80,90,6768,0.1752
성인,19,24,세,F,유연성,012,앉아윗몸앞으로굽히기,90,100,8067,0.2088
성인,19,24,세,F,근지구력,019,교차윗몸일으키기,0,10,3501,0.0904
성인,19,24,세,F,근지구력,019,교차윗몸일으키기,10,20,3448,0.089
성인,19,24,세,F,근지구력,019,교차윗몸일으키기,20,30,2540,0.0656
성인,19,24,세,F,근지구력,019,교차윗몸일으키기,30,40,1832,0.0473
성인,19,24,세,F,근지구력,019,교차윗몸일으키기,40,50,5637,0.1455
성인,19,24,세,F,근지구력,019,교차윗몸일으키기,50,60,3437,0.0887
성인,19,24,세,F,근지구력,019,교차윗몸일으키기,60,70,4019,0.1038
성인,19,24,세,F,근지구력,019,교차윗몸일으키기,70,80,3112,0.0804
성인,19,24,세,F,근지구력,019,교차윗몸일으키기,80,90,5208,0.1345
성인,19,24,세,F,근지구력,019,교차윗몸일으키기,90,100,5996,0.1548
성인,19,24,세,F,심폐지구력,020,왕복오래달리기,0,10,1002,0.0855
성인,19,24,세,F,심폐지구력,020,왕복오래달리기,10,20,967,0.0825
성인,19,24,세,F,심폐지구력,020,왕복오래달리기,20,30,854,0.0729
성인,19,24,세,F,심폐지구력,020,왕복오래달리기,30,40,309,0.0264
성인,19,24,세,F,심폐지구력,020,왕복오래달리기,40,50,1947,0.1661
성인,19,24,세,F,심폐지구력,020,왕복오래달리기,50,60,1232,0.1051
성인,19,24,세,F,심폐지구력,020,왕복오래달리기,60,70,1366,0.1165
성인,19,24,세,F,심폐지구력,020,왕복오래달리기,70,80,131,0.0112
성인,19,24,세,F,심폐지구력,020,왕복오래달리기,80,90,1768,0.1508
성인,19,24,세,F,심폐지구력,020,왕복오래달리기,90,100,2145,0.183
성인,19,24,세,F,순발력,022,제자리멀리뛰기,0,10,1744,0.0768
성인,19,24,세,F,순발력,022,제자리멀리뛰기,10,20,1213,0.0534
성인,19,24,세,F,순발력,022,제자리멀리뛰기,20,30,1303,0.0574
성인,19,24,세,F,순발력,022,제자리멀리뛰기,30,40,1066,0.0469
성인,19,24,세,F,순발력,022,제자리멀리뛰기,40,50,663,0.0292
성인,19,24,세,F,순발력,022,제자리멀리뛰기,50,60,499,0.022
성인,19,24,세,F,순발력,022,제자리멀리뛰기,60,70,2743,0.1208
성인,19,24,세,F,순발력,022,제자리멀리뛰기,70,80,2376,0.1046
성인,19,24,세,F,순발력,022,제자리멀리뛰기,80,90,5376,0.2367
성인,19,24,세,F,순발력,022,제자리멀리뛰기,90,100,5727,0.2522
성인,19,24,세,F,근력,028,상대악력,0,10,1177,0.0299
성인,19,24,세,F,근력,028,상대악력,10,20,415,0.0105
성인,19,24,세,F,근력,028,상대악력,20,30,406,0.0103
성인,19,24,세,F,근력,028,상대악력,30,40,409,0.0104
성인,19,24,세,F,근력,028,상대악력,40,50,2093,0.0532
성인,19,24,세,F,근력,028,상대악력,50,60,2030,0.0516
성인,19,24,세,F,근력,028,상대악력,60,70,3787,0.0962
성인,19,24,세,F,근력,028,상대악력,70,80,3491,0.0887
성인,19,24,세,F,근력,028,상대악력,80,90,12061,0.3064
성인,19,24,세,F,근력,028,상대악력,90,100,13494,0.3428
성인,19,24,세,F,심폐지구력,035,트레드밀VO2max,0,10,163,0.0226
성인,19,24,세,F,심폐지구력,035,트레드밀VO2max,10,20,30,0.0042
성인,19,24,세,F,심폐지구력,035,트레드밀VO2max,20,30,19,0.0026
성인,19,24,세,F,심폐지구력,035,트레드밀VO2max,30,40,19,0.0026
성인,19,24,세,F,심폐지구력,035,트레드밀VO2max,40,50,175,0.0242
성인,19,24,세,F,심폐지구력,035,트레드밀VO2max,50,60,172,0.0238
성인,19,24,세,F,심폐지구력,035,트레드밀VO2max,60,70,528,0.0731
성인,19,24,세,F,심폐지구력,035,트레드밀VO2max,70,80,445,0.0616
성인,19,24,세,F,심폐지구력,035,트레드밀VO2max,80,90,2693,0.373
성인,19,24,세,F,심폐지구력,035,트레드밀VO2max,90,100,2976,0.4122
성인,19,24,세,F,심폐지구력,037,스텝검사VO2max,0,10,540,0.0265
성인,19,24,세,F,심폐지구력,037,스텝검사VO2max,10,20,136,0.0067
성인,19,24,세,F,심폐지구력,037,스텝검사VO2max,20,30,134,0.0066
성인,19,24,세,F,심폐지구력,037,스텝검사VO2max,30,40,99,0.0049
성인,19,24,세,F,심폐지구력,037,스텝검사VO2max,40,50,999,0.0491
성인,19,24,세,F,심폐지구력,037,스텝검사VO2max,50,60,878,0.0431
성인,19,24,세,F,심폐지구력,037,스텝검사VO2max,60,70,2403,0.118
성인,19,24,세,F,심폐지구력,037,스텝검사VO2max,70,80,2274,0.1117
성인,19,24,세,F,심폐지구력,037,스텝검사VO2max,80,90,6166,0.3029
성인,19,24,세,F,심폐지구력,037,스텝검사VO2max,90,100,6728,0.3305
성인,19,24,세,F,민첩성,040,반응시간,0,10,2313,0.076
성인,19,24,세,F,민첩성,040,반응시간,10,20,1752,0.0576
성인,19,24,세,F,민첩성,040,반응시간,20,30,1681,0.0553
성인,19,24,세,F,민첩성,040,반응시간,30,40,1623,0.0534
성인,19,24,세,F,민첩성,040,반응시간,40,50,2869,0.0943
성인,19,24,세,F,민첩성,040,반응시간,50,60,2726,0.0896
성인,19,24,세,F,민첩성,040,반응시간,60,70,4834,0.1589
성인,19,24,세,F,민첩성,040,반응시간,70,80,4678,0.1538
성인,19,24,세,F,민첩성,040,반응시간,80,90,3365,0.1106
성인,19,24,세,F,민첩성,040,반응시간,90,100,4578,0.1505
성인,19,24,세,F,순발력,041,성인체공시간,0,10,1153,0.0726
성인,19,24,세,F,순발력,041,성인체공시간,10,20,797,0.0502
성인,19,24,세,F,순발력,041,성인체공시간,20,30,877,0.0552
성인,19,24,세,F,순발력,041,성인체공시간,30,40,984,0.062
성인,19,24,세,F,순발력,041,성인체공시간,40,50,1683,0.106
성인,19,24,세,F,순발력,041,성인체공시간,50,60,1536,0.0967
성인,19,24,세,F,순발력,041,성인체공시간,60,70,2360,0.1486
성인,19,24,세,F,순발력,041,성인체공시간,70,80,2275,0.1433
성인,19,24,세,F,순발력,041,성인체공시간,80,90,1806,0.1137
성인,19,24,세,F,순발력,041,성인체공시간,90,100,2408,0.1516
성인,25,29,세,M,유연성,012,앉아윗몸앞으로굽히기,0,10,2331,0.0913
성인,25,29,세,M,유연성,012,앉아윗몸앞으로굽히기,10,20,1850,0.0725
성인,25,29,세,M,유연성,012,앉아윗몸앞으로굽히기,20,30,1849,0.0724
성인,25,29,세,M,유연성,012,앉아윗몸앞으로굽히기,30,40,1804,0.0707
성인,25,29,세,M,유연성,012,앉아윗몸앞으로굽히기,40,50,2577,0.101
성인,25,29,세,M,유연성,012,앉아윗몸앞으로굽히기,50,60,2565,0.1005
성인,25,29,세,M,유연성,012,앉아윗몸앞으로굽히기,60,70,2907,0.1139
성인,25,29,세,M,유연성,012,앉아윗몸앞으로굽히기,70,80,2714,0.1063
성인,25,29,세,M,유연성,012,앉아윗몸앞으로굽히기,80,90,2948,0.1155
성인,25,29,세,M,유연성,012,앉아윗몸앞으로굽히기,90,100,3979,0.1559
성인,25,29,세,M,근지구력,019,교차윗몸일으키기,0,10,2435,0.0951
성인,25,29,세,M,근지구력,019,교차윗몸일으키기,10,20,1630,0.0637
성인,25,29,세,M,근지구력,019,교차윗몸일으키기,20,30,2285,0.0892
성인,25,29,세,M,근지구력,019,교차윗몸일으키기,30,40,1297,0.0507
성인,25,29,세,M,근지구력,019,교차윗몸일으키기,40,50,3713,0.145
성인,25,29,세,M,근지구력,019,교차윗몸일으키기,50,60,2477,0.0967
성인,25,29,세,M,근지구력,019,교차윗몸일으키기,60,70,2683,0.1048
성인,25,29,세,M,근지구력,019,교차윗몸일으키기,70,80,2411,0.0942
성인,25,29,세,M,근지구력,019,교차윗몸일으키기,80,90,2952,0.1153
성인,25,29,세,M,근지구력,019,교차윗몸일으키기,90,100,3722,0.1454
성인,25,29,세,M,심폐지구력,020,왕복오래달리기,0,10,838,0.0875
성인,25,29,세,M,심폐지구력,020,왕복오래달리기,10,20,791,0.0826
성인,25,29,세,M,심폐지구력,020,왕복오래달리기,20,30,556,0.0581
성인,25,29,세,M,심폐지구력,020,왕복오래달리기,30,40,417,0.0436
성인,25,29,세,M,심폐지구력,020,왕복오래달리기,40,50,1504,0.1571
성인,25,29,세,M,심폐지구력,020,왕복오래달리기,50,60,823,0.086
성인,25,29,세,M,심폐지구력,020,왕복오래달리기,60,70,1325,0.1384
성인,25,29,세,M,심폐지구력,020,왕복오래달리기,70,80,710,0.0742
성인,25,29,세,M,심폐지구력,020,왕복오래달리기,80,90,1271,0.1327
성인,25,29,세,M,심폐지구력,020,왕복오래달리기,90,100,1340,0.1399
성인,25,29,세,M,민첩성,021,10m4회왕복달리기,0,10,624,0.0757
성인,25,29,세,M,민첩성,021,10m4회왕복달리기,10,20,458,0.0556
성인,25,29,세,M,민첩성,021,10m4회왕복달리기,20,30,474,0.0575
성인,25,29,세,M,민첩성,021,10m4회왕복달리기,30,40,448,0.0544
성인,25,29,세,M,민첩성,021,10m4회왕복달리기,40,50,181,0.022
성인,25,29,세,M,민첩성,021,10m4회왕복달리기,50,60,97,0.0118
성인,25,29,세,M,민첩성,021,10m4회왕복달리기,60,70,1671,0.2028
성인,25,29,세,M,민첩성,021,10m4회왕복달리기,70,80,1562,0.1896
성인,25,29,세,M,민첩성,021,10m4회왕복달리기,80,90,1251,0.1518
성인,25,29,세,M,민첩성,021,10m4회왕복달리기,90,100,1474,0.1789
성인,25,29,세,M,순발력,022,제자리멀리뛰기,0,10,1216,0.0761
성인,25,29,세,M,순발력,022,제자리멀리뛰기,10,20,863,0.054
성인,25,29,세,M,순발력,022,제자리멀리뛰기,20,30,954,0.0597
성인,25,29,세,M,순발력,022,제자리멀리뛰기,30,40,733,0.0459
성인,25,29,세,M,순발력,022,제자리멀리뛰기,40,50,1121,0.0701
성인,25,29,세,M,순발력,022,제자리멀리뛰기,50,60,822,0.0514
성인,25,29,세,M,순발력,022,제자리멀리뛰기,60,70,2192,0.1372
성인,25,29,세,M,순발력,022,제자리멀리뛰기,70,80,1870,0.117
성인,25,29,세,M,순발력,022,제자리멀리뛰기,80,90,2867,0.1794
성인,25,29,세,M,순발력,022,제자리멀리뛰기,90,100,3344,0.2092
성인,25,29,세,M,근력,028,상대악력,0,10,1364,0.0526
성인,25,29,세,M,근력,028,상대악력,10,20,877,0.0338
성인,25,29,세,M,근력,028,상대악력,20,30,877,0.0338
성인,25,29,세,M,근력,028,상대악력,30,40,827,0.0319
성인,25,29,세,M,근력,028,상대악력,40,50,2143,0.0827
성인,25,29,세,M,근력,028,상대악력,50,60,2112,0.0815
성인,25,29,세,M,근력,028,상대악력,60,70,2702,0.1043
성인,25,29,세,M,근력,028,상대악력,70,80,2503,0.0966
성인,25,29,세,M,근력,028,상대악력,80,90,5800,0.2238
성인,25,29,세,M,근력,028,상대악력,90,100,6711,0.259
성인,25,29,세,M,심폐지구력,035,트레드밀VO2max,0,10,189,0.0593
성인,25,29,세,M,심폐지구력,035,트레드밀VO2max,10,20,119,0.0373
성인,25,29,세,M,심폐지구력,035,트레드밀VO2max,20,30,131,0.0411
성인,25,29,세,M,심폐지구력,035,트레드밀VO2max,30,40,115,0.0361
성인,25,29,세,M,심폐지구력,035,트레드밀VO2max,40,50,284,0.0891
성인,25,29,세,M,심폐지구력,035,트레드밀VO2max,50,60,273,0.0856
성인,25,29,세,M,심폐지구력,035,트레드밀VO2max,60,70,389,0.122
성인,25,29,세,M,심폐지구력,035,트레드밀VO2max,70,80,366,0.1148
성인,25,29,세,M,심폐지구력,035,트레드밀VO2max,80,90,609,0.191
성인,25,29,세,M,심폐지구력,035,트레드밀VO2max,90,100,713,0.2237
성인,25,29,세,M,심폐지구력,037,스텝검사VO2max,0,10,632,0.0479
성인,25,29,세,M,심폐지구력,037,스텝검사VO2max,10,20,371,0.0281
성인,25,29,세,M,심폐지구력,037,스텝검사VO2max,20,30,377,0.0286
성인,25,29,세,M,심폐지구력,037,스텝검사VO2max,30,40,362,0.0275
성인,25,29,세,M,심폐지구력,037,스텝검사VO2max,40,50,1107,0.084
성인,25,29,세,M,심폐지구력,037,스텝검사VO2max,50,60,1102,0.0836
성인,25,29,세,M,심폐지구력,037,스텝검사VO2max,60,70,1700,0.129
성인,25,29,세,M,심폐지구력,037,스텝검사VO2max,70,80,1633,0.1239
성인,25,29,세,M,심폐지구력,037,스텝검사VO2max,80,90,2655,0.2014
성인,25,29,세,M,심폐지구력,037,스텝검사VO2max,90,100,3244,0.2461
성인,25,29,세,M,민첩성,040,반응시간,0,10,1306,0.0756
성인,25,29,세,M,민첩성,040,반응시간,10,20,999,0.0578
성인,25,29,세,M,민첩성,040,반응시간,20,30,926,0.0536
성인,25,29,세,M,민첩성,040,반응시간,30,40,931,0.0539
성인,25,29,세,M,민첩성,040,반응시간,40,50,2594,0.1502
성인,25,29,세,M,민첩성,040,반응시간,50,60,2327,0.1347
성인,25,29,세,M,민첩성,040,반응시간,60,70,2452,0.142
성인,25,29,세,M,민첩성,040,반응시간,70,80,2289,0.1325
성인,25,29,세,M,민첩성,040,반응시간,80,90,1437,0.0832
성인,25,29,세,M,민첩성,040,반응시간,90,100,2011,0.1164
성인,25,29,세,M,순발력,041,성인체공시간,0,10,708,0.0741
성인,25,29,세,M,순발력,041,성인체공시간,10,20,563,0.0589
성인,25,29,세,M,순발력,041,성인체공시간,20,30,547,0.0573
성인,25,29,세,M,순발력,041,성인체공시간,30,40,516,0.054
성인,25,29,세,M,순발력,041,성인체공시간,40,50,936,0.098
성인,25,29,세,M,순발력,041,성인체공시간,50,60,1303,0.1364
성인,25,29,세,M,순발력,041,성인체공시간,60,70,1025,0.1073
성인,25,29,세,M,순발력,041,성인체공시간,70,80,1099,0.1151
성인,25,29,세,M,순발력,041,성인체공시간,80,90,1175,0.123
성인,25,29,세,M,순발력,041,성인체공시간,90,100,1680,0.1759
성인,25,29,세,F,유연성,012,앉아윗몸앞으로굽히기,0,10,1073,0.05
성인,25,29,세,F,유연성,012,앉아윗몸앞으로굽히기,10,20,665,0.031
성인,25,29,세,F,유연성,012,앉아윗몸앞으로굽히기,20,30,647,0.0301
성인,25,29,세,F,유연성,012,앉아윗몸앞으로굽히기,30,40,621,0.0289
성인,25,29,세,F,유연성,012,앉아윗몸앞으로굽히기,40,50,1938,0.0903
성인,25,29,세,F,유연성,012,앉아윗몸앞으로굽히기,50,60,1794,0.0836
성인,25,29,세,F,유연성,012,앉아윗몸앞으로굽히기,60,70,2492,0.1161
성인,25,29,세,F,유연성,012,앉아윗몸앞으로굽히기,70,80,2467,0.1149
성인,25,29,세,F,유연성,012,앉아윗몸앞으로굽히기,80,90,4453,0.2074
성인,25,29,세,F,유연성,012,앉아윗몸앞으로굽히기,90,100,5320,0.2478
성인,25,29,세,F,근지구력,019,교차윗몸일으키기,0,10,1583,0.0735
성인,25,29,세,F,근지구력,019,교차윗몸일으키기,10,20,1458,0.0677
성인,25,29,세,F,근지구력,019,교차윗몸일으키기,20,30,1268,0.0589
성인,25,29,세,F,근지구력,019,교차윗몸일으키기,30,40,527,0.0245
성인,25,29,세,F,근지구력,019,교차윗몸일으키기,40,50,2969,0.1378
성인,25,29,세,F,근지구력,019,교차윗몸일으키기,50,60,1400,0.065
성인,25,29,세,F,근지구력,019,교차윗몸일으키기,60,70,3139,0.1457
성인,25,29,세,F,근지구력,019,교차윗몸일으키기,70,80,1386,0.0643
성인,25,29,세,F,근지구력,019,교차윗몸일으키기,80,90,3685,0.1711
성인,25,29,세,F,근지구력,019,교차윗몸일으키기,90,100,4125,0.1915
성인,25,29,세,F,심폐지구력,020,왕복오래달리기,0,10,275,0.075
성인,25,29,세,F,심폐지구력,020,왕복오래달리기,10,20,254,0.0693
성인,25,29,세,F,심폐지구력,020,왕복오래달리기,20,30,155,0.0423
성인,25,29,세,F,심폐지구력,020,왕복오래달리기,30,40,137,0.0374
성인,25,29,세,F,심폐지구력,020,왕복오래달리기,40,50,492,0.1342
성인,25,29,세,F,심폐지구력,020,왕복오래달리기,50,60,405,0.1105
성인,25,29,세,F,심폐지구력,020,왕복오래달리기,60,70,487,0.1329
성인,25,29,세,F,심폐지구력,020,왕복오래달리기,70,80,167,0.0456
성인,25,29,세,F,심폐지구력,020,왕복오래달리기,80,90,618,0.1686
성인,25,29,세,F,심폐지구력,020,왕복오래달리기,90,100,675,0.1842
성인,25,29,세,F,근력,028,상대악력,0,10,675,0.0307
성인,25,29,세,F,근력,028,상대악력,10,20,243,0.011
성인,25,29,세,F,근력,028,상대악력,20,30,231,0.0105
성인,25,29,세,F,근력,028,상대악력,30,40,235,0.0107
성인,25,29,세,F,근력,028,상대악력,40,50,1121,0.0509
성인,25,29,세,F,근력,028,상대악력,50,60,1060,0.0482
성인,25,29,세,F,근력,028,상대악력,60,70,1973,0.0896
성인,25,29,세,F,근력,028,상대악력,70,80,1915,0.087
성인,25,29,세,F,근력,028,상대악력,80,90,6888,0.313
성인,25,29,세,F,근력,028,상대악력,90,100,7668,0.3484
성인,25,29,세,F,심폐지구력,035,트레드밀VO2max,0,10,101,0.0225
성인,25,29,세,F,심폐지구력,035,트레드밀VO2max,10,20,12,0.0027
성인,25,29,세,F,심폐지구력,035,트레드밀VO2max,20,30,13,0.0029
성인,25,29,세,F,심폐지구력,035,트레드밀VO2max,30,40,14,0.0031
성인,25,29,세,F,심폐지구력,035,트레드밀VO2max,40,50,117,0.0261
성인,25,29,세,F,심폐지구력,035,트레드밀VO2max,50,60,94,0.0209
성인,25,29,세,F,심폐지구력,035,트레드밀VO2max,60,70,281,0.0626
성인,25,29,세,F,심폐지구력,035,트레드밀VO2max,70,80,225,0.0501
성인,25,29,세,F,심폐지구력,035,트레드밀VO2max,80,90,1676,0.3734
성인,25,29,세,F,심폐지구력,035,트레드밀VO2max,90,100,1956,0.4357
성인,25,29,세,F,심폐지구력,037,스텝검사VO2max,0,10,377,0.0272
성인,25,29,세,F,심폐지구력,037,스텝검사VO2max,10,20,116,0.0084
성인,25,29,세,F,심폐지구력,037,스텝검사VO2max,20,30,115,0.0083
성인,25,29,세,F,심폐지구력,037,스텝검사VO2max,30,40,101,0.0073
성인,25,29,세,F,심폐지구력,037,스텝검사VO2max,40,50,587,0.0424
성인,25,29,세,F,심폐지구력,037,스텝검사VO2max,50,60,535,0.0386
성인,25,29,세,F,심폐지구력,037,스텝검사VO2max,60,70,1432,0.1033
성인,25,29,세,F,심폐지구력,037,스텝검사VO2max,70,80,1241,0.0895
성인,25,29,세,F,심폐지구력,037,스텝검사VO2max,80,90,4397,0.3172
성인,25,29,세,F,심폐지구력,037,스텝검사VO2max,90,100,4959,0.3578
성인,25,29,세,F,민첩성,040,반응시간,0,10,1327,0.0761
성인,25,29,세,F,민첩성,040,반응시간,10,20,986,0.0566
성인,25,29,세,F,민첩성,040,반응시간,20,30,1011,0.058
성인,25,29,세,F,민첩성,040,반응시간,30,40,897,0.0515
성인,25,29,세,F,민첩성,040,반응시간,40,50,1050,0.0602
성인,25,29,세,F,민첩성,040,반응시간,50,60,945,0.0542
성인,25,29,세,F,민첩성,040,반응시간,60,70,2837,0.1628
성인,25,29,세,F,민첩성,040,반응시간,70,80,2659,0.1526
성인,25,29,세,F,민첩성,040,반응시간,80,90,2523,0.1448
성인,25,29,세,F,민첩성,040,반응시간,90,100,3194,0.1833
성인,25,29,세,F,순발력,041,성인체공시간,0,10,719,0.0758
성인,25,29,세,F,순발력,041,성인체공시간,10,20,517,0.0545
성인,25,29,세,F,순발력,041,성인체공시간,20,30,512,0.054
성인,25,29,세,F,순발력,041,성인체공시간,30,40,553,0.0583
성인,25,29,세,F,순발력,041,성인체공시간,40,50,982,0.1035
성인,25,29,세,F,순발력,041,성인체공시간,50,60,854,0.09
성인,25,29,세,F,순발력,041,성인체공시간,60,70,1077,0.1135
성인,25,29,세,F,순발력,041,성인체공시간,70,80,1146,0.1208
성인,25,29,세,F,순발력,041,성인체공시간,80,90,1405,0.1481
성인,25,29,세,F,순발력,041,성인체공시간,90,100,1725,0.1818
성인,30,34,세,M,유연성,012,앉아윗몸앞으로굽히기,0,10,1931,0.0831
성인,30,34,세,M,유연성,012,앉아윗몸앞으로굽히기,10,20,1478,0.0636
성인,30,34,세,M,유연성,012,앉아윗몸앞으로굽히기,20,30,1550,0.0667
성인,30,34,세,M,유연성,012,앉아윗몸앞으로굽히기,30,40,1440,0.0619
성인,30,34,세,M,유연성,012,앉아윗몸앞으로굽히기,40,50,2280,0.0981
성인,30,34,세,M,유연성,012,앉아윗몸앞으로굽히기,50,60,2212,0.0951
성인,30,34,세,M,유연성,012,앉아윗몸앞으로굽히기,60,70,2697,0.116
성인,30,34,세,M,유연성,012,앉아윗몸앞으로굽히기,70,80,2482,0.1067
성인,30,34,세,M,유연성,012,앉아윗몸앞으로굽히기,80,90,3079,0.1324
성인,30,34,세,M,유연성,012,앉아윗몸앞으로굽히기,90,100,4102,0.1764
성인,30,34,세,M,근지구력,019,교차윗몸일으키기,0,10,1532,0.0656
성인,30,34,세,M,근지구력,019,교차윗몸일으키기,10,20,1466,0.0627
성인,30,34,세,M,근지구력,019,교차윗몸일으키기,20,30,830,0.0355
성인,30,34,세,M,근지구력,019,교차윗몸일으키기,30,40,913,0.0391
성인,30,34,세,M,근지구력,019,교차윗몸일으키기,40,50,2759,0.1181
성인,30,34,세,M,근지구력,019,교차윗몸일으키기,50,60,1521,0.0651
성인,30,34,세,M,근지구력,019,교차윗몸일으키기,60,70,3356,0.1436
성인,30,34,세,M,근지구력,019,교차윗몸일으키기,70,80,1644,0.0703
성인,30,34,세,M,근지구력,019,교차윗몸일으키기,80,90,4579,0.1959
성인,30,34,세,M,근지구력,019,교차윗몸일으키기,90,100,4770,0.2041
성인,30,34,세,M,심폐지구력,020,왕복오래달리기,0,10,529,0.076
성인,30,34,세,M,심폐지구력,020,왕복오래달리기,10,20,386,0.0555
성인,30,34,세,M,심폐지구력,020,왕복오래달리기,20,30,504,0.0724
성인,30,34,세,M,심폐지구력,020,왕복오래달리기,30,40,241,0.0346
성인,30,34,세,M,심폐지구력,020,왕복오래달리기,40,50,934,0.1342
성인,30,34,세,M,심폐지구력,020,왕복오래달리기,50,60,522,0.075
성인,30,34,세,M,심폐지구력,020,왕복오래달리기,60,70,1005,0.1444
성인,30,34,세,M,심폐지구력,020,왕복오래달리기,70,80,486,0.0698
성인,30,34,세,M,심폐지구력,020,왕복오래달리기,80,90,1149,0.1651
성인,30,34,세,M,심폐지구력,020,왕복오래달리기,90,100,1205,0.1731
성인,30,34,세,M,순발력,022,제자리멀리뛰기,0,10,1084,0.0739
성인,30,34,세,M,순발력,022,제자리멀리뛰기,10,20,790,0.0538
성인,30,34,세,M,순발력,022,제자리멀리뛰기,20,30,783,0.0534
성인,30,34,세,M,순발력,022,제자리멀리뛰기,30,40,767,0.0523
성인,30,34,세,M,순발력,022,제자리멀리뛰기,40,50,742,0.0506
성인,30,34,세,M,순발력,022,제자리멀리뛰기,50,60,423,0.0288
성인,30,34,세,M,순발력,022,제자리멀리뛰기,60,70,1831,0.1248
성인,30,34,세,M,순발력,022,제자리멀리뛰기,70,80,1944,0.1325
성인,30,34,세,M,순발력,022,제자리멀리뛰기,80,90,2750,0.1874
성인,30,34,세,M,순발력,022,제자리멀리뛰기,90,100,3561,0.2427
성인,30,34,세,M,근력,028,상대악력,0,10,1283,0.0543
성인,30,34,세,M,근력,028,상대악력,10,20,860,0.0364
성인,30,34,세,M,근력,028,상대악력,20,30,797,0.0337
성인,30,34,세,M,근력,028,상대악력,30,40,823,0.0348
성인,30,34,세,M,근력,028,상대악력,40,50,2078,0.0879
성인,30,34,세,M,근력,028,상대악력,50,60,1988,0.0841
성인,30,34,세,M,근력,028,상대악력,60,70,2566,0.1086
성인,30,34,세,M,근력,028,상대악력,70,80,2552,0.108
성인,30,34,세,M,근력,028,상대악력,80,90,4896,0.2072
성인,30,34,세,M,근력,028,상대악력,90,100,5790,0.245
성인,30,34,세,M,심폐지구력,035,트레드밀VO2max,0,10,157,0.0553
성인,30,34,세,M,심폐지구력,035,트레드밀VO2max,10,20,108,0.038
성인,30,34,세,M,심폐지구력,035,트레드밀VO2max,20,30,102,0.0359
성인,30,34,세,M,심폐지구력,035,트레드밀VO2max,30,40,89,0.0313
성인,30,34,세,M,심폐지구력,035,트레드밀VO2max,40,50,261,0.0919
성인,30,34,세,M,심폐지구력,035,트레드밀VO2max,50,60,236,0.0831
성인,30,34,세,M,심폐지구력,035,트레드밀VO2max,60,70,312,0.1099
성인,30,34,세,M,심폐지구력,035,트레드밀VO2max,70,80,281,0.0989
성인,30,34,세,M,심폐지구력,035,트레드밀VO2max,80,90,587,0.2067
성인,30,34,세,M,심폐지구력,035,트레드밀VO2max,90,100,707,0.2489
성인,30,34,세,M,심폐지구력,037,스텝검사VO2max,0,10,644,0.0466
성인,30,34,세,M,심폐지구력,037,스텝검사VO2max,10,20,385,0.0278
성인,30,34,세,M,심폐지구력,037,스텝검사VO2max,20,30,359,0.026
성인,30,34,세,M,심폐지구력,037,스텝검사VO2max,30,40,337,0.0244
성인,30,34,세,M,심폐지구력,037,스텝검사VO2max,40,50,1063,0.0769
성인,30,34,세,M,심폐지구력,037,스텝검사VO2max,50,60,923,0.0668
성인,30,34,세,M,심폐지구력,037,스텝검사VO2max,60,70,1548,0.112
성인,30,34,세,M,심폐지구력,037,스텝검사VO2max,70,80,1370,0.0991
성인,30,34,세,M,심폐지구력,037,스텝검사VO2max,80,90,3360,0.243
성인,30,34,세,M,심폐지구력,037,스텝검사VO2max,90,100,3836,0.2775
성인,30,34,세,M,민첩성,040,반응시간,0,10,1277,0.0761
성인,30,34,세,M,민첩성,040,반응시간,10,20,920,0.0549
성인,30,34,세,M,민첩성,040,반응시간,20,30,954,0.0569
성인,30,34,세,M,민첩성,040,반응시간,30,40,884,0.0527
성인,30,34,세,M,민첩성,040,반응시간,40,50,2411,0.1437
성인,30,34,세,M,민첩성,040,반응시간,50,60,2283,0.1361
성인,30,34,세,M,민첩성,040,반응시간,60,70,2307,0.1375
성인,30,34,세,M,민첩성,040,반응시간,70,80,2287,0.1364
성인,30,34,세,M,민첩성,040,반응시간,80,90,1395,0.0832
성인,30,34,세,M,민첩성,040,반응시간,90,100,2055,0.1225
성인,30,34,세,M,순발력,041,성인체공시간,0,10,632,0.0736
성인,30,34,세,M,순발력,041,성인체공시간,10,20,484,0.0563
성인,30,34,세,M,순발력,041,성인체공시간,20,30,487,0.0567
성인,30,34,세,M,순발력,041,성인체공시간,30,40,461,0.0537
성인,30,34,세,M,순발력,041,성인체공시간,40,50,825,0.096
성인,30,34,세,M,순발력,041,성인체공시간,50,60,779,0.0907
성인,30,34,세,M,순발력,041,성인체공시간,60,70,972,0.1131
성인,30,34,세,M,순발력,041,성인체공시간,70,80,1157,0.1347
성인,30,34,세,M,순발력,041,성인체공시간,80,90,1223,0.1423
성인,30,34,세,M,순발력,041,성인체공시간,90,100,1572,0.183
성인,30,34,세,F,유연성,012,앉아윗몸앞으로굽히기,0,10,590,0.0702
성인,30,34,세,F,유연성,012,앉아윗몸앞으로굽히기,10,20,422,0.0502
성인,30,34,세,F,유연성,012,앉아윗몸앞으로굽히기,20,30,415,0.0494
성인,30,34,세,F,유연성,012,앉아윗몸앞으로굽히기,30,40,411,0.0489
성인,30,34,세,F,유연성,012,앉아윗몸앞으로굽히기,40,50,730,0.0868
성인,30,34,세,F,유연성,012,앉아윗몸앞으로굽히기,50,60,670,0.0797
성인,30,34,세,F,유연성,012,앉아윗몸앞으로굽히기,60,70,887,0.1055
성인,30,34,세,F,유연성,012,앉아윗몸앞으로굽히기,70,80,845,0.1005
성인,30,34,세,F,유연성,012,앉아윗몸앞으로굽히기,80,90,1577,0.1875
성인,30,34,세,F,유연성,012,앉아윗몸앞으로굽히기,90,100,1862,0.2214
성인,30,34,세,F,근지구력,019,교차윗몸일으키기,0,10,537,0.0639
성인,30,34,세,F,근지구력,019,교차윗몸일으키기,10,20,353,0.042
성인,30,34,세,F,근지구력,019,교차윗몸일으키기,20,30,423,0.0503
성인,30,34,세,F,근지구력,019,교차윗몸일으키기,30,40,326,0.0388
성인,30,34,세,F,근지구력,019,교차윗몸일으키기,40,50,900,0.107
성인,30,34,세,F,근지구력,019,교차윗몸일으키기,50,60,492,0.0585
성인,30,34,세,F,근지구력,019,교차윗몸일으키기,60,70,1141,0.1357
성인,30,34,세,F,근지구력,019,교차윗몸일으키기,70,80,544,0.0647
성인,30,34,세,F,근지구력,019,교차윗몸일으키기,80,90,1783,0.2121
성인,30,34,세,F,근지구력,019,교차윗몸일으키기,90,100,1909,0.227
성인,30,34,세,F,심폐지구력,020,왕복오래달리기,0,10,121,0.0774
성인,30,34,세,F,심폐지구력,020,왕복오래달리기,10,20,150,0.0959
성인,30,34,세,F,심폐지구력,020,왕복오래달리기,20,30,48,0.0307
성인,30,34,세,F,심폐지구력,020,왕복오래달리기,30,40,84,0.0537
성인,30,34,세,F,심폐지구력,020,왕복오래달리기,40,50,242,0.1547
성인,30,34,세,F,심폐지구력,020,왕복오래달리기,50,60,107,0.0684
성인,30,34,세,F,심폐지구력,020,왕복오래달리기,60,70,179,0.1145
성인,30,34,세,F,심폐지구력,020,왕복오래달리기,70,80,90,0.0575
성인,30,34,세,F,심폐지구력,020,왕복오래달리기,80,90,251,0.1605
성인,30,34,세,F,심폐지구력,020,왕복오래달리기,90,100,292,0.1867
성인,30,34,세,F,순발력,022,제자리멀리뛰기,0,10,333,0.0758
성인,30,34,세,F,순발력,022,제자리멀리뛰기,10,20,251,0.0571
성인,30,34,세,F,순발력,022,제자리멀리뛰기,20,30,212,0.0482
성인,30,34,세,F,순발력,022,제자리멀리뛰기,30,40,237,0.0539
성인,30,34,세,F,순발력,022,제자리멀리뛰기,40,50,91,0.0207
성인,30,34,세,F,순발력,022,제자리멀리뛰기,50,60,114,0.0259
성인,30,34,세,F,순발력,022,제자리멀리뛰기,60,70,457,0.104
성인,30,34,세,F,순발력,022,제자리멀리뛰기,70,80,375,0.0853
성인,30,34,세,F,순발력,022,제자리멀리뛰기,80,90,1063,0.2418
성인,30,34,세,F,순발력,022,제자리멀리뛰기,90,100,1263,0.2873
성인,30,34,세,F,근력,028,상대악력,0,10,563,0.0631
성인,30,34,세,F,근력,028,상대악력,10,20,381,0.0427
성인,30,34,세,F,근력,028,상대악력,20,30,413,0.0463
성인,30,34,세,F,근력,028,상대악력,30,40,370,0.0414
성인,30,34,세,F,근력,028,상대악력,40,50,765,0.0857
성인,30,34,세,F,근력,028,상대악력,50,60,713,0.0799
성인,30,34,세,F,근력,028,상대악력,60,70,895,0.1003
성인,30,34,세,F,근력,028,상대악력,70,80,835,0.0935
성인,30,34,세,F,근력,028,상대악력,80,90,1838,0.2059
성인,30,34,세,F,근력,028,상대악력,90,100,2154,0.2413
성인,30,34,세,F,심폐지구력,035,트레드밀VO2max,0,10,54,0.0302
성인,30,34,세,F,심폐지구력,035,트레드밀VO2max,10,20,17,0.0095
성인,30,34,세,F,심폐지구력,035,트레드밀VO2max,20,30,18,0.0101
성인,30,34,세,F,심폐지구력,035,트레드밀VO2max,30,40,18,0.0101
성인,30,34,세,F,심폐지구력,035,트레드밀VO2max,40,50,64,0.0358
성인,30,34,세,F,심폐지구력,035,트레드밀VO2max,50,60,56,0.0313
성인,30,34,세,F,심폐지구력,035,트레드밀VO2max,60,70,119,0.0665
성인,30,34,세,F,심폐지구력,035,트레드밀VO2max,70,80,102,0.057
성인,30,34,세,F,심폐지구력,035,트레드밀VO2max,80,90,635,0.3549
성인,30,34,세,F,심폐지구력,035,트레드밀VO2max,90,100,706,0.3946
성인,30,34,세,F,심폐지구력,037,스텝검사VO2max,0,10,197,0.0354
성인,30,34,세,F,심폐지구력,037,스텝검사VO2max,10,20,93,0.0167
성인,30,34,세,F,심폐지구력,037,스텝검사VO2max,20,30,87,0.0156
성인,30,34,세,F,심폐지구력,037,스텝검사VO2max,30,40,87,0.0156
성인,30,34,세,F,심폐지구력,037,스텝검사VO2max,40,50,236,0.0424
성인,30,34,세,F,심폐지구력,037,스텝검사VO2max,50,60,238,0.0428
성인,30,34,세,F,심폐지구력,037,스텝검사VO2max,60,70,490,0.088
성인,30,34,세,F,심폐지구력,037,스텝검사VO2max,70,80,439,0.0789
성인,30,34,세,F,심폐지구력,037,스텝검사VO2max,80,90,1728,0.3105
성인,30,34,세,F,심폐지구력,037,스텝검사VO2max,90,100,1971,0.3541
성인,30,34,세,F,민첩성,040,반응시간,0,10,511,0.0757
성인,30,34,세,F,민첩성,040,반응시간,10,20,380,0.0563
성인,30,34,세,F,민첩성,040,반응시간,20,30,389,0.0576
성인,30,34,세,F,민첩성,040,반응시간,30,40,362,0.0536
성인,30,34,세,F,민첩성,040,반응시간,40,50,848,0.1256
성인,30,34,세,F,민첩성,040,반응시간,50,60,835,0.1237
성인,30,34,세,F,민첩성,040,반응시간,60,70,815,0.1207
성인,30,34,세,F,민첩성,040,반응시간,70,80,787,0.1166
성인,30,34,세,F,민첩성,040,반응시간,80,90,763,0.113
성인,30,34,세,F,민첩성,040,반응시간,90,100,1060,0.157
성인,30,34,세,F,순발력,041,성인체공시간,0,10,303,0.0757
성인,30,34,세,F,순발력,041,성인체공시간,10,20,167,0.0417
성인,30,34,세,F,순발력,041,성인체공시간,20,30,285,0.0712
성인,30,34,세,F,순발력,041,성인체공시간,30,40,212,0.053
성인,30,34,세,F,순발력,041,성인체공시간,40,50,407,0.1017
성인,30,34,세,F,순발력,041,성인체공시간,50,60,383,0.0957
성인,30,34,세,F,순발력,041,성인체공시간,60,70,513,0.1282
성인,30,34,세,F,순발력,041,성인체공시간,70,80,448,0.112
성인,30,34,세,F,순발력,041,성인체공시간,80,90,584,0.146
성인,30,34,세,F,순발력,041,성인체공시간,90,100,699,0.1747
성인,35,39,세,M,유연성,012,앉아윗몸앞으로굽히기,0,10,1270,0.0841
성인,35,39,세,M,유연성,012,앉아윗몸앞으로굽히기,10,20,969,0.0642
성인,35,39,세,M,유연성,012,앉아윗몸앞으로굽히기,20,30,949,0.0629
성인,35,39,세,M,유연성,012,앉아윗몸앞으로굽히기,30,40,949,0.0629
성인,35,39,세,M,유연성,012,앉아윗몸앞으로굽히기,40,50,1443,0.0956
성인,35,39,세,M,유연성,012,앉아윗몸앞으로굽히기,50,60,1400,0.0927
성인,35,39,세,M,유연성,012,앉아윗몸앞으로굽히기,60,70,1756,0.1163
성인,35,39,세,M,유연성,012,앉아윗몸앞으로굽히기,70,80,1600,0.106
성인,35,39,세,M,유연성,012,앉아윗몸앞으로굽히기,80,90,2090,0.1384
성인,35,39,세,M,유연성,012,앉아윗몸앞으로굽히기,90,100,2671,0.1769
성인,35,39,세,M,근지구력,019,교차윗몸일으키기,0,10,969,0.064
성인,35,39,세,M,근지구력,019,교차윗몸일으키기,10,20,826,0.0546
성인,35,39,세,M,근지구력,019,교차윗몸일으키기,20,30,789,0.0521
성인,35,39,세,M,근지구력,019,교차윗몸일으키기,30,40,307,0.0203
성인,35,39,세,M,근지구력,019,교차윗몸일으키기,40,50,1382,0.0913
성인,35,39,세,M,근지구력,019,교차윗몸일으키기,50,60,1325,0.0875
성인,35,39,세,M,근지구력,019,교차윗몸일으키기,60,70,2162,0.1428
성인,35,39,세,M,근지구력,019,교차윗몸일으키기,70,80,985,0.0651
성인,35,39,세,M,근지구력,019,교차윗몸일으키기,80,90,2919,0.1928
성인,35,39,세,M,근지구력,019,교차윗몸일으키기,90,100,3476,0.2296
성인,35,39,세,M,심폐지구력,020,왕복오래달리기,0,10,313,0.0728
성인,35,39,세,M,심폐지구력,020,왕복오래달리기,10,20,258,0.06
성인,35,39,세,M,심폐지구력,020,왕복오래달리기,20,30,249,0.0579
성인,35,39,세,M,심폐지구력,020,왕복오래달리기,30,40,106,0.0247
성인,35,39,세,M,심폐지구력,020,왕복오래달리기,40,50,524,0.1219
성인,35,39,세,M,심폐지구력,020,왕복오래달리기,50,60,465,0.1082
성인,35,39,세,M,심폐지구력,020,왕복오래달리기,60,70,561,0.1305
성인,35,39,세,M,심폐지구력,020,왕복오래달리기,70,80,248,0.0577
성인,35,39,세,M,심폐지구력,020,왕복오래달리기,80,90,783,0.1822
성인,35,39,세,M,심폐지구력,020,왕복오래달리기,90,100,791,0.184
성인,35,39,세,M,순발력,022,제자리멀리뛰기,0,10,725,0.0747
성인,35,39,세,M,순발력,022,제자리멀리뛰기,10,20,568,0.0586
성인,35,39,세,M,순발력,022,제자리멀리뛰기,20,30,498,0.0513
성인,35,39,세,M,순발력,022,제자리멀리뛰기,30,40,479,0.0494
성인,35,39,세,M,순발력,022,제자리멀리뛰기,40,50,142,0.0146
성인,35,39,세,M,순발력,022,제자리멀리뛰기,50,60,149,0.0154
성인,35,39,세,M,순발력,022,제자리멀리뛰기,60,70,1270,0.1309
성인,35,39,세,M,순발력,022,제자리멀리뛰기,70,80,1135,0.117
성인,35,39,세,M,순발력,022,제자리멀리뛰기,80,90,2275,0.2345
성인,35,39,세,M,순발력,022,제자리멀리뛰기,90,100,2460,0.2536
성인,35,39,세,M,근력,028,상대악력,0,10,791,0.0513
성인,35,39,세,M,근력,028,상대악력,10,20,489,0.0317
성인,35,39,세,M,근력,028,상대악력,20,30,456,0.0296
성인,35,39,세,M,근력,028,상대악력,30,40,476,0.0309
성인,35,39,세,M,근력,028,상대악력,40,50,1374,0.0891
성인,35,39,세,M,근력,028,상대악력,50,60,1291,0.0837
성인,35,39,세,M,근력,028,상대악력,60,70,1728,0.112
성인,35,39,세,M,근력,028,상대악력,70,80,1654,0.1072
성인,35,39,세,M,근력,028,상대악력,80,90,3305,0.2142
성인,35,39,세,M,근력,028,상대악력,90,100,3863,0.2504
성인,35,39,세,M,심폐지구력,035,트레드밀VO2max,0,10,107,0.0616
성인,35,39,세,M,심폐지구력,035,트레드밀VO2max,10,20,71,0.0409
성인,35,39,세,M,심폐지구력,035,트레드밀VO2max,20,30,73,0.042
성인,35,39,세,M,심폐지구력,035,트레드밀VO2max,30,40,57,0.0328
성인,35,39,세,M,심폐지구력,035,트레드밀VO2max,40,50,147,0.0846
성인,35,39,세,M,심폐지구력,035,트레드밀VO2max,50,60,120,0.069
성인,35,39,세,M,심폐지구력,035,트레드밀VO2max,60,70,214,0.1231
성인,35,39,세,M,심폐지구력,035,트레드밀VO2max,70,80,177,0.1018
성인,35,39,세,M,심폐지구력,035,트레드밀VO2max,80,90,347,0.1997
성인,35,39,세,M,심폐지구력,035,트레드밀VO2max,90,100,425,0.2445
성인,35,39,세,M,심폐지구력,037,스텝검사VO2max,0,10,468,0.0498
성인,35,39,세,M,심폐지구력,037,스텝검사VO2max,10,20,294,0.0313
성인,35,39,세,M,심폐지구력,037,스텝검사VO2max,20,30,283,0.0301
성인,35,39,세,M,심폐지구력,037,스텝검사VO2max,30,40,263,0.028
성인,35,39,세,M,심폐지구력,037,스텝검사VO2max,40,50,733,0.078
성인,35,39,세,M,심폐지구력,037,스텝검사VO2max,50,60,703,0.0748
성인,35,39,세,M,심폐지구력,037,스텝검사VO2max,60,70,1063,0.1132
성인,35,39,세,M,심폐지구력,037,스텝검사VO2max,70,80,927,0.0987
성인,35,39,세,M,심폐지구력,037,스텝검사VO2max,80,90,2185,0.2326
성인,35,39,세,M,심폐지구력,037,스텝검사VO2max,90,100,2475,0.2635
성인,35,39,세,M,민첩성,040,반응시간,0,10,851,0.0761
성인,35,39,세,M,민첩성,040,반응시간,10,20,609,0.0545
성인,35,39,세,M,민첩성,040,반응시간,20,30,643,0.0575
성인,35,39,세,M,민첩성,040,반응시간,30,40,601,0.0537
성인,35,39,세,M,민첩성,040,반응시간,40,50,1569,0.1403
성인,35,39,세,M,민첩성,040,반응시간,50,60,1474,0.1318
성인,35,39,세,M,민첩성,040,반응시간,60,70,1368,0.1223
성인,35,39,세,M,민첩성,040,반응시간,70,80,1223,0.1094
성인,35,39,세,M,민첩성,040,반응시간,80,90,1197,0.107
성인,35,39,세,M,민첩성,040,반응시간,90,100,1647,0.1473
성인,35,39,세,M,순발력,041,성인체공시간,0,10,406,0.0755
성인,35,39,세,M,순발력,041,성인체공시간,10,20,261,0.0485
성인,35,39,세,M,순발력,041,성인체공시간,20,30,340,0.0632
성인,35,39,세,M,순발력,041,성인체공시간,30,40,196,0.0364
성인,35,39,세,M,순발력,041,성인체공시간,40,50,753,0.14
성인,35,39,세,M,순발력,041,성인체공시간,50,60,585,0.1088
성인,35,39,세,M,순발력,041,성인체공시간,60,70,673,0.1251
성인,35,39,세,M,순발력,041,성인체공시간,70,80,565,0.105
성인,35,39,세,M,순발력,041,성인체공시간,80,90,704,0.1309
성인,35,39,세,M,순발력,041,성인체공시간,90,100,896,0.1666
성인,35,39,세,F,유연성,012,앉아윗몸앞으로굽히기,0,10,450,0.0798
성인,35,39,세,F,유연성,012,앉아윗몸앞으로굽히기,10,20,356,0.0632
성인,35,39,세,F,유연성,012,앉아윗몸앞으로굽히기,20,30,349,0.0619
성인,35,39,세,F,유연성,012,앉아윗몸앞으로굽히기,30,40,336,0.0596
성인,35,39,세,F,유연성,012,앉아윗몸앞으로굽히기,40,50,480,0.0852
성인,35,39,세,F,유연성,012,앉아윗몸앞으로굽히기,50,60,468,0.083
성인,35,39,세,F,유연성,012,앉아윗몸앞으로굽히기,60,70,620,0.11
성인,35,39,세,F,유연성,012,앉아윗몸앞으로굽히기,70,80,566,0.1004
성인,35,39,세,F,유연성,012,앉아윗몸앞으로굽히기,80,90,905,0.1606
성인,35,39,세,F,유연성,012,앉아윗몸앞으로굽히기,90,100,1106,0.1962
성인,35,39,세,F,근지구력,019,교차윗몸일으키기,0,10,465,0.0826
성인,35,39,세,F,근지구력,019,교차윗몸일으키기,10,20,292,0.0518
성인,35,39,세,F,근지구력,019,교차윗몸일으키기,20,30,309,0.0549
성인,35,39,세,F,근지구력,019,교차윗몸일으키기,30,40,264,0.0469
성인,35,39,세,F,근지구력,019,교차윗몸일으키기,40,50,529,0.0939
성인,35,39,세,F,근지구력,019,교차윗몸일으키기,50,60,515,0.0914
성인,35,39,세,F,근지구력,019,교차윗몸일으키기,60,70,757,0.1344
성인,35,39,세,F,근지구력,019,교차윗몸일으키기,70,80,350,0.0621
성인,35,39,세,F,근지구력,019,교차윗몸일으키기,80,90,947,0.1681
성인,35,39,세,F,근지구력,019,교차윗몸일으키기,90,100,1204,0.2138
성인,35,39,세,F,심폐지구력,020,왕복오래달리기,0,10,103,0.0934
성인,35,39,세,F,심폐지구력,020,왕복오래달리기,10,20,94,0.0852
성인,35,39,세,F,심폐지구력,020,왕복오래달리기,20,30,77,0.0698
성인,35,39,세,F,심폐지구력,020,왕복오래달리기,30,40,35,0.0317
성인,35,39,세,F,심폐지구력,020,왕복오래달리기,40,50,198,0.1795
성인,35,39,세,F,심폐지구력,020,왕복오래달리기,50,60,71,0.0644
성인,35,39,세,F,심폐지구력,020,왕복오래달리기,60,70,115,0.1043
성인,35,39,세,F,심폐지구력,020,왕복오래달리기,70,80,57,0.0517
성인,35,39,세,F,심폐지구력,020,왕복오래달리기,80,90,173,0.1568
성인,35,39,세,F,심폐지구력,020,왕복오래달리기,90,100,180,0.1632
성인,35,39,세,F,순발력,022,제자리멀리뛰기,0,10,220,0.0761
성인,35,39,세,F,순발력,022,제자리멀리뛰기,10,20,147,0.0509
성인,35,39,세,F,순발력,022,제자리멀리뛰기,20,30,178,0.0616
성인,35,39,세,F,순발력,022,제자리멀리뛰기,30,40,122,0.0422
성인,35,39,세,F,순발력,022,제자리멀리뛰기,40,50,232,0.0803
성인,35,39,세,F,순발력,022,제자리멀리뛰기,50,60,141,0.0488
성인,35,39,세,F,순발력,022,제자리멀리뛰기,60,70,288,0.0997
성인,35,39,세,F,순발력,022,제자리멀리뛰기,70,80,269,0.0931
성인,35,39,세,F,순발력,022,제자리멀리뛰기,80,90,599,0.2073
성인,35,39,세,F,순발력,022,제자리멀리뛰기,90,100,694,0.2401
성인,35,39,세,F,근력,028,상대악력,0,10,331,0.0544
성인,35,39,세,F,근력,028,상대악력,10,20,216,0.0355
성인,35,39,세,F,근력,028,상대악력,20,30,210,0.0345
성인,35,39,세,F,근력,028,상대악력,30,40,213,0.035
성인,35,39,세,F,근력,028,상대악력,40,50,448,0.0736
성인,35,39,세,F,근력,028,상대악력,50,60,439,0.0722
성인,35,39,세,F,근력,028,상대악력,60,70,600,0.0986
성인,35,39,세,F,근력,028,상대악력,70,80,576,0.0947
성인,35,39,세,F,근력,028,상대악력,80,90,1412,0.2321
성인,35,39,세,F,근력,028,상대악력,90,100,1638,0.2693
성인,35,39,세,F,심폐지구력,035,트레드밀VO2max,0,10,39,0.0326
성인,35,39,세,F,심폐지구력,035,트레드밀VO2max,10,20,18,0.0151
성인,35,39,세,F,심폐지구력,035,트레드밀VO2max,20,30,17,0.0142
성인,35,39,세,F,심폐지구력,035,트레드밀VO2max,30,40,17,0.0142
성인,35,39,세,F,심폐지구력,035,트레드밀VO2max,40,50,39,0.0326
성인,35,39,세,F,심폐지구력,035,트레드밀VO2max,50,60,39,0.0326
성인,35,39,세,F,심폐지구력,035,트레드밀VO2max,60,70,89,0.0744
성인,35,39,세,F,심폐지구력,035,트레드밀VO2max,70,80,85,0.0711
성인,35,39,세,F,심폐지구력,035,트레드밀VO2max,80,90,405,0.3386
성인,35,39,세,F,심폐지구력,035,트레드밀VO2max,90,100,448,0.3746
성인,35,39,세,F,심폐지구력,037,스텝검사VO2max,0,10,161,0.0425
성인,35,39,세,F,심폐지구력,037,스텝검사VO2max,10,20,82,0.0216
성인,35,39,세,F,심폐지구력,037,스텝검사VO2max,20,30,91,0.024
성인,35,39,세,F,심폐지구력,037,스텝검사VO2max,30,40,75,0.0198
성인,35,39,세,F,심폐지구력,037,스텝검사VO2max,40,50,196,0.0517
성인,35,39,세,F,심폐지구력,037,스텝검사VO2max,50,60,161,0.0425
성인,35,39,세,F,심폐지구력,037,스텝검사VO2max,60,70,355,0.0937
성인,35,39,세,F,심폐지구력,037,스텝검사VO2max,70,80,318,0.0839
성인,35,39,세,F,심폐지구력,037,스텝검사VO2max,80,90,1091,0.288
성인,35,39,세,F,심폐지구력,037,스텝검사VO2max,90,100,1258,0.3321
성인,35,39,세,F,민첩성,040,반응시간,0,10,343,0.0761
성인,35,39,세,F,민첩성,040,반응시간,10,20,246,0.0546
성인,35,39,세,F,민첩성,040,반응시간,20,30,256,0.0568
성인,35,39,세,F,민첩성,040,반응시간,30,40,239,0.053
성인,35,39,세,F,민첩성,040,반응시간,40,50,497,0.1102
성인,35,39,세,F,민첩성,040,반응시간,50,60,482,0.1069
성인,35,39,세,F,민첩성,040,반응시간,60,70,641,0.1422
성인,35,39,세,F,민첩성,040,반응시간,70,80,613,0.136
성인,35,39,세,F,민첩성,040,반응시간,80,90,510,0.1131
성인,35,39,세,F,민첩성,040,반응시간,90,100,682,0.1513
성인,35,39,세,F,순발력,041,성인체공시간,0,10,211,0.0777
성인,35,39,세,F,순발력,041,성인체공시간,10,20,127,0.0467
성인,35,39,세,F,순발력,041,성인체공시간,20,30,185,0.0681
성인,35,39,세,F,순발력,041,성인체공시간,30,40,103,0.0379
성인,35,39,세,F,순발력,041,성인체공시간,40,50,286,0.1053
성인,35,39,세,F,순발력,041,성인체공시간,50,60,230,0.0847
성인,35,39,세,F,순발력,041,성인체공시간,60,70,383,0.141
성인,35,39,세,F,순발력,041,성인체공시간,70,80,361,0.1329
성인,35,39,세,F,순발력,041,성인체공시간,80,90,355,0.1307
성인,35,39,세,F,순발력,041,성인체공시간,90,100,476,0.1752
성인,40,44,세,M,유연성,012,앉아윗몸앞으로굽히기,0,10,1023,0.082
성인,40,44,세,M,유연성,012,앉아윗몸앞으로굽히기,10,20,780,0.0625
성인,40,44,세,M,유연성,012,앉아윗몸앞으로굽히기,20,30,774,0.0621
성인,40,44,세,M,유연성,012,앉아윗몸앞으로굽히기,30,40,766,0.0614
성인,40,44,세,M,유연성,012,앉아윗몸앞으로굽히기,40,50,1249,0.1001
성인,40,44,세,M,유연성,012,앉아윗몸앞으로굽히기,50,60,1194,0.0957
성인,40,44,세,M,유연성,012,앉아윗몸앞으로굽히기,60,70,1405,0.1126
성인,40,44,세,M,유연성,012,앉아윗몸앞으로굽히기,70,80,1298,0.1041
성인,40,44,세,M,유연성,012,앉아윗몸앞으로굽히기,80,90,1718,0.1377
성인,40,44,세,M,유연성,012,앉아윗몸앞으로굽히기,90,100,2266,0.1817
성인,40,44,세,M,근지구력,019,교차윗몸일으키기,0,10,979,0.0783
성인,40,44,세,M,근지구력,019,교차윗몸일으키기,10,20,611,0.0489
성인,40,44,세,M,근지구력,019,교차윗몸일으키기,20,30,959,0.0767
성인,40,44,세,M,근지구력,019,교차윗몸일으키기,30,40,321,0.0257
성인,40,44,세,M,근지구력,019,교차윗몸일으키기,40,50,1713,0.137
성인,40,44,세,M,근지구력,019,교차윗몸일으키기,50,60,795,0.0636
성인,40,44,세,M,근지구력,019,교차윗몸일으키기,60,70,1778,0.1422
성인,40,44,세,M,근지구력,019,교차윗몸일으키기,70,80,780,0.0624
성인,40,44,세,M,근지구력,019,교차윗몸일으키기,80,90,2288,0.183
성인,40,44,세,M,근지구력,019,교차윗몸일으키기,90,100,2282,0.1825
성인,40,44,세,M,심폐지구력,020,왕복오래달리기,0,10,265,0.08
성인,40,44,세,M,심폐지구력,020,왕복오래달리기,10,20,219,0.0661
성인,40,44,세,M,심폐지구력,020,왕복오래달리기,20,30,208,0.0628
성인,40,44,세,M,심폐지구력,020,왕복오래달리기,30,40,124,0.0374
성인,40,44,세,M,심폐지구력,020,왕복오래달리기,40,50,472,0.1425
성인,40,44,세,M,심폐지구력,020,왕복오래달리기,50,60,280,0.0845
성인,40,44,세,M,심폐지구력,020,왕복오래달리기,60,70,382,0.1153
성인,40,44,세,M,심폐지구력,020,왕복오래달리기,70,80,142,0.0429
성인,40,44,세,M,심폐지구력,020,왕복오래달리기,80,90,623,0.188
성인,40,44,세,M,심폐지구력,020,왕복오래달리기,90,100,598,0.1805
성인,40,44,세,M,근력,028,상대악력,0,10,666,0.0517
성인,40,44,세,M,근력,028,상대악력,10,20,409,0.0317
성인,40,44,세,M,근력,028,상대악력,20,30,379,0.0294
성인,40,44,세,M,근력,028,상대악력,30,40,415,0.0322
성인,40,44,세,M,근력,028,상대악력,40,50,1127,0.0875
성인,40,44,세,M,근력,028,상대악력,50,60,1110,0.0862
성인,40,44,세,M,근력,028,상대악력,60,70,1488,0.1155
성인,40,44,세,M,근력,028,상대악력,70,80,1426,0.1107
성인,40,44,세,M,근력,028,상대악력,80,90,2691,0.2089
성인,40,44,세,M,근력,028,상대악력,90,100,3172,0.2462
성인,40,44,세,M,심폐지구력,035,트레드밀VO2max,0,10,86,0.059
성인,40,44,세,M,심폐지구력,035,트레드밀VO2max,10,20,61,0.0418
성인,40,44,세,M,심폐지구력,035,트레드밀VO2max,20,30,53,0.0364
성인,40,44,세,M,심폐지구력,035,트레드밀VO2max,30,40,60,0.0412
성인,40,44,세,M,심폐지구력,035,트레드밀VO2max,40,50,125,0.0857
성인,40,44,세,M,심폐지구력,035,트레드밀VO2max,50,60,113,0.0775
성인,40,44,세,M,심폐지구력,035,트레드밀VO2max,60,70,149,0.1022
성인,40,44,세,M,심폐지구력,035,트레드밀VO2max,70,80,143,0.0981
성인,40,44,세,M,심폐지구력,035,트레드밀VO2max,80,90,305,0.2092
성인,40,44,세,M,심폐지구력,035,트레드밀VO2max,90,100,363,0.249
성인,40,44,세,M,심폐지구력,037,스텝검사VO2max,0,10,413,0.051
성인,40,44,세,M,심폐지구력,037,스텝검사VO2max,10,20,250,0.0309
성인,40,44,세,M,심폐지구력,037,스텝검사VO2max,20,30,268,0.0331
성인,40,44,세,M,심폐지구력,037,스텝검사VO2max,30,40,212,0.0262
성인,40,44,세,M,심폐지구력,037,스텝검사VO2max,40,50,687,0.0848
성인,40,44,세,M,심폐지구력,037,스텝검사VO2max,50,60,628,0.0775
성인,40,44,세,M,심폐지구력,037,스텝검사VO2max,60,70,929,0.1147
성인,40,44,세,M,심폐지구력,037,스텝검사VO2max,70,80,781,0.0964
성인,40,44,세,M,심폐지구력,037,스텝검사VO2max,80,90,1795,0.2216
성인,40,44,세,M,심폐지구력,037,스텝검사VO2max,90,100,2137,0.2638
성인,40,44,세,M,민첩성,040,반응시간,0,10,724,0.077
성인,40,44,세,M,민첩성,040,반응시간,10,20,533,0.0567
성인,40,44,세,M,민첩성,040,반응시간,20,30,497,0.0528
성인,40,44,세,M,민첩성,040,반응시간,30,40,519,0.0552
성인,40,44,세,M,민첩성,040,반응시간,40,50,1030,0.1095
성인,40,44,세,M,민첩성,040,반응시간,50,60,1015,0.1079
성인,40,44,세,M,민첩성,040,반응시간,60,70,1114,0.1184
성인,40,44,세,M,민첩성,040,반응시간,70,80,1060,0.1127
성인,40,44,세,M,민첩성,040,반응시간,80,90,1274,0.1354
성인,40,44,세,M,민첩성,040,반응시간,90,100,1640,0.1744
성인,40,44,세,M,순발력,041,성인체공시간,0,10,339,0.0771
성인,40,44,세,M,순발력,041,성인체공시간,10,20,245,0.0557
성인,40,44,세,M,순발력,041,성인체공시간,20,30,244,0.0555
성인,40,44,세,M,순발력,041,성인체공시간,30,40,242,0.055
성인,40,44,세,M,순발력,041,성인체공시간,40,50,134,0.0305
성인,40,44,세,M,순발력,041,성인체공시간,50,60,242,0.055
성인,40,44,세,M,순발력,041,성인체공시간,60,70,419,0.0953
성인,40,44,세,M,순발력,041,성인체공시간,70,80,395,0.0898
성인,40,44,세,M,순발력,041,성인체공시간,80,90,990,0.2251
성인,40,44,세,M,순발력,041,성인체공시간,90,100,1148,0.261
성인,40,44,세,F,유연성,012,앉아윗몸앞으로굽히기,0,10,572,0.0863
성인,40,44,세,F,유연성,012,앉아윗몸앞으로굽히기,10,20,443,0.0668
성인,40,44,세,F,유연성,012,앉아윗몸앞으로굽히기,20,30,451,0.068
성인,40,44,세,F,유연성,012,앉아윗몸앞으로굽히기,30,40,428,0.0646
성인,40,44,세,F,유연성,012,앉아윗몸앞으로굽히기,40,50,602,0.0908
성인,40,44,세,F,유연성,012,앉아윗몸앞으로굽히기,50,60,564,0.0851
성인,40,44,세,F,유연성,012,앉아윗몸앞으로굽히기,60,70,656,0.099
성인,40,44,세,F,유연성,012,앉아윗몸앞으로굽히기,70,80,649,0.0979
성인,40,44,세,F,유연성,012,앉아윗몸앞으로굽히기,80,90,1013,0.1528
성인,40,44,세,F,유연성,012,앉아윗몸앞으로굽히기,90,100,1251,0.1887
성인,40,44,세,F,근지구력,019,교차윗몸일으키기,0,10,616,0.0928
성인,40,44,세,F,근지구력,019,교차윗몸일으키기,10,20,404,0.0609
성인,40,44,세,F,근지구력,019,교차윗몸일으키기,20,30,441,0.0664
성인,40,44,세,F,근지구력,019,교차윗몸일으키기,30,40,313,0.0472
성인,40,44,세,F,근지구력,019,교차윗몸일으키기,40,50,896,0.135
성인,40,44,세,F,근지구력,019,교차윗몸일으키기,50,60,456,0.0687
성인,40,44,세,F,근지구력,019,교차윗몸일으키기,60,70,747,0.1126
성인,40,44,세,F,근지구력,019,교차윗몸일으키기,70,80,380,0.0573
성인,40,44,세,F,근지구력,019,교차윗몸일으키기,80,90,1097,0.1653
성인,40,44,세,F,근지구력,019,교차윗몸일으키기,90,100,1287,0.1939
성인,40,44,세,F,심폐지구력,020,왕복오래달리기,0,10,146,0.109
성인,40,44,세,F,심폐지구력,020,왕복오래달리기,10,20,136,0.1016
성인,40,44,세,F,심폐지구력,020,왕복오래달리기,20,30,99,0.0739
성인,40,44,세,F,심폐지구력,020,왕복오래달리기,30,40,50,0.0373
성인,40,44,세,F,심폐지구력,020,왕복오래달리기,40,50,275,0.2054
성인,40,44,세,F,심폐지구력,020,왕복오래달리기,50,60,107,0.0799
성인,40,44,세,F,심폐지구력,020,왕복오래달리기,60,70,135,0.1008
성인,40,44,세,F,심폐지구력,020,왕복오래달리기,70,80,31,0.0232
성인,40,44,세,F,심폐지구력,020,왕복오래달리기,80,90,182,0.1359
성인,40,44,세,F,심폐지구력,020,왕복오래달리기,90,100,178,0.1329
성인,40,44,세,F,민첩성,021,10m4회왕복달리기,0,10,98,0.0767
성인,40,44,세,F,민첩성,021,10m4회왕복달리기,10,20,71,0.0556
성인,40,44,세,F,민첩성,021,10m4회왕복달리기,20,30,70,0.0548
성인,40,44,세,F,민첩성,021,10m4회왕복달리기,30,40,62,0.0485
성인,40,44,세,F,민첩성,021,10m4회왕복달리기,40,50,42,0.0329
성인,40,44,세,F,민첩성,021,10m4회왕복달리기,50,60,9,0.007
성인,40,44,세,F,민첩성,021,10m4회왕복달리기,60,70,194,0.1518
성인,40,44,세,F,민첩성,021,10m4회왕복달리기,70,80,157,0.1228
성인,40,44,세,F,민첩성,021,10m4회왕복달리기,80,90,250,0.1956
성인,40,44,세,F,민첩성,021,10m4회왕복달리기,90,100,325,0.2543
성인,40,44,세,F,순발력,022,제자리멀리뛰기,0,10,274,0.0767
성인,40,44,세,F,순발력,022,제자리멀리뛰기,10,20,200,0.056
성인,40,44,세,F,순발력,022,제자리멀리뛰기,20,30,188,0.0526
성인,40,44,세,F,순발력,022,제자리멀리뛰기,30,40,199,0.0557
성인,40,44,세,F,순발력,022,제자리멀리뛰기,40,50,297,0.0831
성인,40,44,세,F,순발력,022,제자리멀리뛰기,50,60,215,0.0602
성인,40,44,세,F,순발력,022,제자리멀리뛰기,60,70,396,0.1109
성인,40,44,세,F,순발력,022,제자리멀리뛰기,70,80,295,0.0826
성인,40,44,세,F,순발력,022,제자리멀리뛰기,80,90,690,0.1932
성인,40,44,세,F,순발력,022,제자리멀리뛰기,90,100,818,0.229
성인,40,44,세,F,근력,028,상대악력,0,10,386,0.0531
성인,40,44,세,F,근력,028,상대악력,10,20,234,0.0322
성인,40,44,세,F,근력,028,상대악력,20,30,250,0.0344
성인,40,44,세,F,근력,028,상대악력,30,40,211,0.0291
성인,40,44,세,F,근력,028,상대악력,40,50,514,0.0708
성인,40,44,세,F,근력,028,상대악력,50,60,511,0.0704
성인,40,44,세,F,근력,028,상대악력,60,70,701,0.0965
성인,40,44,세,F,근력,028,상대악력,70,80,672,0.0925
성인,40,44,세,F,근력,028,상대악력,80,90,1745,0.2403
성인,40,44,세,F,근력,028,상대악력,90,100,2039,0.2807
성인,40,44,세,F,심폐지구력,035,트레드밀VO2max,0,10,51,0.0381
성인,40,44,세,F,심폐지구력,035,트레드밀VO2max,10,20,21,0.0157
성인,40,44,세,F,심폐지구력,035,트레드밀VO2max,20,30,21,0.0157
성인,40,44,세,F,심폐지구력,035,트레드밀VO2max,30,40,24,0.0179
성인,40,44,세,F,심폐지구력,035,트레드밀VO2max,40,50,52,0.0388
성인,40,44,세,F,심폐지구력,035,트레드밀VO2max,50,60,43,0.0321
성인,40,44,세,F,심폐지구력,035,트레드밀VO2max,60,70,102,0.0761
성인,40,44,세,F,심폐지구력,035,트레드밀VO2max,70,80,95,0.0709
성인,40,44,세,F,심폐지구력,035,트레드밀VO2max,80,90,434,0.3239
성인,40,44,세,F,심폐지구력,035,트레드밀VO2max,90,100,497,0.3709
성인,40,44,세,F,심폐지구력,037,스텝검사VO2max,0,10,229,0.0501
성인,40,44,세,F,심폐지구력,037,스텝검사VO2max,10,20,145,0.0317
성인,40,44,세,F,심폐지구력,037,스텝검사VO2max,20,30,155,0.0339
성인,40,44,세,F,심폐지구력,037,스텝검사VO2max,30,40,142,0.031
성인,40,44,세,F,심폐지구력,037,스텝검사VO2max,40,50,264,0.0577
성인,40,44,세,F,심폐지구력,037,스텝검사VO2max,50,60,228,0.0498
성인,40,44,세,F,심폐지구력,037,스텝검사VO2max,60,70,423,0.0925
성인,40,44,세,F,심폐지구력,037,스텝검사VO2max,70,80,412,0.0901
성인,40,44,세,F,심폐지구력,037,스텝검사VO2max,80,90,1169,0.2556
성인,40,44,세,F,심폐지구력,037,스텝검사VO2max,90,100,1407,0.3076
성인,40,44,세,F,민첩성,040,반응시간,0,10,400,0.0751
성인,40,44,세,F,민첩성,040,반응시간,10,20,309,0.058
성인,40,44,세,F,민첩성,040,반응시간,20,30,294,0.0552
성인,40,44,세,F,민첩성,040,반응시간,30,40,292,0.0548
성인,40,44,세,F,민첩성,040,반응시간,40,50,777,0.1458
성인,40,44,세,F,민첩성,040,반응시간,50,60,714,0.134
성인,40,44,세,F,민첩성,040,반응시간,60,70,688,0.1291
성인,40,44,세,F,민첩성,040,반응시간,70,80,640,0.1201
성인,40,44,세,F,민첩성,040,반응시간,80,90,505,0.0948
성인,40,44,세,F,민첩성,040,반응시간,90,100,709,0.1331
성인,40,44,세,F,순발력,041,성인체공시간,0,10,207,0.0683
성인,40,44,세,F,순발력,041,성인체공시간,10,20,191,0.0631
성인,40,44,세,F,순발력,041,성인체공시간,20,30,177,0.0584
성인,40,44,세,F,순발력,041,성인체공시간,30,40,101,0.0333
성인,40,44,세,F,순발력,041,성인체공시간,40,50,381,0.1258
성인,40,44,세,F,순발력,041,성인체공시간,50,60,326,0.1076
성인,40,44,세,F,순발력,041,성인체공시간,60,70,343,0.1132
성인,40,44,세,F,순발력,041,성인체공시간,70,80,337,0.1113
성인,40,44,세,F,순발력,041,성인체공시간,80,90,406,0.134
성인,40,44,세,F,순발력,041,성인체공시간,90,100,560,0.1849
성인,45,49,세,M,유연성,012,앉아윗몸앞으로굽히기,0,10,891,0.0823
성인,45,49,세,M,유연성,012,앉아윗몸앞으로굽히기,10,20,680,0.0628
성인,45,49,세,M,유연성,012,앉아윗몸앞으로굽히기,20,30,678,0.0626
성인,45,49,세,M,유연성,012,앉아윗몸앞으로굽히기,30,40,662,0.0611
성인,45,49,세,M,유연성,012,앉아윗몸앞으로굽히기,40,50,995,0.0919
성인,45,49,세,M,유연성,012,앉아윗몸앞으로굽히기,50,60,949,0.0876
성인,45,49,세,M,유연성,012,앉아윗몸앞으로굽히기,60,70,1237,0.1142
성인,45,49,세,M,유연성,012,앉아윗몸앞으로굽히기,70,80,1193,0.1101
성인,45,49,세,M,유연성,012,앉아윗몸앞으로굽히기,80,90,1554,0.1435
성인,45,49,세,M,유연성,012,앉아윗몸앞으로굽히기,90,100,1993,0.184
성인,45,49,세,M,근지구력,019,교차윗몸일으키기,0,10,807,0.0744
성인,45,49,세,M,근지구력,019,교차윗몸일으키기,10,20,741,0.0683
성인,45,49,세,M,근지구력,019,교차윗몸일으키기,20,30,652,0.0601
성인,45,49,세,M,근지구력,019,교차윗몸일으키기,30,40,203,0.0187
성인,45,49,세,M,근지구력,019,교차윗몸일으키기,40,50,1598,0.1473
성인,45,49,세,M,근지구력,019,교차윗몸일으키기,50,60,703,0.0648
성인,45,49,세,M,근지구력,019,교차윗몸일으키기,60,70,1201,0.1107
성인,45,49,세,M,근지구력,019,교차윗몸일으키기,70,80,736,0.0679
성인,45,49,세,M,근지구력,019,교차윗몸일으키기,80,90,2030,0.1872
성인,45,49,세,M,근지구력,019,교차윗몸일으키기,90,100,2175,0.2005
성인,45,49,세,M,심폐지구력,020,왕복오래달리기,0,10,231,0.0768
성인,45,49,세,M,심폐지구력,020,왕복오래달리기,10,20,191,0.0635
성인,45,49,세,M,심폐지구력,020,왕복오래달리기,20,30,179,0.0595
성인,45,49,세,M,심폐지구력,020,왕복오래달리기,30,40,64,0.0213
성인,45,49,세,M,심폐지구력,020,왕복오래달리기,40,50,520,0.173
성인,45,49,세,M,심폐지구력,020,왕복오래달리기,50,60,192,0.0639
성인,45,49,세,M,심폐지구력,020,왕복오래달리기,60,70,451,0.15
성인,45,49,세,M,심폐지구력,020,왕복오래달리기,70,80,164,0.0546
성인,45,49,세,M,심폐지구력,020,왕복오래달리기,80,90,512,0.1703
성인,45,49,세,M,심폐지구력,020,왕복오래달리기,90,100,502,0.167
성인,45,49,세,M,근력,028,상대악력,0,10,593,0.0528
성인,45,49,세,M,근력,028,상대악력,10,20,377,0.0335
성인,45,49,세,M,근력,028,상대악력,20,30,379,0.0337
성인,45,49,세,M,근력,028,상대악력,30,40,359,0.0319
성인,45,49,세,M,근력,028,상대악력,40,50,999,0.0889
성인,45,49,세,M,근력,028,상대악력,50,60,945,0.0841
성인,45,49,세,M,근력,028,상대악력,60,70,1236,0.11
성인,45,49,세,M,근력,028,상대악력,70,80,1213,0.1079
성인,45,49,세,M,근력,028,상대악력,80,90,2371,0.2109
성인,45,49,세,M,근력,028,상대악력,90,100,2768,0.2463
성인,45,49,세,M,심폐지구력,035,트레드밀VO2max,0,10,79,0.0622
성인,45,49,세,M,심폐지구력,035,트레드밀VO2max,10,20,52,0.0409
성인,45,49,세,M,심폐지구력,035,트레드밀VO2max,20,30,49,0.0386
성인,45,49,세,M,심폐지구력,035,트레드밀VO2max,30,40,50,0.0394
성인,45,49,세,M,심폐지구력,035,트레드밀VO2max,40,50,118,0.0929
성인,45,49,세,M,심폐지구력,035,트레드밀VO2max,50,60,106,0.0835
성인,45,49,세,M,심폐지구력,035,트레드밀VO2max,60,70,119,0.0937
성인,45,49,세,M,심폐지구력,035,트레드밀VO2max,70,80,111,0.0874
성인,45,49,세,M,심폐지구력,035,트레드밀VO2max,80,90,266,0.2094
성인,45,49,세,M,심폐지구력,035,트레드밀VO2max,90,100,320,0.252
성인,45,49,세,M,심폐지구력,037,스텝검사VO2max,0,10,372,0.0534
성인,45,49,세,M,심폐지구력,037,스텝검사VO2max,10,20,255,0.0366
성인,45,49,세,M,심폐지구력,037,스텝검사VO2max,20,30,221,0.0318
성인,45,49,세,M,심폐지구력,037,스텝검사VO2max,30,40,224,0.0322
성인,45,49,세,M,심폐지구력,037,스텝검사VO2max,40,50,608,0.0874
성인,45,49,세,M,심폐지구력,037,스텝검사VO2max,50,60,529,0.076
성인,45,49,세,M,심폐지구력,037,스텝검사VO2max,60,70,778,0.1118
성인,45,49,세,M,심폐지구력,037,스텝검사VO2max,70,80,683,0.0981
성인,45,49,세,M,심폐지구력,037,스텝검사VO2max,80,90,1492,0.2144
성인,45,49,세,M,심폐지구력,037,스텝검사VO2max,90,100,1798,0.2583
성인,45,49,세,M,민첩성,040,반응시간,0,10,641,0.0772
성인,45,49,세,M,민첩성,040,반응시간,10,20,458,0.0552
성인,45,49,세,M,민첩성,040,반응시간,20,30,494,0.0595
성인,45,49,세,M,민첩성,040,반응시간,30,40,436,0.0525
성인,45,49,세,M,민첩성,040,반응시간,40,50,355,0.0428
성인,45,49,세,M,민첩성,040,반응시간,50,60,311,0.0375
성인,45,49,세,M,민첩성,040,반응시간,60,70,1317,0.1587
성인,45,49,세,M,민첩성,040,반응시간,70,80,1169,0.1408
성인,45,49,세,M,민첩성,040,반응시간,80,90,1382,0.1665
성인,45,49,세,M,민첩성,040,반응시간,90,100,1738,0.2094
성인,45,49,세,M,순발력,041,성인체공시간,0,10,283,0.0758
성인,45,49,세,M,순발력,041,성인체공시간,10,20,206,0.0552
성인,45,49,세,M,순발력,041,성인체공시간,20,30,212,0.0568
성인,45,49,세,M,순발력,041,성인체공시간,30,40,204,0.0546
성인,45,49,세,M,순발력,041,성인체공시간,40,50,26,0.007
성인,45,49,세,M,순발력,041,성인체공시간,50,60,29,0.0078
성인,45,49,세,M,순발력,041,성인체공시간,60,70,378,0.1012
성인,45,49,세,M,순발력,041,성인체공시간,70,80,345,0.0924
성인,45,49,세,M,순발력,041,성인체공시간,80,90,958,0.2565
성인,45,49,세,M,순발력,041,성인체공시간,90,100,1094,0.2929
성인,45,49,세,F,유연성,012,앉아윗몸앞으로굽히기,0,10,648,0.0888
성인,45,49,세,F,유연성,012,앉아윗몸앞으로굽히기,10,20,514,0.0704
성인,45,49,세,F,유연성,012,앉아윗몸앞으로굽히기,20,30,509,0.0697
성인,45,49,세,F,유연성,012,앉아윗몸앞으로굽히기,30,40,502,0.0688
성인,45,49,세,F,유연성,012,앉아윗몸앞으로굽히기,40,50,666,0.0913
성인,45,49,세,F,유연성,012,앉아윗몸앞으로굽히기,50,60,641,0.0878
성인,45,49,세,F,유연성,012,앉아윗몸앞으로굽히기,60,70,800,0.1096
성인,45,49,세,F,유연성,012,앉아윗몸앞으로굽히기,70,80,744,0.1019
성인,45,49,세,F,유연성,012,앉아윗몸앞으로굽히기,80,90,1005,0.1377
성인,45,49,세,F,유연성,012,앉아윗몸앞으로굽히기,90,100,1269,0.1739
성인,45,49,세,F,근지구력,019,교차윗몸일으키기,0,10,689,0.0944
성인,45,49,세,F,근지구력,019,교차윗몸일으키기,10,20,274,0.0375
성인,45,49,세,F,근지구력,019,교차윗몸일으키기,20,30,528,0.0723
성인,45,49,세,F,근지구력,019,교차윗몸일으키기,30,40,298,0.0408
성인,45,49,세,F,근지구력,019,교차윗몸일으키기,40,50,780,0.1069
성인,45,49,세,F,근지구력,019,교차윗몸일으키기,50,60,479,0.0656
성인,45,49,세,F,근지구력,019,교차윗몸일으키기,60,70,764,0.1047
성인,45,49,세,F,근지구력,019,교차윗몸일으키기,70,80,732,0.1003
성인,45,49,세,F,근지구력,019,교차윗몸일으키기,80,90,1257,0.1722
성인,45,49,세,F,근지구력,019,교차윗몸일으키기,90,100,1498,0.2052
성인,45,49,세,F,심폐지구력,020,왕복오래달리기,0,10,138,0.0996
성인,45,49,세,F,심폐지구력,020,왕복오래달리기,10,20,179,0.1291
성인,45,49,세,F,심폐지구력,020,왕복오래달리기,20,30,141,0.1017
성인,45,49,세,F,심폐지구력,020,왕복오래달리기,30,40,55,0.0397
성인,45,49,세,F,심폐지구력,020,왕복오래달리기,40,50,227,0.1638
성인,45,49,세,F,심폐지구력,020,왕복오래달리기,50,60,138,0.0996
성인,45,49,세,F,심폐지구력,020,왕복오래달리기,60,70,158,0.114
성인,45,49,세,F,심폐지구력,020,왕복오래달리기,70,80,70,0.0505
성인,45,49,세,F,심폐지구력,020,왕복오래달리기,80,90,124,0.0895
성인,45,49,세,F,심폐지구력,020,왕복오래달리기,90,100,156,0.1126
성인,45,49,세,F,민첩성,021,10m4회왕복달리기,0,10,104,0.0753
성인,45,49,세,F,민첩성,021,10m4회왕복달리기,10,20,72,0.0521
성인,45,49,세,F,민첩성,021,10m4회왕복달리기,20,30,84,0.0608
성인,45,49,세,F,민첩성,021,10m4회왕복달리기,30,40,77,0.0557
성인,45,49,세,F,민첩성,021,10m4회왕복달리기,40,50,24,0.0174
성인,45,49,세,F,민첩성,021,10m4회왕복달리기,50,60,11,0.008
성인,45,49,세,F,민첩성,021,10m4회왕복달리기,60,70,184,0.1331
성인,45,49,세,F,민첩성,021,10m4회왕복달리기,70,80,193,0.1397
성인,45,49,세,F,민첩성,021,10m4회왕복달리기,80,90,280,0.2026
성인,45,49,세,F,민첩성,021,10m4회왕복달리기,90,100,353,0.2554
성인,45,49,세,F,순발력,022,제자리멀리뛰기,0,10,288,0.0754
성인,45,49,세,F,순발력,022,제자리멀리뛰기,10,20,222,0.0581
성인,45,49,세,F,순발력,022,제자리멀리뛰기,20,30,241,0.0631
성인,45,49,세,F,순발력,022,제자리멀리뛰기,30,40,152,0.0398
성인,45,49,세,F,순발력,022,제자리멀리뛰기,40,50,226,0.0591
성인,45,49,세,F,순발력,022,제자리멀리뛰기,50,60,131,0.0343
성인,45,49,세,F,순발력,022,제자리멀리뛰기,60,70,425,0.1112
성인,45,49,세,F,순발력,022,제자리멀리뛰기,70,80,405,0.106
성인,45,49,세,F,순발력,022,제자리멀리뛰기,80,90,768,0.201
성인,45,49,세,F,순발력,022,제자리멀리뛰기,90,100,963,0.252
성인,45,49,세,F,근력,028,상대악력,0,10,365,0.0458
성인,45,49,세,F,근력,028,상대악력,10,20,216,0.0271
성인,45,49,세,F,근력,028,상대악력,20,30,218,0.0273
성인,45,49,세,F,근력,028,상대악력,30,40,197,0.0247
성인,45,49,세,F,근력,028,상대악력,40,50,565,0.0708
성인,45,49,세,F,근력,028,상대악력,50,60,525,0.0658
성인,45,49,세,F,근력,028,상대악력,60,70,780,0.0978
성인,45,49,세,F,근력,028,상대악력,70,80,779,0.0976
성인,45,49,세,F,근력,028,상대악력,80,90,2010,0.2519
성인,45,49,세,F,근력,028,상대악력,90,100,2323,0.2912
성인,45,49,세,F,심폐지구력,035,트레드밀VO2max,0,10,51,0.0342
성인,45,49,세,F,심폐지구력,035,트레드밀VO2max,10,20,26,0.0174
성인,45,49,세,F,심폐지구력,035,트레드밀VO2max,20,30,23,0.0154
성인,45,49,세,F,심폐지구력,035,트레드밀VO2max,30,40,20,0.0134
성인,45,49,세,F,심폐지구력,035,트레드밀VO2max,40,50,76,0.051
성인,45,49,세,F,심폐지구력,035,트레드밀VO2max,50,60,57,0.0383
성인,45,49,세,F,심폐지구력,035,트레드밀VO2max,60,70,117,0.0785
성인,45,49,세,F,심폐지구력,035,트레드밀VO2max,70,80,115,0.0772
성인,45,49,세,F,심폐지구력,035,트레드밀VO2max,80,90,470,0.3154
성인,45,49,세,F,심폐지구력,035,트레드밀VO2max,90,100,535,0.3591
성인,45,49,세,F,심폐지구력,037,스텝검사VO2max,0,10,272,0.0534
성인,45,49,세,F,심폐지구력,037,스텝검사VO2max,10,20,171,0.0336
성인,45,49,세,F,심폐지구력,037,스텝검사VO2max,20,30,152,0.0298
성인,45,49,세,F,심폐지구력,037,스텝검사VO2max,30,40,155,0.0304
성인,45,49,세,F,심폐지구력,037,스텝검사VO2max,40,50,314,0.0616
성인,45,49,세,F,심폐지구력,037,스텝검사VO2max,50,60,301,0.0591
성인,45,49,세,F,심폐지구력,037,스텝검사VO2max,60,70,452,0.0887
성인,45,49,세,F,심폐지구력,037,스텝검사VO2max,70,80,400,0.0785
성인,45,49,세,F,심폐지구력,037,스텝검사VO2max,80,90,1347,0.2644
성인,45,49,세,F,심폐지구력,037,스텝검사VO2max,90,100,1530,0.3004
성인,45,49,세,F,민첩성,040,반응시간,0,10,441,0.0752
성인,45,49,세,F,민첩성,040,반응시간,10,20,331,0.0565
성인,45,49,세,F,민첩성,040,반응시간,20,30,325,0.0554
성인,45,49,세,F,민첩성,040,반응시간,30,40,315,0.0537
성인,45,49,세,F,민첩성,040,반응시간,40,50,688,0.1173
성인,45,49,세,F,민첩성,040,반응시간,50,60,629,0.1073
성인,45,49,세,F,민첩성,040,반응시간,60,70,857,0.1462
성인,45,49,세,F,민첩성,040,반응시간,70,80,808,0.1378
성인,45,49,세,F,민첩성,040,반응시간,80,90,634,0.1081
성인,45,49,세,F,민첩성,040,반응시간,90,100,835,0.1424
성인,45,49,세,F,순발력,041,성인체공시간,0,10,259,0.0753
성인,45,49,세,F,순발력,041,성인체공시간,10,20,189,0.055
성인,45,49,세,F,순발력,041,성인체공시간,20,30,198,0.0576
성인,45,49,세,F,순발력,041,성인체공시간,30,40,185,0.0538
성인,45,49,세,F,순발력,041,성인체공시간,40,50,321,0.0933
성인,45,49,세,F,순발력,041,성인체공시간,50,60,288,0.0837
성인,45,49,세,F,순발력,041,성인체공시간,60,70,425,0.1236
성인,45,49,세,F,순발력,041,성인체공시간,70,80,420,0.1221
성인,45,49,세,F,순발력,041,성인체공시간,80,90,466,0.1355
성인,45,49,세,F,순발력,041,성인체공시간,90,100,688,0.2001
성인,50,54,세,M,유연성,012,앉아윗몸앞으로굽히기,0,10,815,0.082
성인,50,54,세,M,유연성,012,앉아윗몸앞으로굽히기,10,20,665,0.0669
성인,50,54,세,M,유연성,012,앉아윗몸앞으로굽히기,20,30,642,0.0646
성인,50,54,세,M,유연성,012,앉아윗몸앞으로굽히기,30,40,619,0.0623
성인,50,54,세,M,유연성,012,앉아윗몸앞으로굽히기,40,50,1040,0.1047
성인,50,54,세,M,유연성,012,앉아윗몸앞으로굽히기,50,60,967,0.0973
성인,50,54,세,M,유연성,012,앉아윗몸앞으로굽히기,60,70,1143,0.115
성인,50,54,세,M,유연성,012,앉아윗몸앞으로굽히기,70,80,1099,0.1106
성인,50,54,세,M,유연성,012,앉아윗몸앞으로굽히기,80,90,1299,0.1307
성인,50,54,세,M,유연성,012,앉아윗몸앞으로굽히기,90,100,1646,0.1657
성인,50,54,세,M,근지구력,019,교차윗몸일으키기,0,10,699,0.0701
성인,50,54,세,M,근지구력,019,교차윗몸일으키기,10,20,519,0.0521
성인,50,54,세,M,근지구력,019,교차윗몸일으키기,20,30,530,0.0532
성인,50,54,세,M,근지구력,019,교차윗몸일으키기,30,40,224,0.0225
성인,50,54,세,M,근지구력,019,교차윗몸일으키기,40,50,1306,0.1311
성인,50,54,세,M,근지구력,019,교차윗몸일으키기,50,60,783,0.0786
성인,50,54,세,M,근지구력,019,교차윗몸일으키기,60,70,1240,0.1244
성인,50,54,세,M,근지구력,019,교차윗몸일으키기,70,80,1017,0.1021
성인,50,54,세,M,근지구력,019,교차윗몸일으키기,80,90,1666,0.1672
성인,50,54,세,M,근지구력,019,교차윗몸일으키기,90,100,1981,0.1988
성인,50,54,세,M,심폐지구력,020,왕복오래달리기,0,10,236,0.0914
성인,50,54,세,M,심폐지구력,020,왕복오래달리기,10,20,113,0.0437
성인,50,54,세,M,심폐지구력,020,왕복오래달리기,20,30,201,0.0778
성인,50,54,세,M,심폐지구력,020,왕복오래달리기,30,40,77,0.0298
성인,50,54,세,M,심폐지구력,020,왕복오래달리기,40,50,386,0.1494
성인,50,54,세,M,심폐지구력,020,왕복오래달리기,50,60,300,0.1161
성인,50,54,세,M,심폐지구력,020,왕복오래달리기,60,70,299,0.1158
성인,50,54,세,M,심폐지구력,020,왕복오래달리기,70,80,257,0.0995
성인,50,54,세,M,심폐지구력,020,왕복오래달리기,80,90,314,0.1216
성인,50,54,세,M,심폐지구력,020,왕복오래달리기,90,100,400,0.1549
성인,50,54,세,M,근력,028,상대악력,0,10,478,0.0461
성인,50,54,세,M,근력,028,상대악력,10,20,294,0.0284
성인,50,54,세,M,근력,028,상대악력,20,30,283,0.0273
성인,50,54,세,M,근력,028,상대악력,30,40,254,0.0245
성인,50,54,세,M,근력,028,상대악력,40,50,839,0.081
성인,50,54,세,M,근력,028,상대악력,50,60,813,0.0785
성인,50,54,세,M,근력,028,상대악력,60,70,1184,0.1143
성인,50,54,세,M,근력,028,상대악력,70,80,1128,0.1089
성인,50,54,세,M,근력,028,상대악력,80,90,2353,0.2271
성인,50,54,세,M,근력,028,상대악력,90,100,2734,0.2639
성인,50,54,세,M,심폐지구력,035,트레드밀VO2max,0,10,75,0.0554
성인,50,54,세,M,심폐지구력,035,트레드밀VO2max,10,20,40,0.0296
성인,50,54,세,M,심폐지구력,035,트레드밀VO2max,20,30,51,0.0377
성인,50,54,세,M,심폐지구력,035,트레드밀VO2max,30,40,46,0.034
성인,50,54,세,M,심폐지구력,035,트레드밀VO2max,40,50,109,0.0806
성인,50,54,세,M,심폐지구력,035,트레드밀VO2max,50,60,103,0.0761
성인,50,54,세,M,심폐지구력,035,트레드밀VO2max,60,70,138,0.102
성인,50,54,세,M,심폐지구력,035,트레드밀VO2max,70,80,118,0.0872
성인,50,54,세,M,심폐지구력,035,트레드밀VO2max,80,90,304,0.2247
성인,50,54,세,M,심폐지구력,035,트레드밀VO2max,90,100,369,0.2727
성인,50,54,세,M,심폐지구력,037,스텝검사VO2max,0,10,347,0.0541
성인,50,54,세,M,심폐지구력,037,스텝검사VO2max,10,20,216,0.0337
성인,50,54,세,M,심폐지구력,037,스텝검사VO2max,20,30,220,0.0343
성인,50,54,세,M,심폐지구력,037,스텝검사VO2max,30,40,206,0.0321
성인,50,54,세,M,심폐지구력,037,스텝검사VO2max,40,50,498,0.0776
성인,50,54,세,M,심폐지구력,037,스텝검사VO2max,50,60,462,0.072
성인,50,54,세,M,심폐지구력,037,스텝검사VO2max,60,70,647,0.1008
성인,50,54,세,M,심폐지구력,037,스텝검사VO2max,70,80,616,0.096
성인,50,54,세,M,심폐지구력,037,스텝검사VO2max,80,90,1463,0.228
성인,50,54,세,M,심폐지구력,037,스텝검사VO2max,90,100,1743,0.2716
성인,50,54,세,M,민첩성,040,반응시간,0,10,593,0.0767
성인,50,54,세,M,민첩성,040,반응시간,10,20,432,0.0559
성인,50,54,세,M,민첩성,040,반응시간,20,30,445,0.0576
성인,50,54,세,M,민첩성,040,반응시간,30,40,415,0.0537
성인,50,54,세,M,민첩성,040,반응시간,40,50,439,0.0568
성인,50,54,세,M,민첩성,040,반응시간,50,60,339,0.0439
성인,50,54,세,M,민첩성,040,반응시간,60,70,1112,0.1439
성인,50,54,세,M,민첩성,040,반응시간,70,80,1138,0.1473
성인,50,54,세,M,민첩성,040,반응시간,80,90,1228,0.1589
성인,50,54,세,M,민첩성,040,반응시간,90,100,1586,0.2053
성인,50,54,세,M,순발력,041,성인체공시간,0,10,252,0.0789
성인,50,54,세,M,순발력,041,성인체공시간,10,20,152,0.0476
성인,50,54,세,M,순발력,041,성인체공시간,20,30,220,0.0689
성인,50,54,세,M,순발력,041,성인체공시간,30,40,122,0.0382
성인,50,54,세,M,순발력,041,성인체공시간,40,50,128,0.0401
성인,50,54,세,M,순발력,041,성인체공시간,50,60,56,0.0175
성인,50,54,세,M,순발력,041,성인체공시간,60,70,576,0.1803
성인,50,54,세,M,순발력,041,성인체공시간,70,80,473,0.148
성인,50,54,세,M,순발력,041,성인체공시간,80,90,570,0.1784
성인,50,54,세,M,순발력,041,성인체공시간,90,100,646,0.2022
성인,50,54,세,F,유연성,012,앉아윗몸앞으로굽히기,0,10,837,0.0834
성인,50,54,세,F,유연성,012,앉아윗몸앞으로굽히기,10,20,637,0.0635
성인,50,54,세,F,유연성,012,앉아윗몸앞으로굽히기,20,30,655,0.0653
성인,50,54,세,F,유연성,012,앉아윗몸앞으로굽히기,30,40,599,0.0597
성인,50,54,세,F,유연성,012,앉아윗몸앞으로굽히기,40,50,1062,0.1058
성인,50,54,세,F,유연성,012,앉아윗몸앞으로굽히기,50,60,988,0.0984
성인,50,54,세,F,유연성,012,앉아윗몸앞으로굽히기,60,70,1170,0.1166
성인,50,54,세,F,유연성,012,앉아윗몸앞으로굽히기,70,80,1068,0.1064
성인,50,54,세,F,유연성,012,앉아윗몸앞으로굽히기,80,90,1318,0.1313
성인,50,54,세,F,유연성,012,앉아윗몸앞으로굽히기,90,100,1704,0.1698
성인,50,54,세,F,근지구력,019,교차윗몸일으키기,0,10,1091,0.1091
성인,50,54,세,F,근지구력,019,교차윗몸일으키기,10,20,642,0.0642
성인,50,54,세,F,근지구력,019,교차윗몸일으키기,20,30,446,0.0446
성인,50,54,세,F,근지구력,019,교차윗몸일으키기,30,40,450,0.045
성인,50,54,세,F,근지구력,019,교차윗몸일으키기,40,50,1152,0.1152
성인,50,54,세,F,근지구력,019,교차윗몸일으키기,50,60,655,0.0655
성인,50,54,세,F,근지구력,019,교차윗몸일으키기,60,70,1133,0.1133
성인,50,54,세,F,근지구력,019,교차윗몸일으키기,70,80,572,0.0572
성인,50,54,세,F,근지구력,019,교차윗몸일으키기,80,90,1778,0.1779
성인,50,54,세,F,근지구력,019,교차윗몸일으키기,90,100,2078,0.2079
성인,50,54,세,F,심폐지구력,020,왕복오래달리기,0,10,190,0.0943
성인,50,54,세,F,심폐지구력,020,왕복오래달리기,10,20,182,0.0903
성인,50,54,세,F,심폐지구력,020,왕복오래달리기,20,30,99,0.0491
성인,50,54,세,F,심폐지구력,020,왕복오래달리기,30,40,122,0.0605
성인,50,54,세,F,심폐지구력,020,왕복오래달리기,40,50,385,0.1911
성인,50,54,세,F,심폐지구력,020,왕복오래달리기,50,60,123,0.061
성인,50,54,세,F,심폐지구력,020,왕복오래달리기,60,70,267,0.1325
성인,50,54,세,F,심폐지구력,020,왕복오래달리기,70,80,169,0.0839
성인,50,54,세,F,심폐지구력,020,왕복오래달리기,80,90,200,0.0993
성인,50,54,세,F,심폐지구력,020,왕복오래달리기,90,100,278,0.138
성인,50,54,세,F,순발력,022,제자리멀리뛰기,0,10,473,0.0787
성인,50,54,세,F,순발력,022,제자리멀리뛰기,10,20,304,0.0506
성인,50,54,세,F,순발력,022,제자리멀리뛰기,20,30,333,0.0554
성인,50,54,세,F,순발력,022,제자리멀리뛰기,30,40,313,0.0521
성인,50,54,세,F,순발력,022,제자리멀리뛰기,40,50,86,0.0143
성인,50,54,세,F,순발력,022,제자리멀리뛰기,50,60,0,0.0
성인,50,54,세,F,순발력,022,제자리멀리뛰기,60,70,665,0.1107
성인,50,54,세,F,순발력,022,제자리멀리뛰기,70,80,608,0.1012
성인,50,54,세,F,순발력,022,제자리멀리뛰기,80,90,1562,0.26
성인,50,54,세,F,순발력,022,제자리멀리뛰기,90,100,1663,0.2768
성인,50,54,세,F,근력,028,상대악력,0,10,476,0.044
성인,50,54,세,F,근력,028,상대악력,10,20,248,0.0229
성인,50,54,세,F,근력,028,상대악력,20,30,279,0.0258
성인,50,54,세,F,근력,028,상대악력,30,40,259,0.0239
성인,50,54,세,F,근력,028,상대악력,40,50,705,0.0651
성인,50,54,세,F,근력,028,상대악력,50,60,676,0.0625
성인,50,54,세,F,근력,028,상대악력,60,70,1031,0.0953
성인,50,54,세,F,근력,028,상대악력,70,80,962,0.0889
성인,50,54,세,F,근력,028,상대악력,80,90,2887,0.2667
성인,50,54,세,F,근력,028,상대악력,90,100,3301,0.305
성인,50,54,세,F,심폐지구력,035,트레드밀VO2max,0,10,75,0.0344
성인,50,54,세,F,심폐지구력,035,트레드밀VO2max,10,20,44,0.0202
성인,50,54,세,F,심폐지구력,035,트레드밀VO2max,20,30,35,0.0161
성인,50,54,세,F,심폐지구력,035,트레드밀VO2max,30,40,33,0.0151
성인,50,54,세,F,심폐지구력,035,트레드밀VO2max,40,50,113,0.0518
성인,50,54,세,F,심폐지구력,035,트레드밀VO2max,50,60,95,0.0436
성인,50,54,세,F,심폐지구력,035,트레드밀VO2max,60,70,185,0.0849
성인,50,54,세,F,심폐지구력,035,트레드밀VO2max,70,80,146,0.067
성인,50,54,세,F,심폐지구력,035,트레드밀VO2max,80,90,680,0.3119
성인,50,54,세,F,심폐지구력,035,트레드밀VO2max,90,100,774,0.355
성인,50,54,세,F,심폐지구력,037,스텝검사VO2max,0,10,374,0.0567
성인,50,54,세,F,심폐지구력,037,스텝검사VO2max,10,20,230,0.0348
성인,50,54,세,F,심폐지구력,037,스텝검사VO2max,20,30,240,0.0364
성인,50,54,세,F,심폐지구력,037,스텝검사VO2max,30,40,224,0.0339
성인,50,54,세,F,심폐지구력,037,스텝검사VO2max,40,50,424,0.0642
성인,50,54,세,F,심폐지구력,037,스텝검사VO2max,50,60,398,0.0603
성인,50,54,세,F,심폐지구력,037,스텝검사VO2max,60,70,660,0.1
성인,50,54,세,F,심폐지구력,037,스텝검사VO2max,70,80,525,0.0795
성인,50,54,세,F,심폐지구력,037,스텝검사VO2max,80,90,1661,0.2517
성인,50,54,세,F,심폐지구력,037,스텝검사VO2max,90,100,1864,0.2824
성인,50,54,세,F,민첩성,040,반응시간,0,10,629,0.0773
성인,50,54,세,F,민첩성,040,반응시간,10,20,470,0.0578
성인,50,54,세,F,민첩성,040,반응시간,20,30,464,0.057
성인,50,54,세,F,민첩성,040,반응시간,30,40,424,0.0521
성인,50,54,세,F,민첩성,040,반응시간,40,50,861,0.1058
성인,50,54,세,F,민첩성,040,반응시간,50,60,760,0.0934
성인,50,54,세,F,민첩성,040,반응시간,60,70,1239,0.1523
성인,50,54,세,F,민첩성,040,반응시간,70,80,1136,0.1396
성인,50,54,세,F,민첩성,040,반응시간,80,90,902,0.1109
성인,50,54,세,F,민첩성,040,반응시간,90,100,1251,0.1538
성인,50,54,세,F,순발력,041,성인체공시간,0,10,299,0.0766
성인,50,54,세,F,순발력,041,성인체공시간,10,20,214,0.0548
성인,50,54,세,F,순발력,041,성인체공시간,20,30,221,0.0566
성인,50,54,세,F,순발력,041,성인체공시간,30,40,209,0.0536
성인,50,54,세,F,순발력,041,성인체공시간,40,50,179,0.0459
성인,50,54,세,F,순발력,041,성인체공시간,50,60,151,0.0387
성인,50,54,세,F,순발력,041,성인체공시간,60,70,463,0.1187
성인,50,54,세,F,순발력,041,성인체공시간,70,80,414,0.1061
성인,50,54,세,F,순발력,041,성인체공시간,80,90,790,0.2025
성인,50,54,세,F,순발력,041,성인체공시간,90,100,962,0.2465
성인,55,59,세,M,유연성,012,앉아윗몸앞으로굽히기,0,10,672,0.0749
성인,55,59,세,M,유연성,012,앉아윗몸앞으로굽히기,10,20,545,0.0607
성인,55,59,세,M,유연성,012,앉아윗몸앞으로굽히기,20,30,502,0.056
성인,55,59,세,M,유연성,012,앉아윗몸앞으로굽히기,30,40,497,0.0554
성인,55,59,세,M,유연성,012,앉아윗몸앞으로굽히기,40,50,890,0.0992
성인,55,59,세,M,유연성,012,앉아윗몸앞으로굽히기,50,60,853,0.0951
성인,55,59,세,M,유연성,012,앉아윗몸앞으로굽히기,60,70,1064,0.1186
성인,55,59,세,M,유연성,012,앉아윗몸앞으로굽히기,70,80,1030,0.1148
성인,55,59,세,M,유연성,012,앉아윗몸앞으로굽히기,80,90,1305,0.1455
성인,55,59,세,M,유연성,012,앉아윗몸앞으로굽히기,90,100,1614,0.1799
성인,55,59,세,M,근지구력,019,교차윗몸일으키기,0,10,639,0.071
성인,55,59,세,M,근지구력,019,교차윗몸일으키기,10,20,444,0.0493
성인,55,59,세,M,근지구력,019,교차윗몸일으키기,20,30,523,0.0581
성인,55,59,세,M,근지구력,019,교차윗몸일으키기,30,40,204,0.0227
성인,55,59,세,M,근지구력,019,교차윗몸일으키기,40,50,1170,0.1299
성인,55,59,세,M,근지구력,019,교차윗몸일으키기,50,60,600,0.0666
성인,55,59,세,M,근지구력,019,교차윗몸일으키기,60,70,1160,0.1288
성인,55,59,세,M,근지구력,019,교차윗몸일으키기,70,80,970,0.1077
성인,55,59,세,M,근지구력,019,교차윗몸일으키기,80,90,1515,0.1682
성인,55,59,세,M,근지구력,019,교차윗몸일으키기,90,100,1780,0.1977
성인,55,59,세,M,심폐지구력,020,왕복오래달리기,0,10,188,0.0802
성인,55,59,세,M,심폐지구력,020,왕복오래달리기,10,20,115,0.0491
성인,55,59,세,M,심폐지구력,020,왕복오래달리기,20,30,130,0.0555
성인,55,59,세,M,심폐지구력,020,왕복오래달리기,30,40,69,0.0294
성인,55,59,세,M,심폐지구력,020,왕복오래달리기,40,50,412,0.1758
성인,55,59,세,M,심폐지구력,020,왕복오래달리기,50,60,267,0.1139
성인,55,59,세,M,심폐지구력,020,왕복오래달리기,60,70,306,0.1305
성인,55,59,세,M,심폐지구력,020,왕복오래달리기,70,80,145,0.0619
성인,55,59,세,M,심폐지구력,020,왕복오래달리기,80,90,338,0.1442
성인,55,59,세,M,심폐지구력,020,왕복오래달리기,90,100,374,0.1596
성인,55,59,세,M,근력,028,상대악력,0,10,429,0.0454
성인,55,59,세,M,근력,028,상대악력,10,20,237,0.0251
성인,55,59,세,M,근력,028,상대악력,20,30,240,0.0254
성인,55,59,세,M,근력,028,상대악력,30,40,237,0.0251
성인,55,59,세,M,근력,028,상대악력,40,50,707,0.0749
성인,55,59,세,M,근력,028,상대악력,50,60,719,0.0761
성인,55,59,세,M,근력,028,상대악력,60,70,1112,0.1177
성인,55,59,세,M,근력,028,상대악력,70,80,1053,0.1115
성인,55,59,세,M,근력,028,상대악력,80,90,2165,0.2292
성인,55,59,세,M,근력,028,상대악력,90,100,2545,0.2695
성인,55,59,세,M,심폐지구력,035,트레드밀VO2max,0,10,77,0.057
성인,55,59,세,M,심폐지구력,035,트레드밀VO2max,10,20,52,0.0385
성인,55,59,세,M,심폐지구력,035,트레드밀VO2max,20,30,53,0.0392
성인,55,59,세,M,심폐지구력,035,트레드밀VO2max,30,40,42,0.0311
성인,55,59,세,M,심폐지구력,035,트레드밀VO2max,40,50,102,0.0755
성인,55,59,세,M,심폐지구력,035,트레드밀VO2max,50,60,96,0.0711
성인,55,59,세,M,심폐지구력,035,트레드밀VO2max,60,70,126,0.0933
성인,55,59,세,M,심폐지구력,035,트레드밀VO2max,70,80,121,0.0896
성인,55,59,세,M,심폐지구력,035,트레드밀VO2max,80,90,315,0.2332
성인,55,59,세,M,심폐지구력,035,트레드밀VO2max,90,100,367,0.2717
성인,55,59,세,M,심폐지구력,037,스텝검사VO2max,0,10,303,0.0528
성인,55,59,세,M,심폐지구력,037,스텝검사VO2max,10,20,178,0.031
성인,55,59,세,M,심폐지구력,037,스텝검사VO2max,20,30,201,0.035
성인,55,59,세,M,심폐지구력,037,스텝검사VO2max,30,40,185,0.0322
성인,55,59,세,M,심폐지구력,037,스텝검사VO2max,40,50,421,0.0734
성인,55,59,세,M,심폐지구력,037,스텝검사VO2max,50,60,405,0.0706
성인,55,59,세,M,심폐지구력,037,스텝검사VO2max,60,70,567,0.0988
성인,55,59,세,M,심폐지구력,037,스텝검사VO2max,70,80,528,0.092
성인,55,59,세,M,심폐지구력,037,스텝검사VO2max,80,90,1383,0.241
성인,55,59,세,M,심폐지구력,037,스텝검사VO2max,90,100,1568,0.2732
성인,55,59,세,M,민첩성,040,반응시간,0,10,524,0.0758
성인,55,59,세,M,민첩성,040,반응시간,10,20,401,0.058
성인,55,59,세,M,민첩성,040,반응시간,20,30,396,0.0573
성인,55,59,세,M,민첩성,040,반응시간,30,40,362,0.0524
성인,55,59,세,M,민첩성,040,반응시간,40,50,397,0.0574
성인,55,59,세,M,민첩성,040,반응시간,50,60,336,0.0486
성인,55,59,세,M,민첩성,040,반응시간,60,70,994,0.1438
성인,55,59,세,M,민첩성,040,반응시간,70,80,938,0.1357
성인,55,59,세,M,민첩성,040,반응시간,80,90,1150,0.1663
성인,55,59,세,M,민첩성,040,반응시간,90,100,1416,0.2048
성인,55,59,세,M,순발력,041,성인체공시간,0,10,236,0.0782
성인,55,59,세,M,순발력,041,성인체공시간,10,20,185,0.0613
성인,55,59,세,M,순발력,041,성인체공시간,20,30,156,0.0517
성인,55,59,세,M,순발력,041,성인체공시간,30,40,161,0.0533
성인,55,59,세,M,순발력,041,성인체공시간,40,50,238,0.0789
성인,55,59,세,M,순발력,041,성인체공시간,50,60,202,0.0669
성인,55,59,세,M,순발력,041,성인체공시간,60,70,374,0.1239
성인,55,59,세,M,순발력,041,성인체공시간,70,80,425,0.1408
성인,55,59,세,M,순발력,041,성인체공시간,80,90,458,0.1518
성인,55,59,세,M,순발력,041,성인체공시간,90,100,583,0.1932
성인,55,59,세,F,유연성,012,앉아윗몸앞으로굽히기,0,10,824,0.0798
성인,55,59,세,F,유연성,012,앉아윗몸앞으로굽히기,10,20,637,0.0617
성인,55,59,세,F,유연성,012,앉아윗몸앞으로굽히기,20,30,623,0.0603
성인,55,59,세,F,유연성,012,앉아윗몸앞으로굽히기,30,40,603,0.0584
성인,55,59,세,F,유연성,012,앉아윗몸앞으로굽히기,40,50,996,0.0965
성인,55,59,세,F,유연성,012,앉아윗몸앞으로굽히기,50,60,989,0.0958
성인,55,59,세,F,유연성,012,앉아윗몸앞으로굽히기,60,70,1175,0.1138
성인,55,59,세,F,유연성,012,앉아윗몸앞으로굽히기,70,80,1110,0.1075
성인,55,59,세,F,유연성,012,앉아윗몸앞으로굽히기,80,90,1505,0.1458
성인,55,59,세,F,유연성,012,앉아윗몸앞으로굽히기,90,100,1863,0.1804
성인,55,59,세,F,근지구력,019,교차윗몸일으키기,0,10,1382,0.1343
성인,55,59,세,F,근지구력,019,교차윗몸일으키기,10,20,368,0.0357
성인,55,59,세,F,근지구력,019,교차윗몸일으키기,20,30,605,0.0588
성인,55,59,세,F,근지구력,019,교차윗몸일으키기,30,40,223,0.0217
성인,55,59,세,F,근지구력,019,교차윗몸일으키기,40,50,1126,0.1094
성인,55,59,세,F,근지구력,019,교차윗몸일으키기,50,60,530,0.0515
성인,55,59,세,F,근지구력,019,교차윗몸일으키기,60,70,1039,0.1009
성인,55,59,세,F,근지구력,019,교차윗몸일으키기,70,80,585,0.0568
성인,55,59,세,F,근지구력,019,교차윗몸일으키기,80,90,2059,0.2
성인,55,59,세,F,근지구력,019,교차윗몸일으키기,90,100,2377,0.2309
성인,55,59,세,F,심폐지구력,020,왕복오래달리기,0,10,152,0.0795
성인,55,59,세,F,심폐지구력,020,왕복오래달리기,10,20,206,0.1077
성인,55,59,세,F,심폐지구력,020,왕복오래달리기,20,30,111,0.058
성인,55,59,세,F,심폐지구력,020,왕복오래달리기,30,40,123,0.0643
성인,55,59,세,F,심폐지구력,020,왕복오래달리기,40,50,273,0.1427
성인,55,59,세,F,심폐지구력,020,왕복오래달리기,50,60,79,0.0413
성인,55,59,세,F,심폐지구력,020,왕복오래달리기,60,70,273,0.1427
성인,55,59,세,F,심폐지구력,020,왕복오래달리기,70,80,172,0.0899
성인,55,59,세,F,심폐지구력,020,왕복오래달리기,80,90,236,0.1234
성인,55,59,세,F,심폐지구력,020,왕복오래달리기,90,100,288,0.1505
성인,55,59,세,F,근력,028,상대악력,0,10,460,0.0401
성인,55,59,세,F,근력,028,상대악력,10,20,234,0.0204
성인,55,59,세,F,근력,028,상대악력,20,30,227,0.0198
성인,55,59,세,F,근력,028,상대악력,30,40,245,0.0214
성인,55,59,세,F,근력,028,상대악력,40,50,661,0.0577
성인,55,59,세,F,근력,028,상대악력,50,60,631,0.0551
성인,55,59,세,F,근력,028,상대악력,60,70,1010,0.0881
성인,55,59,세,F,근력,028,상대악력,70,80,980,0.0855
성인,55,59,세,F,근력,028,상대악력,80,90,3283,0.2865
성인,55,59,세,F,근력,028,상대악력,90,100,3728,0.3253
성인,55,59,세,F,심폐지구력,035,트레드밀VO2max,0,10,83,0.0396
성인,55,59,세,F,심폐지구력,035,트레드밀VO2max,10,20,34,0.0162
성인,55,59,세,F,심폐지구력,035,트레드밀VO2max,20,30,37,0.0176
성인,55,59,세,F,심폐지구력,035,트레드밀VO2max,30,40,25,0.0119
성인,55,59,세,F,심폐지구력,035,트레드밀VO2max,40,50,97,0.0463
성인,55,59,세,F,심폐지구력,035,트레드밀VO2max,50,60,91,0.0434
성인,55,59,세,F,심폐지구력,035,트레드밀VO2max,60,70,170,0.0811
성인,55,59,세,F,심폐지구력,035,트레드밀VO2max,70,80,150,0.0715
성인,55,59,세,F,심폐지구력,035,트레드밀VO2max,80,90,661,0.3152
성인,55,59,세,F,심폐지구력,035,트레드밀VO2max,90,100,749,0.3572
성인,55,59,세,F,심폐지구력,037,스텝검사VO2max,0,10,411,0.0555
성인,55,59,세,F,심폐지구력,037,스텝검사VO2max,10,20,287,0.0387
성인,55,59,세,F,심폐지구력,037,스텝검사VO2max,20,30,271,0.0366
성인,55,59,세,F,심폐지구력,037,스텝검사VO2max,30,40,231,0.0312
성인,55,59,세,F,심폐지구력,037,스텝검사VO2max,40,50,505,0.0681
성인,55,59,세,F,심폐지구력,037,스텝검사VO2max,50,60,390,0.0526
성인,55,59,세,F,심폐지구력,037,스텝검사VO2max,60,70,614,0.0828
성인,55,59,세,F,심폐지구력,037,스텝검사VO2max,70,80,647,0.0873
성인,55,59,세,F,심폐지구력,037,스텝검사VO2max,80,90,1865,0.2517
성인,55,59,세,F,심폐지구력,037,스텝검사VO2max,90,100,2190,0.2955
성인,55,59,세,F,민첩성,040,반응시간,0,10,643,0.0752
성인,55,59,세,F,민첩성,040,반응시간,10,20,470,0.055
성인,55,59,세,F,민첩성,040,반응시간,20,30,501,0.0586
성인,55,59,세,F,민첩성,040,반응시간,30,40,440,0.0515
성인,55,59,세,F,민첩성,040,반응시간,40,50,563,0.0659
성인,55,59,세,F,민첩성,040,반응시간,50,60,481,0.0563
성인,55,59,세,F,민첩성,040,반응시간,60,70,1393,0.163
성인,55,59,세,F,민첩성,040,반응시간,70,80,1316,0.154
성인,55,59,세,F,민첩성,040,반응시간,80,90,1218,0.1425
성인,55,59,세,F,민첩성,040,반응시간,90,100,1522,0.1781
성인,55,59,세,F,순발력,041,성인체공시간,0,10,290,0.0734
성인,55,59,세,F,순발력,041,성인체공시간,10,20,230,0.0582
성인,55,59,세,F,순발력,041,성인체공시간,20,30,235,0.0595
성인,55,59,세,F,순발력,041,성인체공시간,30,40,206,0.0521
성인,55,59,세,F,순발력,041,성인체공시간,40,50,173,0.0438
성인,55,59,세,F,순발력,041,성인체공시간,50,60,285,0.0721
성인,55,59,세,F,순발력,041,성인체공시간,60,70,520,0.1316
성인,55,59,세,F,순발력,041,성인체공시간,70,80,439,0.1111
성인,55,59,세,F,순발력,041,성인체공시간,80,90,737,0.1865
성인,55,59,세,F,순발력,041,성인체공시간,90,100,837,0.2118
성인,60,64,세,M,유연성,012,앉아윗몸앞으로굽히기,0,10,894,0.0523
성인,60,64,세,M,유연성,012,앉아윗몸앞으로굽히기,10,20,559,0.0327
성인,60,64,세,M,유연성,012,앉아윗몸앞으로굽히기,20,30,558,0.0327
성인,60,64,세,M,유연성,012,앉아윗몸앞으로굽히기,30,40,530,0.031
성인,60,64,세,M,유연성,012,앉아윗몸앞으로굽히기,40,50,1602,0.0938
성인,60,64,세,M,유연성,012,앉아윗몸앞으로굽히기,50,60,1500,0.0878
성인,60,64,세,M,유연성,012,앉아윗몸앞으로굽히기,60,70,2290,0.1341
성인,60,64,세,M,유연성,012,앉아윗몸앞으로굽히기,70,80,2129,0.1246
성인,60,64,세,M,유연성,012,앉아윗몸앞으로굽히기,80,90,3211,0.188
성인,60,64,세,M,유연성,012,앉아윗몸앞으로굽히기,90,100,3807,0.2229
성인,60,64,세,M,근지구력,019,교차윗몸일으키기,0,10,992,0.0578
성인,60,64,세,M,근지구력,019,교차윗몸일으키기,10,20,583,0.034
성인,60,64,세,M,근지구력,019,교차윗몸일으키기,20,30,587,0.0342
성인,60,64,세,M,근지구력,019,교차윗몸일으키기,30,40,302,0.0176
성인,60,64,세,M,근지구력,019,교차윗몸일으키기,40,50,2163,0.1261
성인,60,64,세,M,근지구력,019,교차윗몸일으키기,50,60,1112,0.0648
성인,60,64,세,M,근지구력,019,교차윗몸일으키기,60,70,2998,0.1748
성인,60,64,세,M,근지구력,019,교차윗몸일으키기,70,80,1296,0.0755
성인,60,64,세,M,근지구력,019,교차윗몸일으키기,80,90,3522,0.2053
성인,60,64,세,M,근지구력,019,교차윗몸일으키기,90,100,3600,0.2099
성인,60,64,세,M,심폐지구력,020,왕복오래달리기,0,10,330,0.0695
성인,60,64,세,M,심폐지구력,020,왕복오래달리기,10,20,187,0.0394
성인,60,64,세,M,심폐지구력,020,왕복오래달리기,20,30,201,0.0424
성인,60,64,세,M,심폐지구력,020,왕복오래달리기,30,40,0,0.0
성인,60,64,세,M,심폐지구력,020,왕복오래달리기,40,50,915,0.1928
성인,60,64,세,M,심폐지구력,020,왕복오래달리기,50,60,294,0.0619
성인,60,64,세,M,심폐지구력,020,왕복오래달리기,60,70,1188,0.2503
성인,60,64,세,M,심폐지구력,020,왕복오래달리기,70,80,272,0.0573
성인,60,64,세,M,심폐지구력,020,왕복오래달리기,80,90,735,0.1549
성인,60,64,세,M,심폐지구력,020,왕복오래달리기,90,100,624,0.1315
성인,60,64,세,M,근력,028,상대악력,0,10,539,0.0306
성인,60,64,세,M,근력,028,상대악력,10,20,193,0.011
성인,60,64,세,M,근력,028,상대악력,20,30,195,0.0111
성인,60,64,세,M,근력,028,상대악력,30,40,177,0.01
성인,60,64,세,M,근력,028,상대악력,40,50,1009,0.0573
성인,60,64,세,M,근력,028,상대악력,50,60,945,0.0536
성인,60,64,세,M,근력,028,상대악력,60,70,1807,0.1025
성인,60,64,세,M,근력,028,상대악력,70,80,1780,0.101
성인,60,64,세,M,근력,028,상대악력,80,90,5107,0.2898
성인,60,64,세,M,근력,028,상대악력,90,100,5869,0.3331
성인,60,64,세,M,심폐지구력,035,트레드밀VO2max,0,10,182,0.0573
성인,60,64,세,M,심폐지구력,035,트레드밀VO2max,10,20,113,0.0356
성인,60,64,세,M,심폐지구력,035,트레드밀VO2max,20,30,126,0.0397
성인,60,64,세,M,심폐지구력,035,트레드밀VO2max,30,40,105,0.0331
성인,60,64,세,M,심폐지구력,035,트레드밀VO2max,40,50,245,0.0771
성인,60,64,세,M,심폐지구력,035,트레드밀VO2max,50,60,184,0.0579
성인,60,64,세,M,심폐지구력,035,트레드밀VO2max,60,70,292,0.0919
성인,60,64,세,M,심폐지구력,035,트레드밀VO2max,70,80,264,0.0831
성인,60,64,세,M,심폐지구력,035,트레드밀VO2max,80,90,778,0.2449
성인,60,64,세,M,심폐지구력,035,트레드밀VO2max,90,100,888,0.2795
성인,60,64,세,M,심폐지구력,037,스텝검사VO2max,0,10,544,0.0562
성인,60,64,세,M,심폐지구력,037,스텝검사VO2max,10,20,358,0.037
성인,60,64,세,M,심폐지구력,037,스텝검사VO2max,20,30,328,0.0339
성인,60,64,세,M,심폐지구력,037,스텝검사VO2max,30,40,325,0.0336
성인,60,64,세,M,심폐지구력,037,스텝검사VO2max,40,50,749,0.0774
성인,60,64,세,M,심폐지구력,037,스텝검사VO2max,50,60,677,0.0699
성인,60,64,세,M,심폐지구력,037,스텝검사VO2max,60,70,912,0.0942
성인,60,64,세,M,심폐지구력,037,스텝검사VO2max,70,80,756,0.0781
성인,60,64,세,M,심폐지구력,037,스텝검사VO2max,80,90,2296,0.2372
성인,60,64,세,M,심폐지구력,037,스텝검사VO2max,90,100,2735,0.2825
성인,60,64,세,M,민첩성,040,반응시간,0,10,966,0.0768
성인,60,64,세,M,민첩성,040,반응시간,10,20,692,0.055
성인,60,64,세,M,민첩성,040,반응시간,20,30,680,0.054
성인,60,64,세,M,민첩성,040,반응시간,30,40,714,0.0567
성인,60,64,세,M,민첩성,040,반응시간,40,50,121,0.0096
성인,60,64,세,M,민첩성,040,반응시간,50,60,0,0.0
성인,60,64,세,M,민첩성,040,반응시간,60,70,2570,0.2042
성인,60,64,세,M,민첩성,040,반응시간,70,80,2509,0.1994
성인,60,64,세,M,민첩성,040,반응시간,80,90,1973,0.1568
성인,60,64,세,M,민첩성,040,반응시간,90,100,2358,0.1874
성인,60,64,세,M,순발력,041,성인체공시간,0,10,396,0.0752
성인,60,64,세,M,순발력,041,성인체공시간,10,20,287,0.0545
성인,60,64,세,M,순발력,041,성인체공시간,20,30,297,0.0564
성인,60,64,세,M,순발력,041,성인체공시간,30,40,296,0.0562
성인,60,64,세,M,순발력,041,성인체공시간,40,50,161,0.0306
성인,60,64,세,M,순발력,041,성인체공시간,50,60,134,0.0254
성인,60,64,세,M,순발력,041,성인체공시간,60,70,596,0.1132
성인,60,64,세,M,순발력,041,성인체공시간,70,80,538,0.1022
성인,60,64,세,M,순발력,041,성인체공시간,80,90,1167,0.2216
성인,60,64,세,M,순발력,041,성인체공시간,90,100,1394,0.2647
성인,60,64,세,F,유연성,012,앉아윗몸앞으로굽히기,0,10,725,0.0749
성인,60,64,세,F,유연성,012,앉아윗몸앞으로굽히기,10,20,540,0.0558
성인,60,64,세,F,유연성,012,앉아윗몸앞으로굽히기,20,30,548,0.0566
성인,60,64,세,F,유연성,012,앉아윗몸앞으로굽히기,30,40,499,0.0516
성인,60,64,세,F,유연성,012,앉아윗몸앞으로굽히기,40,50,970,0.1002
성인,60,64,세,F,유연성,012,앉아윗몸앞으로굽히기,50,60,934,0.0965
성인,60,64,세,F,유연성,012,앉아윗몸앞으로굽히기,60,70,1180,0.122
성인,60,64,세,F,유연성,012,앉아윗몸앞으로굽히기,70,80,1166,0.1205
성인,60,64,세,F,유연성,012,앉아윗몸앞으로굽히기,80,90,1389,0.1436
성인,60,64,세,F,유연성,012,앉아윗몸앞으로굽히기,90,100,1725,0.1783
성인,60,64,세,F,근지구력,019,교차윗몸일으키기,0,10,1436,0.15
성인,60,64,세,F,근지구력,019,교차윗몸일으키기,10,20,470,0.0491
성인,60,64,세,F,근지구력,019,교차윗몸일으키기,20,30,521,0.0544
성인,60,64,세,F,근지구력,019,교차윗몸일으키기,30,40,248,0.0259
성인,60,64,세,F,근지구력,019,교차윗몸일으키기,40,50,858,0.0896
성인,60,64,세,F,근지구력,019,교차윗몸일으키기,50,60,651,0.068
성인,60,64,세,F,근지구력,019,교차윗몸일으키기,60,70,980,0.1024
성인,60,64,세,F,근지구력,019,교차윗몸일으키기,70,80,608,0.0635
성인,60,64,세,F,근지구력,019,교차윗몸일으키기,80,90,1756,0.1834
성인,60,64,세,F,근지구력,019,교차윗몸일으키기,90,100,2046,0.2137
성인,60,64,세,F,심폐지구력,020,왕복오래달리기,0,10,291,0.154
성인,60,64,세,F,심폐지구력,020,왕복오래달리기,10,20,136,0.072
성인,60,64,세,F,심폐지구력,020,왕복오래달리기,20,30,0,0.0
성인,60,64,세,F,심폐지구력,020,왕복오래달리기,30,40,206,0.109
성인,60,64,세,F,심폐지구력,020,왕복오래달리기,40,50,342,0.181
성인,60,64,세,F,심폐지구력,020,왕복오래달리기,50,60,90,0.0476
성인,60,64,세,F,심폐지구력,020,왕복오래달리기,60,70,246,0.1302
성인,60,64,세,F,심폐지구력,020,왕복오래달리기,70,80,92,0.0487
성인,60,64,세,F,심폐지구력,020,왕복오래달리기,80,90,210,0.1111
성인,60,64,세,F,심폐지구력,020,왕복오래달리기,90,100,277,0.1466
성인,60,64,세,F,근력,028,상대악력,0,10,374,0.0342
성인,60,64,세,F,근력,028,상대악력,10,20,170,0.0156
성인,60,64,세,F,근력,028,상대악력,20,30,166,0.0152
성인,60,64,세,F,근력,028,상대악력,30,40,154,0.0141
성인,60,64,세,F,근력,028,상대악력,40,50,598,0.0547
성인,60,64,세,F,근력,028,상대악력,50,60,564,0.0516
성인,60,64,세,F,근력,028,상대악력,60,70,930,0.0851
성인,60,64,세,F,근력,028,상대악력,70,80,865,0.0792
성인,60,64,세,F,근력,028,상대악력,80,90,3329,0.3046
성인,60,64,세,F,근력,028,상대악력,90,100,3778,0.3457
성인,60,64,세,F,심폐지구력,035,트레드밀VO2max,0,10,69,0.0339
성인,60,64,세,F,심폐지구력,035,트레드밀VO2max,10,20,27,0.0133
성인,60,64,세,F,심폐지구력,035,트레드밀VO2max,20,30,32,0.0157
성인,60,64,세,F,심폐지구력,035,트레드밀VO2max,30,40,24,0.0118
성인,60,64,세,F,심폐지구력,035,트레드밀VO2max,40,50,98,0.0482
성인,60,64,세,F,심폐지구력,035,트레드밀VO2max,50,60,81,0.0398
성인,60,64,세,F,심폐지구력,035,트레드밀VO2max,60,70,129,0.0635
성인,60,64,세,F,심폐지구력,035,트레드밀VO2max,70,80,122,0.06
성인,60,64,세,F,심폐지구력,035,트레드밀VO2max,80,90,672,0.3305
성인,60,64,세,F,심폐지구력,035,트레드밀VO2max,90,100,779,0.3832
성인,60,64,세,F,심폐지구력,037,스텝검사VO2max,0,10,397,0.0573
성인,60,64,세,F,심폐지구력,037,스텝검사VO2max,10,20,246,0.0355
성인,60,64,세,F,심폐지구력,037,스텝검사VO2max,20,30,261,0.0377
성인,60,64,세,F,심폐지구력,037,스텝검사VO2max,30,40,252,0.0364
성인,60,64,세,F,심폐지구력,037,스텝검사VO2max,40,50,426,0.0615
성인,60,64,세,F,심폐지구력,037,스텝검사VO2max,50,60,357,0.0515
성인,60,64,세,F,심폐지구력,037,스텝검사VO2max,60,70,471,0.068
성인,60,64,세,F,심폐지구력,037,스텝검사VO2max,70,80,441,0.0637
성인,60,64,세,F,심폐지구력,037,스텝검사VO2max,80,90,1925,0.2779
성인,60,64,세,F,심폐지구력,037,스텝검사VO2max,90,100,2151,0.3105
성인,60,64,세,F,민첩성,040,반응시간,0,10,603,0.0759
성인,60,64,세,F,민첩성,040,반응시간,10,20,444,0.0559
성인,60,64,세,F,민첩성,040,반응시간,20,30,453,0.057
성인,60,64,세,F,민첩성,040,반응시간,30,40,428,0.0539
성인,60,64,세,F,민첩성,040,반응시간,40,50,414,0.0521
성인,60,64,세,F,민첩성,040,반응시간,50,60,402,0.0506
성인,60,64,세,F,민첩성,040,반응시간,60,70,1171,0.1473
성인,60,64,세,F,민첩성,040,반응시간,70,80,1116,0.1404
성인,60,64,세,F,민첩성,040,반응시간,80,90,1324,0.1666
성인,60,64,세,F,민첩성,040,반응시간,90,100,1593,0.2004
성인,60,64,세,F,순발력,041,성인체공시간,0,10,306,0.0755
성인,60,64,세,F,순발력,041,성인체공시간,10,20,225,0.0555
성인,60,64,세,F,순발력,041,성인체공시간,20,30,228,0.0562
성인,60,64,세,F,순발력,041,성인체공시간,30,40,228,0.0562
성인,60,64,세,F,순발력,041,성인체공시간,40,50,410,0.1011
성인,60,64,세,F,순발력,041,성인체공시간,50,60,481,0.1186
성인,60,64,세,F,순발력,041,성인체공시간,60,70,491,0.1211
성인,60,64,세,F,순발력,041,성인체공시간,70,80,420,0.1036
성인,60,64,세,F,순발력,041,성인체공시간,80,90,560,0.1381
성인,60,64,세,F,순발력,041,성인체공시간,90,100,705,0.1739
청소년,13,13,세,M,근지구력,009,윗몸말아올리기,0,10,748,0.1319
청소년,13,13,세,M,근지구력,009,윗몸말아올리기,10,20,616,0.1086
청소년,13,13,세,M,근지구력,009,윗몸말아올리기,20,30,571,0.1007
청소년,13,13,세,M,근지구력,009,윗몸말아올리기,30,40,706,0.1244
청소년,13,13,세,M,근지구력,009,윗몸말아올리기,40,50,465,0.082
청소년,13,13,세,M,근지구력,009,윗몸말아올리기,50,60,346,0.061
청소년,13,13,세,M,근지구력,009,윗몸말아올리기,60,70,294,0.0518
청소년,13,13,세,M,근지구력,009,윗몸말아올리기,70,80,248,0.0437
청소년,13,13,세,M,근지구력,009,윗몸말아올리기,80,90,326,0.0575
청소년,13,13,세,M,근지구력,009,윗몸말아올리기,90,100,1353,0.2385
청소년,13,13,세,M,근지구력,010,반복점프,0,10,534,0.0887
청소년,13,13,세,M,근지구력,010,반복점프,10,20,418,0.0694
청소년,13,13,세,M,근지구력,010,반복점프,20,30,314,0.0521
청소년,13,13,세,M,근지구력,010,반복점프,30,40,430,0.0714
청소년,13,13,세,M,근지구력,010,반복점프,40,50,525,0.0872
청소년,13,13,세,M,근지구력,010,반복점프,50,60,327,0.0543
청소년,13,13,세,M,근지구력,010,반복점프,60,70,509,0.0845
청소년,13,13,세,M,근지구력,010,반복점프,70,80,380,0.0631
청소년,13,13,세,M,근지구력,010,반복점프,80,90,1140,0.1893
청소년,13,13,세,M,근지구력,010,반복점프,90,100,1445,0.24
청소년,13,13,세,M,유연성,012,앉아윗몸앞으로굽히기,0,10,1057,0.0919
청소년,13,13,세,M,유연성,012,앉아윗몸앞으로굽히기,10,20,781,0.0679
청소년,13,13,세,M,유연성,012,앉아윗몸앞으로굽히기,20,30,767,0.0667
청소년,13,13,세,M,유연성,012,앉아윗몸앞으로굽히기,30,40,742,0.0645
청소년,13,13,세,M,유연성,012,앉아윗몸앞으로굽히기,40,50,1316,0.1144
청소년,13,13,세,M,유연성,012,앉아윗몸앞으로굽히기,50,60,1145,0.0995
청소년,13,13,세,M,유연성,012,앉아윗몸앞으로굽히기,60,70,1097,0.0953
청소년,13,13,세,M,유연성,012,앉아윗몸앞으로굽히기,70,80,1041,0.0905
청소년,13,13,세,M,유연성,012,앉아윗몸앞으로굽히기,80,90,1555,0.1352
청소년,13,13,세,M,유연성,012,앉아윗몸앞으로굽히기,90,100,2004,0.1742
청소년,13,13,세,M,민첩성,013,일리노이,0,10,862,0.0756
청소년,13,13,세,M,민첩성,013,일리노이,10,20,628,0.055
청소년,13,13,세,M,민첩성,013,일리노이,20,30,658,0.0577
청소년,13,13,세,M,민첩성,013,일리노이,30,40,641,0.0562
청소년,13,13,세,M,민첩성,013,일리노이,40,50,1299,0.1139
청소년,13,13,세,M,민첩성,013,일리노이,50,60,1268,0.1112
청소년,13,13,세,M,민첩성,013,일리노이,60,70,1338,0.1173
청소년,13,13,세,M,민첩성,013,일리노이,70,80,1250,0.1096
청소년,13,13,세,M,민첩성,013,일리노이,80,90,1534,0.1345
청소년,13,13,세,M,민첩성,013,일리노이,90,100,1930,0.1692
청소년,13,13,세,M,순발력,014,체공시간,0,10,772,0.0728
청소년,13,13,세,M,순발력,014,체공시간,10,20,568,0.0536
청소년,13,13,세,M,순발력,014,체공시간,20,30,665,0.0627
청소년,13,13,세,M,순발력,014,체공시간,30,40,593,0.0559
청소년,13,13,세,M,순발력,014,체공시간,40,50,680,0.0641
청소년,13,13,세,M,순발력,014,체공시간,50,60,627,0.0591
청소년,13,13,세,M,순발력,014,체공시간,60,70,1299,0.1225
청소년,13,13,세,M,순발력,014,체공시간,70,80,896,0.0845
청소년,13,13,세,M,순발력,014,체공시간,80,90,2095,0.1976
청소년,13,13,세,M,순발력,014,체공시간,90,100,2407,0.227
청소년,13,13,세,M,협응력,017,눈-손협응력,0,10,811,0.076
청소년,13,13,세,M,협응력,017,눈-손협응력,10,20,601,0.0563
청소년,13,13,세,M,협응력,017,눈-손협응력,20,30,600,0.0562
청소년,13,13,세,M,협응력,017,눈-손협응력,30,40,602,0.0564
청소년,13,13,세,M,협응력,017,눈-손협응력,40,50,29,0.0027
청소년,13,13,세,M,협응력,017,눈-손협응력,50,60,28,0.0026
청소년,13,13,세,M,협응력,017,눈-손협응력,60,70,1130,0.1059
청소년,13,13,세,M,협응력,017,눈-손협응력,70,80,1128,0.1057
청소년,13,13,세,M,협응력,017,눈-손협응력,80,90,2656,0.249
청소년,13,13,세,M,협응력,017,눈-손협응력,90,100,3083,0.289
청소년,13,13,세,M,심폐지구력,020,왕복오래달리기,0,10,1162,0.1014
청소년,13,13,세,M,심폐지구력,020,왕복오래달리기,10,20,971,0.0847
청소년,13,13,세,M,심폐지구력,020,왕복오래달리기,20,30,904,0.0789
청소년,13,13,세,M,심폐지구력,020,왕복오래달리기,30,40,832,0.0726
청소년,13,13,세,M,심폐지구력,020,왕복오래달리기,40,50,1280,0.1117
청소년,13,13,세,M,심폐지구력,020,왕복오래달리기,50,60,745,0.065
청소년,13,13,세,M,심폐지구력,020,왕복오래달리기,60,70,971,0.0847
청소년,13,13,세,M,심폐지구력,020,왕복오래달리기,70,80,624,0.0545
청소년,13,13,세,M,심폐지구력,020,왕복오래달리기,80,90,1848,0.1613
청소년,13,13,세,M,심폐지구력,020,왕복오래달리기,90,100,2122,0.1852
청소년,13,13,세,M,근력,028,상대악력,0,10,745,0.0643
청소년,13,13,세,M,근력,028,상대악력,10,20,522,0.0451
청소년,13,13,세,M,근력,028,상대악력,20,30,521,0.045
청소년,13,13,세,M,근력,028,상대악력,30,40,520,0.0449
청소년,13,13,세,M,근력,028,상대악력,40,50,826,0.0713
청소년,13,13,세,M,근력,028,상대악력,50,60,803,0.0693
청소년,13,13,세,M,근력,028,상대악력,60,70,940,0.0812
청소년,13,13,세,M,근력,028,상대악력,70,80,949,0.0819
청소년,13,13,세,M,근력,028,상대악력,80,90,2641,0.228
청소년,13,13,세,M,근력,028,상대악력,90,100,3116,0.269
청소년,13,13,세,M,심폐지구력,035,트레드밀VO2max,0,10,1,0.0233
청소년,13,13,세,M,심폐지구력,035,트레드밀VO2max,10,20,2,0.0465
청소년,13,13,세,M,심폐지구력,035,트레드밀VO2max,20,30,2,0.0465
청소년,13,13,세,M,심폐지구력,035,트레드밀VO2max,30,40,1,0.0233
청소년,13,13,세,M,심폐지구력,035,트레드밀VO2max,40,50,1,0.0233
청소년,13,13,세,M,심폐지구력,035,트레드밀VO2max,50,60,1,0.0233
청소년,13,13,세,M,심폐지구력,035,트레드밀VO2max,60,70,4,0.093
청소년,13,13,세,M,심폐지구력,035,트레드밀VO2max,70,80,7,0.1628
청소년,13,13,세,M,심폐지구력,035,트레드밀VO2max,80,90,10,0.2326
청소년,13,13,세,M,심폐지구력,035,트레드밀VO2max,90,100,14,0.3256
청소년,13,13,세,M,심폐지구력,037,스텝검사VO2max,0,10,2,0.0351
청소년,13,13,세,M,심폐지구력,037,스텝검사VO2max,10,20,0,0.0
청소년,13,13,세,M,심폐지구력,037,스텝검사VO2max,20,30,0,0.0
청소년,13,13,세,M,심폐지구력,037,스텝검사VO2max,30,40,0,0.0
청소년,13,13,세,M,심폐지구력,037,스텝검사VO2max,40,50,3,0.0526
청소년,13,13,세,M,심폐지구력,037,스텝검사VO2max,50,60,2,0.0351
청소년,13,13,세,M,심폐지구력,037,스텝검사VO2max,60,70,1,0.0175
청소년,13,13,세,M,심폐지구력,037,스텝검사VO2max,70,80,3,0.0526
청소년,13,13,세,M,심폐지구력,037,스텝검사VO2max,80,90,20,0.3509
청소년,13,13,세,M,심폐지구력,037,스텝검사VO2max,90,100,26,0.4561
청소년,13,13,세,F,근지구력,009,윗몸말아올리기,0,10,673,0.145
청소년,13,13,세,F,근지구력,009,윗몸말아올리기,10,20,567,0.1222
청소년,13,13,세,F,근지구력,009,윗몸말아올리기,20,30,575,0.1239
청소년,13,13,세,F,근지구력,009,윗몸말아올리기,30,40,433,0.0933
청소년,13,13,세,F,근지구력,009,윗몸말아올리기,40,50,503,0.1084
청소년,13,13,세,F,근지구력,009,윗몸말아올리기,50,60,534,0.1151
청소년,13,13,세,F,근지구력,009,윗몸말아올리기,60,70,243,0.0524
청소년,13,13,세,F,근지구력,009,윗몸말아올리기,70,80,190,0.0409
청소년,13,13,세,F,근지구력,009,윗몸말아올리기,80,90,284,0.0612
청소년,13,13,세,F,근지구력,009,윗몸말아올리기,90,100,638,0.1375
청소년,13,13,세,F,근지구력,010,반복점프,0,10,383,0.0826
청소년,13,13,세,F,근지구력,010,반복점프,10,20,316,0.0682
청소년,13,13,세,F,근지구력,010,반복점프,20,30,222,0.0479
청소년,13,13,세,F,근지구력,010,반복점프,30,40,276,0.0596
청소년,13,13,세,F,근지구력,010,반복점프,40,50,494,0.1066
청소년,13,13,세,F,근지구력,010,반복점프,50,60,316,0.0682
청소년,13,13,세,F,근지구력,010,반복점프,60,70,409,0.0883
청소년,13,13,세,F,근지구력,010,반복점프,70,80,201,0.0434
청소년,13,13,세,F,근지구력,010,반복점프,80,90,956,0.2063
청소년,13,13,세,F,근지구력,010,반복점프,90,100,1061,0.229
청소년,13,13,세,F,유연성,012,앉아윗몸앞으로굽히기,0,10,842,0.0919
청소년,13,13,세,F,유연성,012,앉아윗몸앞으로굽히기,10,20,712,0.0777
청소년,13,13,세,F,유연성,012,앉아윗몸앞으로굽히기,20,30,621,0.0677
청소년,13,13,세,F,유연성,012,앉아윗몸앞으로굽히기,30,40,778,0.0849
청소년,13,13,세,F,유연성,012,앉아윗몸앞으로굽히기,40,50,834,0.091
청소년,13,13,세,F,유연성,012,앉아윗몸앞으로굽히기,50,60,741,0.0808
청소년,13,13,세,F,유연성,012,앉아윗몸앞으로굽히기,60,70,962,0.1049
청소년,13,13,세,F,유연성,012,앉아윗몸앞으로굽히기,70,80,819,0.0893
청소년,13,13,세,F,유연성,012,앉아윗몸앞으로굽히기,80,90,1234,0.1346
청소년,13,13,세,F,유연성,012,앉아윗몸앞으로굽히기,90,100,1624,0.1772
청소년,13,13,세,F,민첩성,013,일리노이,0,10,684,0.0756
청소년,13,13,세,F,민첩성,013,일리노이,10,20,513,0.0567
청소년,13,13,세,F,민첩성,013,일리노이,20,30,499,0.0552
청소년,13,13,세,F,민첩성,013,일리노이,30,40,518,0.0573
청소년,13,13,세,F,민첩성,013,일리노이,40,50,962,0.1064
청소년,13,13,세,F,민첩성,013,일리노이,50,60,959,0.106
청소년,13,13,세,F,민첩성,013,일리노이,60,70,1035,0.1144
청소년,13,13,세,F,민첩성,013,일리노이,70,80,980,0.1083
청소년,13,13,세,F,민첩성,013,일리노이,80,90,1287,0.1423
청소년,13,13,세,F,민첩성,013,일리노이,90,100,1608,0.1778
청소년,13,13,세,F,순발력,014,체공시간,0,10,639,0.0767
청소년,13,13,세,F,순발력,014,체공시간,10,20,471,0.0566
청소년,13,13,세,F,순발력,014,체공시간,20,30,467,0.0561
청소년,13,13,세,F,순발력,014,체공시간,30,40,462,0.0555
청소년,13,13,세,F,순발력,014,체공시간,40,50,748,0.0898
청소년,13,13,세,F,순발력,014,체공시간,50,60,978,0.1175
청소년,13,13,세,F,순발력,014,체공시간,60,70,922,0.1107
청소년,13,13,세,F,순발력,014,체공시간,70,80,720,0.0865
청소년,13,13,세,F,순발력,014,체공시간,80,90,1348,0.1619
청소년,13,13,세,F,순발력,014,체공시간,90,100,1571,0.1887
청소년,13,13,세,F,심폐지구력,020,왕복오래달리기,0,10,816,0.0897
청소년,13,13,세,F,심폐지구력,020,왕복오래달리기,10,20,750,0.0825
청소년,13,13,세,F,심폐지구력,020,왕복오래달리기,20,30,799,0.0879
청소년,13,13,세,F,심폐지구력,020,왕복오래달리기,30,40,721,0.0793
청소년,13,13,세,F,심폐지구력,020,왕복오래달리기,40,50,1199,0.1319
청소년,13,13,세,F,심폐지구력,020,왕복오래달리기,50,60,918,0.101
청소년,13,13,세,F,심폐지구력,020,왕복오래달리기,60,70,945,0.1039
청소년,13,13,세,F,심폐지구력,020,왕복오래달리기,70,80,656,0.0721
청소년,13,13,세,F,심폐지구력,020,왕복오래달리기,80,90,969,0.1066
청소년,13,13,세,F,심폐지구력,020,왕복오래달리기,90,100,1320,0.1452
청소년,13,13,세,F,근력,028,상대악력,0,10,484,0.0528
청소년,13,13,세,F,근력,028,상대악력,10,20,305,0.0332
청소년,13,13,세,F,근력,028,상대악력,20,30,290,0.0316
청소년,13,13,세,F,근력,028,상대악력,30,40,299,0.0326
청소년,13,13,세,F,근력,028,상대악력,40,50,631,0.0688
청소년,13,13,세,F,근력,028,상대악력,50,60,620,0.0676
청소년,13,13,세,F,근력,028,상대악력,60,70,777,0.0847
청소년,13,13,세,F,근력,028,상대악력,70,80,737,0.0803
청소년,13,13,세,F,근력,028,상대악력,80,90,2345,0.2556
청소년,13,13,세,F,근력,028,상대악력,90,100,2686,0.2928
청소년,13,13,세,F,심폐지구력,035,트레드밀VO2max,0,10,1,0.04
청소년,13,13,세,F,심폐지구력,035,트레드밀VO2max,10,20,0,0.0
청소년,13,13,세,F,심폐지구력,035,트레드밀VO2max,20,30,2,0.08
청소년,13,13,세,F,심폐지구력,035,트레드밀VO2max,30,40,1,0.04
청소년,13,13,세,F,심폐지구력,035,트레드밀VO2max,40,50,0,0.0
청소년,13,13,세,F,심폐지구력,035,트레드밀VO2max,50,60,1,0.04
청소년,13,13,세,F,심폐지구력,035,트레드밀VO2max,60,70,4,0.16
청소년,13,13,세,F,심폐지구력,035,트레드밀VO2max,70,80,1,0.04
청소년,13,13,세,F,심폐지구력,035,트레드밀VO2max,80,90,10,0.4
청소년,13,13,세,F,심폐지구력,035,트레드밀VO2max,90,100,5,0.2
청소년,13,13,세,F,심폐지구력,037,스텝검사VO2max,0,10,1,0.0278
청소년,13,13,세,F,심폐지구력,037,스텝검사VO2max,10,20,0,0.0
청소년,13,13,세,F,심폐지구력,037,스텝검사VO2max,20,30,0,0.0
청소년,13,13,세,F,심폐지구력,037,스텝검사VO2max,30,40,0,0.0
청소년,13,13,세,F,심폐지구력,037,스텝검사VO2max,40,50,1,0.0278
청소년,13,13,세,F,심폐지구력,037,스텝검사VO2max,50,60,0,0.0
청소년,13,13,세,F,심폐지구력,037,스텝검사VO2max,60,70,1,0.0278
청소년,13,13,세,F,심폐지구력,037,스텝검사VO2max,70,80,2,0.0556
청소년,13,13,세,F,심폐지구력,037,스텝검사VO2max,80,90,14,0.3889
청소년,13,13,세,F,심폐지구력,037,스텝검사VO2max,90,100,17,0.4722
청소년,14,14,세,M,근지구력,009,윗몸말아올리기,0,10,784,0.1391
청소년,14,14,세,M,근지구력,009,윗몸말아올리기,10,20,634,0.1125
청소년,14,14,세,M,근지구력,009,윗몸말아올리기,20,30,534,0.0948
청소년,14,14,세,M,근지구력,009,윗몸말아올리기,30,40,773,0.1372
청소년,14,14,세,M,근지구력,009,윗몸말아올리기,40,50,341,0.0605
청소년,14,14,세,M,근지구력,009,윗몸말아올리기,50,60,371,0.0658
청소년,14,14,세,M,근지구력,009,윗몸말아올리기,60,70,329,0.0584
청소년,14,14,세,M,근지구력,009,윗몸말아올리기,70,80,220,0.039
청소년,14,14,세,M,근지구력,009,윗몸말아올리기,80,90,408,0.0724
청소년,14,14,세,M,근지구력,009,윗몸말아올리기,90,100,1241,0.2202
청소년,14,14,세,M,근지구력,010,반복점프,0,10,432,0.0756
청소년,14,14,세,M,근지구력,010,반복점프,10,20,305,0.0534
청소년,14,14,세,M,근지구력,010,반복점프,20,30,293,0.0513
청소년,14,14,세,M,근지구력,010,반복점프,30,40,246,0.043
청소년,14,14,세,M,근지구력,010,반복점프,40,50,480,0.084
청소년,14,14,세,M,근지구력,010,반복점프,50,60,351,0.0614
청소년,14,14,세,M,근지구력,010,반복점프,60,70,710,0.1242
청소년,14,14,세,M,근지구력,010,반복점프,70,80,438,0.0766
청소년,14,14,세,M,근지구력,010,반복점프,80,90,1221,0.2136
청소년,14,14,세,M,근지구력,010,반복점프,90,100,1240,0.2169
청소년,14,14,세,M,유연성,012,앉아윗몸앞으로굽히기,0,10,1118,0.0994
청소년,14,14,세,M,유연성,012,앉아윗몸앞으로굽히기,10,20,814,0.0724
청소년,14,14,세,M,유연성,012,앉아윗몸앞으로굽히기,20,30,698,0.0621
청소년,14,14,세,M,유연성,012,앉아윗몸앞으로굽히기,30,40,975,0.0867
청소년,14,14,세,M,유연성,012,앉아윗몸앞으로굽히기,40,50,1028,0.0914
청소년,14,14,세,M,유연성,012,앉아윗몸앞으로굽히기,50,60,971,0.0864
청소년,14,14,세,M,유연성,012,앉아윗몸앞으로굽히기,60,70,1068,0.095
청소년,14,14,세,M,유연성,012,앉아윗몸앞으로굽히기,70,80,972,0.0865
청소년,14,14,세,M,유연성,012,앉아윗몸앞으로굽히기,80,90,1574,0.14
청소년,14,14,세,M,유연성,012,앉아윗몸앞으로굽히기,90,100,2025,0.1801
청소년,14,14,세,M,민첩성,013,일리노이,0,10,846,0.0758
청소년,14,14,세,M,민첩성,013,일리노이,10,20,629,0.0563
청소년,14,14,세,M,민첩성,013,일리노이,20,30,620,0.0555
청소년,14,14,세,M,민첩성,013,일리노이,30,40,620,0.0555
청소년,14,14,세,M,민첩성,013,일리노이,40,50,1163,0.1042
청소년,14,14,세,M,민첩성,013,일리노이,50,60,1115,0.0999
청소년,14,14,세,M,민첩성,013,일리노이,60,70,1296,0.1161
청소년,14,14,세,M,민첩성,013,일리노이,70,80,1230,0.1102
청소년,14,14,세,M,민첩성,013,일리노이,80,90,1617,0.1448
청소년,14,14,세,M,민첩성,013,일리노이,90,100,2028,0.1817
청소년,14,14,세,M,순발력,014,체공시간,0,10,755,0.0722
청소년,14,14,세,M,순발력,014,체공시간,10,20,680,0.065
청소년,14,14,세,M,순발력,014,체공시간,20,30,584,0.0559
청소년,14,14,세,M,순발력,014,체공시간,30,40,475,0.0454
청소년,14,14,세,M,순발력,014,체공시간,40,50,909,0.0869
청소년,14,14,세,M,순발력,014,체공시간,50,60,700,0.067
청소년,14,14,세,M,순발력,014,체공시간,60,70,1014,0.097
청소년,14,14,세,M,순발력,014,체공시간,70,80,1187,0.1135
청소년,14,14,세,M,순발력,014,체공시간,80,90,1742,0.1666
청소년,14,14,세,M,순발력,014,체공시간,90,100,2409,0.2304
청소년,14,14,세,M,심폐지구력,020,왕복오래달리기,0,10,1214,0.1084
청소년,14,14,세,M,심폐지구력,020,왕복오래달리기,10,20,1050,0.0938
청소년,14,14,세,M,심폐지구력,020,왕복오래달리기,20,30,914,0.0816
청소년,14,14,세,M,심폐지구력,020,왕복오래달리기,30,40,980,0.0875
청소년,14,14,세,M,심폐지구력,020,왕복오래달리기,40,50,765,0.0683
청소년,14,14,세,M,심폐지구력,020,왕복오래달리기,50,60,1056,0.0943
청소년,14,14,세,M,심폐지구력,020,왕복오래달리기,60,70,684,0.0611
청소년,14,14,세,M,심폐지구력,020,왕복오래달리기,70,80,881,0.0787
청소년,14,14,세,M,심폐지구력,020,왕복오래달리기,80,90,1596,0.1426
청소년,14,14,세,M,심폐지구력,020,왕복오래달리기,90,100,2055,0.1836
청소년,14,14,세,M,근력,028,상대악력,0,10,716,0.0633
청소년,14,14,세,M,근력,028,상대악력,10,20,494,0.0437
청소년,14,14,세,M,근력,028,상대악력,20,30,499,0.0441
청소년,14,14,세,M,근력,028,상대악력,30,40,480,0.0424
청소년,14,14,세,M,근력,028,상대악력,40,50,759,0.0671
청소년,14,14,세,M,근력,028,상대악력,50,60,732,0.0647
청소년,14,14,세,M,근력,028,상대악력,60,70,841,0.0743
청소년,14,14,세,M,근력,028,상대악력,70,80,840,0.0742
청소년,14,14,세,M,근력,028,상대악력,80,90,2760,0.2439
청소년,14,14,세,M,근력,028,상대악력,90,100,3195,0.2823
청소년,14,14,세,M,심폐지구력,035,트레드밀VO2max,0,10,1,0.027
청소년,14,14,세,M,심폐지구력,035,트레드밀VO2max,10,20,1,0.027
청소년,14,14,세,M,심폐지구력,035,트레드밀VO2max,20,30,1,0.027
청소년,14,14,세,M,심폐지구력,035,트레드밀VO2max,30,40,0,0.0
청소년,14,14,세,M,심폐지구력,035,트레드밀VO2max,40,50,2,0.0541
청소년,14,14,세,M,심폐지구력,035,트레드밀VO2max,50,60,1,0.027
청소년,14,14,세,M,심폐지구력,035,트레드밀VO2max,60,70,4,0.1081
청소년,14,14,세,M,심폐지구력,035,트레드밀VO2max,70,80,3,0.0811
청소년,14,14,세,M,심폐지구력,035,트레드밀VO2max,80,90,9,0.2432
청소년,14,14,세,M,심폐지구력,035,트레드밀VO2max,90,100,15,0.4054
청소년,14,14,세,M,심폐지구력,037,스텝검사VO2max,0,10,3,0.0469
청소년,14,14,세,M,심폐지구력,037,스텝검사VO2max,10,20,1,0.0156
청소년,14,14,세,M,심폐지구력,037,스텝검사VO2max,20,30,1,0.0156
청소년,14,14,세,M,심폐지구력,037,스텝검사VO2max,30,40,1,0.0156
청소년,14,14,세,M,심폐지구력,037,스텝검사VO2max,40,50,3,0.0469
청소년,14,14,세,M,심폐지구력,037,스텝검사VO2max,50,60,2,0.0312
청소년,14,14,세,M,심폐지구력,037,스텝검사VO2max,60,70,4,0.0625
청소년,14,14,세,M,심폐지구력,037,스텝검사VO2max,70,80,4,0.0625
청소년,14,14,세,M,심폐지구력,037,스텝검사VO2max,80,90,18,0.2812
청소년,14,14,세,M,심폐지구력,037,스텝검사VO2max,90,100,27,0.4219
청소년,14,14,세,F,근지구력,009,윗몸말아올리기,0,10,719,0.1547
청소년,14,14,세,F,근지구력,009,윗몸말아올리기,10,20,592,0.1274
청소년,14,14,세,F,근지구력,009,윗몸말아올리기,20,30,542,0.1166
청소년,14,14,세,F,근지구력,009,윗몸말아올리기,30,40,552,0.1188
청소년,14,14,세,F,근지구력,009,윗몸말아올리기,40,50,517,0.1112
청소년,14,14,세,F,근지구력,009,윗몸말아올리기,50,60,462,0.0994
청소년,14,14,세,F,근지구력,009,윗몸말아올리기,60,70,216,0.0465
청소년,14,14,세,F,근지구력,009,윗몸말아올리기,70,80,185,0.0398
청소년,14,14,세,F,근지구력,009,윗몸말아올리기,80,90,289,0.0622
청소년,14,14,세,F,근지구력,009,윗몸말아올리기,90,100,574,0.1235
청소년,14,14,세,F,근지구력,010,반복점프,0,10,333,0.0861
청소년,14,14,세,F,근지구력,010,반복점프,10,20,233,0.0603
청소년,14,14,세,F,근지구력,010,반복점프,20,30,219,0.0566
청소년,14,14,세,F,근지구력,010,반복점프,30,40,244,0.0631
청소년,14,14,세,F,근지구력,010,반복점프,40,50,408,0.1055
청소년,14,14,세,F,근지구력,010,반복점프,50,60,239,0.0618
청소년,14,14,세,F,근지구력,010,반복점프,60,70,402,0.104
청소년,14,14,세,F,근지구력,010,반복점프,70,80,326,0.0843
청소년,14,14,세,F,근지구력,010,반복점프,80,90,682,0.1764
청소년,14,14,세,F,근지구력,010,반복점프,90,100,781,0.202
청소년,14,14,세,F,유연성,012,앉아윗몸앞으로굽히기,0,10,853,0.1011
청소년,14,14,세,F,유연성,012,앉아윗몸앞으로굽히기,10,20,638,0.0756
청소년,14,14,세,F,유연성,012,앉아윗몸앞으로굽히기,20,30,699,0.0828
청소년,14,14,세,F,유연성,012,앉아윗몸앞으로굽히기,30,40,702,0.0832
청소년,14,14,세,F,유연성,012,앉아윗몸앞으로굽히기,40,50,699,0.0828
청소년,14,14,세,F,유연성,012,앉아윗몸앞으로굽히기,50,60,799,0.0947
청소년,14,14,세,F,유연성,012,앉아윗몸앞으로굽히기,60,70,781,0.0926
청소년,14,14,세,F,유연성,012,앉아윗몸앞으로굽히기,70,80,759,0.09
청소년,14,14,세,F,유연성,012,앉아윗몸앞으로굽히기,80,90,1113,0.1319
청소년,14,14,세,F,유연성,012,앉아윗몸앞으로굽히기,90,100,1394,0.1652
청소년,14,14,세,F,민첩성,013,일리노이,0,10,648,0.0773
청소년,14,14,세,F,민첩성,013,일리노이,10,20,464,0.0554
청소년,14,14,세,F,민첩성,013,일리노이,20,30,474,0.0566
청소년,14,14,세,F,민첩성,013,일리노이,30,40,457,0.0545
청소년,14,14,세,F,민첩성,013,일리노이,40,50,767,0.0915
청소년,14,14,세,F,민첩성,013,일리노이,50,60,743,0.0887
청소년,14,14,세,F,민첩성,013,일리노이,60,70,1059,0.1264
청소년,14,14,세,F,민첩성,013,일리노이,70,80,1032,0.1232
청소년,14,14,세,F,민첩성,013,일리노이,80,90,1212,0.1446
청소년,14,14,세,F,민첩성,013,일리노이,90,100,1524,0.1819
청소년,14,14,세,F,순발력,014,체공시간,0,10,585,0.0753
청소년,14,14,세,F,순발력,014,체공시간,10,20,439,0.0565
청소년,14,14,세,F,순발력,014,체공시간,20,30,433,0.0558
청소년,14,14,세,F,순발력,014,체공시간,30,40,427,0.055
청소년,14,14,세,F,순발력,014,체공시간,40,50,991,0.1276
청소년,14,14,세,F,순발력,014,체공시간,50,60,845,0.1088
청소년,14,14,세,F,순발력,014,체공시간,60,70,695,0.0895
청소년,14,14,세,F,순발력,014,체공시간,70,80,1100,0.1417
청소년,14,14,세,F,순발력,014,체공시간,80,90,963,0.124
청소년,14,14,세,F,순발력,014,체공시간,90,100,1287,0.1657
청소년,14,14,세,F,협응력,017,눈-손협응력,0,10,599,0.076
청소년,14,14,세,F,협응력,017,눈-손협응력,10,20,444,0.0563
청소년,14,14,세,F,협응력,017,눈-손협응력,20,30,439,0.0557
청소년,14,14,세,F,협응력,017,눈-손협응력,30,40,449,0.057
청소년,14,14,세,F,협응력,017,눈-손협응력,40,50,111,0.0141
청소년,14,14,세,F,협응력,017,눈-손협응력,50,60,110,0.014
청소년,14,14,세,F,협응력,017,눈-손협응력,60,70,773,0.0981
청소년,14,14,세,F,협응력,017,눈-손협응력,70,80,773,0.0981
청소년,14,14,세,F,협응력,017,눈-손협응력,80,90,1937,0.2457
청소년,14,14,세,F,협응력,017,눈-손협응력,90,100,2248,0.2852
청소년,14,14,세,F,심폐지구력,020,왕복오래달리기,0,10,695,0.0826
청소년,14,14,세,F,심폐지구력,020,왕복오래달리기,10,20,830,0.0987
청소년,14,14,세,F,심폐지구력,020,왕복오래달리기,20,30,587,0.0698
청소년,14,14,세,F,심폐지구력,020,왕복오래달리기,30,40,1009,0.1199
청소년,14,14,세,F,심폐지구력,020,왕복오래달리기,40,50,1107,0.1316
청소년,14,14,세,F,심폐지구력,020,왕복오래달리기,50,60,1142,0.1357
청소년,14,14,세,F,심폐지구력,020,왕복오래달리기,60,70,846,0.1006
청소년,14,14,세,F,심폐지구력,020,왕복오래달리기,70,80,515,0.0612
청소년,14,14,세,F,심폐지구력,020,왕복오래달리기,80,90,643,0.0764
청소년,14,14,세,F,심폐지구력,020,왕복오래달리기,90,100,1039,0.1235
청소년,14,14,세,F,근력,028,상대악력,0,10,424,0.0499
청소년,14,14,세,F,근력,028,상대악력,10,20,269,0.0317
청소년,14,14,세,F,근력,028,상대악력,20,30,253,0.0298
청소년,14,14,세,F,근력,028,상대악력,30,40,248,0.0292
청소년,14,14,세,F,근력,028,상대악력,40,50,584,0.0687
청소년,14,14,세,F,근력,028,상대악력,50,60,553,0.0651
청소년,14,14,세,F,근력,028,상대악력,60,70,735,0.0865
청소년,14,14,세,F,근력,028,상대악력,70,80,718,0.0845
청소년,14,14,세,F,근력,028,상대악력,80,90,2189,0.2576
청소년,14,14,세,F,근력,028,상대악력,90,100,2526,0.2972
청소년,14,14,세,F,심폐지구력,035,트레드밀VO2max,0,10,1,0.0435
청소년,14,14,세,F,심폐지구력,035,트레드밀VO2max,10,20,0,0.0
청소년,14,14,세,F,심폐지구력,035,트레드밀VO2max,20,30,1,0.0435
청소년,14,14,세,F,심폐지구력,035,트레드밀VO2max,30,40,6,0.2609
청소년,14,14,세,F,심폐지구력,035,트레드밀VO2max,40,50,1,0.0435
청소년,14,14,세,F,심폐지구력,035,트레드밀VO2max,50,60,1,0.0435
청소년,14,14,세,F,심폐지구력,035,트레드밀VO2max,60,70,2,0.087
청소년,14,14,세,F,심폐지구력,035,트레드밀VO2max,70,80,2,0.087
청소년,14,14,세,F,심폐지구력,035,트레드밀VO2max,80,90,4,0.1739
청소년,14,14,세,F,심폐지구력,035,트레드밀VO2max,90,100,5,0.2174
청소년,14,14,세,F,심폐지구력,037,스텝검사VO2max,0,10,3,0.0492
청소년,14,14,세,F,심폐지구력,037,스텝검사VO2max,10,20,0,0.0
청소년,14,14,세,F,심폐지구력,037,스텝검사VO2max,20,30,2,0.0328
청소년,14,14,세,F,심폐지구력,037,스텝검사VO2max,30,40,1,0.0164
청소년,14,14,세,F,심폐지구력,037,스텝검사VO2max,40,50,2,0.0328
청소년,14,14,세,F,심폐지구력,037,스텝검사VO2max,50,60,2,0.0328
청소년,14,14,세,F,심폐지구력,037,스텝검사VO2max,60,70,4,0.0656
청소년,14,14,세,F,심폐지구력,037,스텝검사VO2max,70,80,3,0.0492
청소년,14,14,세,F,심폐지구력,037,스텝검사VO2max,80,90,17,0.2787
청소년,14,14,세,F,심폐지구력,037,스텝검사VO2max,90,100,27,0.4426
청소년,15,15,세,M,근지구력,009,윗몸말아올리기,0,10,768,0.1084
청소년,15,15,세,M,근지구력,009,윗몸말아올리기,10,20,611,0.0863
청소년,15,15,세,M,근지구력,009,윗몸말아올리기,20,30,595,0.084
청소년,15,15,세,M,근지구력,009,윗몸말아올리기,30,40,585,0.0826
청소년,15,15,세,M,근지구력,009,윗몸말아올리기,40,50,745,0.1052
청소년,15,15,세,M,근지구력,009,윗몸말아올리기,50,60,631,0.0891
청소년,15,15,세,M,근지구력,009,윗몸말아올리기,60,70,483,0.0682
청소년,15,15,세,M,근지구력,009,윗몸말아올리기,70,80,374,0.0528
청소년,15,15,세,M,근지구력,009,윗몸말아올리기,80,90,1059,0.1495
청소년,15,15,세,M,근지구력,009,윗몸말아올리기,90,100,1231,0.1738
청소년,15,15,세,M,근지구력,010,반복점프,0,10,744,0.0771
청소년,15,15,세,M,근지구력,010,반복점프,10,20,544,0.0564
청소년,15,15,세,M,근지구력,010,반복점프,20,30,425,0.0441
청소년,15,15,세,M,근지구력,010,반복점프,30,40,513,0.0532
청소년,15,15,세,M,근지구력,010,반복점프,40,50,978,0.1014
청소년,15,15,세,M,근지구력,010,반복점프,50,60,587,0.0609
청소년,15,15,세,M,근지구력,010,반복점프,60,70,1346,0.1395
청소년,15,15,세,M,근지구력,010,반복점프,70,80,707,0.0733
청소년,15,15,세,M,근지구력,010,반복점프,80,90,1675,0.1736
청소년,15,15,세,M,근지구력,010,반복점프,90,100,2127,0.2205
청소년,15,15,세,M,유연성,012,앉아윗몸앞으로굽히기,0,10,1426,0.0853
청소년,15,15,세,M,유연성,012,앉아윗몸앞으로굽히기,10,20,1072,0.0641
청소년,15,15,세,M,유연성,012,앉아윗몸앞으로굽히기,20,30,948,0.0567
청소년,15,15,세,M,유연성,012,앉아윗몸앞으로굽히기,30,40,1152,0.0689
청소년,15,15,세,M,유연성,012,앉아윗몸앞으로굽히기,40,50,1563,0.0934
청소년,15,15,세,M,유연성,012,앉아윗몸앞으로굽히기,50,60,1591,0.0951
청소년,15,15,세,M,유연성,012,앉아윗몸앞으로굽히기,60,70,1657,0.0991
청소년,15,15,세,M,유연성,012,앉아윗몸앞으로굽히기,70,80,1649,0.0986
청소년,15,15,세,M,유연성,012,앉아윗몸앞으로굽히기,80,90,2445,0.1462
청소년,15,15,세,M,유연성,012,앉아윗몸앞으로굽히기,90,100,3224,0.1927
청소년,15,15,세,M,민첩성,013,일리노이,0,10,1262,0.0761
청소년,15,15,세,M,민첩성,013,일리노이,10,20,936,0.0564
청소년,15,15,세,M,민첩성,013,일리노이,20,30,944,0.0569
청소년,15,15,세,M,민첩성,013,일리노이,30,40,909,0.0548
청소년,15,15,세,M,민첩성,013,일리노이,40,50,611,0.0368
청소년,15,15,세,M,민첩성,013,일리노이,50,60,542,0.0327
청소년,15,15,세,M,민첩성,013,일리노이,60,70,1931,0.1164
청소년,15,15,세,M,민첩성,013,일리노이,70,80,1912,0.1152
청소년,15,15,세,M,민첩성,013,일리노이,80,90,3423,0.2063
청소년,15,15,세,M,민첩성,013,일리노이,90,100,4122,0.2484
청소년,15,15,세,M,순발력,014,체공시간,0,10,1184,0.0748
청소년,15,15,세,M,순발력,014,체공시간,10,20,812,0.0513
청소년,15,15,세,M,순발력,014,체공시간,20,30,967,0.0611
청소년,15,15,세,M,순발력,014,체공시간,30,40,875,0.0553
청소년,15,15,세,M,순발력,014,체공시간,40,50,885,0.0559
청소년,15,15,세,M,순발력,014,체공시간,50,60,845,0.0534
청소년,15,15,세,M,순발력,014,체공시간,60,70,1676,0.1059
청소년,15,15,세,M,순발력,014,체공시간,70,80,1905,0.1203
청소년,15,15,세,M,순발력,014,체공시간,80,90,3036,0.1918
청소년,15,15,세,M,순발력,014,체공시간,90,100,3648,0.2304
청소년,15,15,세,M,협응력,017,눈-손협응력,0,10,1150,0.076
청소년,15,15,세,M,협응력,017,눈-손협응력,10,20,853,0.0564
청소년,15,15,세,M,협응력,017,눈-손협응력,20,30,853,0.0564
청소년,15,15,세,M,협응력,017,눈-손협응력,30,40,852,0.0563
청소년,15,15,세,M,협응력,017,눈-손협응력,40,50,6,0.0004
청소년,15,15,세,M,협응력,017,눈-손협응력,50,60,4,0.0003
청소년,15,15,세,M,협응력,017,눈-손협응력,60,70,1387,0.0917
청소년,15,15,세,M,협응력,017,눈-손협응력,70,80,1388,0.0917
청소년,15,15,세,M,협응력,017,눈-손협응력,80,90,4023,0.2658
청소년,15,15,세,M,협응력,017,눈-손협응력,90,100,4617,0.3051
청소년,15,15,세,M,심폐지구력,020,왕복오래달리기,0,10,1743,0.1054
청소년,15,15,세,M,심폐지구력,020,왕복오래달리기,10,20,1353,0.0818
청소년,15,15,세,M,심폐지구력,020,왕복오래달리기,20,30,1310,0.0792
청소년,15,15,세,M,심폐지구력,020,왕복오래달리기,30,40,1533,0.0927
청소년,15,15,세,M,심폐지구력,020,왕복오래달리기,40,50,1573,0.0951
청소년,15,15,세,M,심폐지구력,020,왕복오래달리기,50,60,1182,0.0715
청소년,15,15,세,M,심폐지구력,020,왕복오래달리기,60,70,1077,0.0651
청소년,15,15,세,M,심폐지구력,020,왕복오래달리기,70,80,1357,0.0821
청소년,15,15,세,M,심폐지구력,020,왕복오래달리기,80,90,2481,0.15
청소년,15,15,세,M,심폐지구력,020,왕복오래달리기,90,100,2927,0.177
청소년,15,15,세,M,근력,028,상대악력,0,10,1099,0.0649
청소년,15,15,세,M,근력,028,상대악력,10,20,770,0.0455
청소년,15,15,세,M,근력,028,상대악력,20,30,774,0.0457
청소년,15,15,세,M,근력,028,상대악력,30,40,762,0.045
청소년,15,15,세,M,근력,028,상대악력,40,50,1226,0.0724
청소년,15,15,세,M,근력,028,상대악력,50,60,1178,0.0696
청소년,15,15,세,M,근력,028,상대악력,60,70,1420,0.0839
청소년,15,15,세,M,근력,028,상대악력,70,80,1366,0.0807
청소년,15,15,세,M,근력,028,상대악력,80,90,3854,0.2276
청소년,15,15,세,M,근력,028,상대악력,90,100,4481,0.2647
청소년,15,15,세,M,심폐지구력,035,트레드밀VO2max,0,10,3,0.0545
청소년,15,15,세,M,심폐지구력,035,트레드밀VO2max,10,20,2,0.0364
청소년,15,15,세,M,심폐지구력,035,트레드밀VO2max,20,30,1,0.0182
청소년,15,15,세,M,심폐지구력,035,트레드밀VO2max,30,40,2,0.0364
청소년,15,15,세,M,심폐지구력,035,트레드밀VO2max,40,50,3,0.0545
청소년,15,15,세,M,심폐지구력,035,트레드밀VO2max,50,60,3,0.0545
청소년,15,15,세,M,심폐지구력,035,트레드밀VO2max,60,70,5,0.0909
청소년,15,15,세,M,심폐지구력,035,트레드밀VO2max,70,80,5,0.0909
청소년,15,15,세,M,심폐지구력,035,트레드밀VO2max,80,90,12,0.2182
청소년,15,15,세,M,심폐지구력,035,트레드밀VO2max,90,100,19,0.3455
청소년,15,15,세,M,심폐지구력,037,스텝검사VO2max,0,10,14,0.0465
청소년,15,15,세,M,심폐지구력,037,스텝검사VO2max,10,20,8,0.0266
청소년,15,15,세,M,심폐지구력,037,스텝검사VO2max,20,30,5,0.0166
청소년,15,15,세,M,심폐지구력,037,스텝검사VO2max,30,40,11,0.0365
청소년,15,15,세,M,심폐지구력,037,스텝검사VO2max,40,50,28,0.093
청소년,15,15,세,M,심폐지구력,037,스텝검사VO2max,50,60,24,0.0797
청소년,15,15,세,M,심폐지구력,037,스텝검사VO2max,60,70,38,0.1262
청소년,15,15,세,M,심폐지구력,037,스텝검사VO2max,70,80,31,0.103
청소년,15,15,세,M,심폐지구력,037,스텝검사VO2max,80,90,64,0.2126
청소년,15,15,세,M,심폐지구력,037,스텝검사VO2max,90,100,78,0.2591
청소년,15,15,세,F,근지구력,009,윗몸말아올리기,0,10,886,0.1567
청소년,15,15,세,F,근지구력,009,윗몸말아올리기,10,20,658,0.1164
청소년,15,15,세,F,근지구력,009,윗몸말아올리기,20,30,685,0.1212
청소년,15,15,세,F,근지구력,009,윗몸말아올리기,30,40,695,0.1229
청소년,15,15,세,F,근지구력,009,윗몸말아올리기,40,50,744,0.1316
청소년,15,15,세,F,근지구력,009,윗몸말아올리기,50,60,707,0.1251
청소년,15,15,세,F,근지구력,009,윗몸말아올리기,60,70,184,0.0325
청소년,15,15,세,F,근지구력,009,윗몸말아올리기,70,80,387,0.0685
청소년,15,15,세,F,근지구력,009,윗몸말아올리기,80,90,260,0.046
청소년,15,15,세,F,근지구력,009,윗몸말아올리기,90,100,447,0.0791
청소년,15,15,세,F,근지구력,010,반복점프,0,10,723,0.1038
청소년,15,15,세,F,근지구력,010,반복점프,10,20,618,0.0887
청소년,15,15,세,F,근지구력,010,반복점프,20,30,483,0.0693
청소년,15,15,세,F,근지구력,010,반복점프,30,40,496,0.0712
청소년,15,15,세,F,근지구력,010,반복점프,40,50,713,0.1023
청소년,15,15,세,F,근지구력,010,반복점프,50,60,463,0.0665
청소년,15,15,세,F,근지구력,010,반복점프,60,70,684,0.0982
청소년,15,15,세,F,근지구력,010,반복점프,70,80,582,0.0835
청소년,15,15,세,F,근지구력,010,반복점프,80,90,1050,0.1507
청소년,15,15,세,F,근지구력,010,반복점프,90,100,1155,0.1658
청소년,15,15,세,F,유연성,012,앉아윗몸앞으로굽히기,0,10,1252,0.0986
청소년,15,15,세,F,유연성,012,앉아윗몸앞으로굽히기,10,20,1071,0.0843
청소년,15,15,세,F,유연성,012,앉아윗몸앞으로굽히기,20,30,966,0.0761
청소년,15,15,세,F,유연성,012,앉아윗몸앞으로굽히기,30,40,1045,0.0823
청소년,15,15,세,F,유연성,012,앉아윗몸앞으로굽히기,40,50,1095,0.0862
청소년,15,15,세,F,유연성,012,앉아윗몸앞으로굽히기,50,60,1154,0.0909
청소년,15,15,세,F,유연성,012,앉아윗몸앞으로굽히기,60,70,1208,0.0951
청소년,15,15,세,F,유연성,012,앉아윗몸앞으로굽히기,70,80,1182,0.0931
청소년,15,15,세,F,유연성,012,앉아윗몸앞으로굽히기,80,90,1538,0.1211
청소년,15,15,세,F,유연성,012,앉아윗몸앞으로굽히기,90,100,2191,0.1725
청소년,15,15,세,F,민첩성,013,일리노이,0,10,953,0.0759
청소년,15,15,세,F,민첩성,013,일리노이,10,20,707,0.0563
청소년,15,15,세,F,민첩성,013,일리노이,20,30,707,0.0563
청소년,15,15,세,F,민첩성,013,일리노이,30,40,686,0.0546
청소년,15,15,세,F,민첩성,013,일리노이,40,50,1407,0.112
청소년,15,15,세,F,민첩성,013,일리노이,50,60,1366,0.1088
청소년,15,15,세,F,민첩성,013,일리노이,60,70,1380,0.1099
청소년,15,15,세,F,민첩성,013,일리노이,70,80,1299,0.1034
청소년,15,15,세,F,민첩성,013,일리노이,80,90,1802,0.1435
청소년,15,15,세,F,민첩성,013,일리노이,90,100,2250,0.1792
청소년,15,15,세,F,순발력,014,체공시간,0,10,915,0.0756
청소년,15,15,세,F,순발력,014,체공시간,10,20,606,0.05
청소년,15,15,세,F,순발력,014,체공시간,20,30,745,0.0615
청소년,15,15,세,F,순발력,014,체공시간,30,40,657,0.0542
청소년,15,15,세,F,순발력,014,체공시간,40,50,1285,0.1061
청소년,15,15,세,F,순발력,014,체공시간,50,60,1107,0.0914
청소년,15,15,세,F,순발력,014,체공시간,60,70,1619,0.1337
청소년,15,15,세,F,순발력,014,체공시간,70,80,1412,0.1166
청소년,15,15,세,F,순발력,014,체공시간,80,90,1644,0.1357
청소년,15,15,세,F,순발력,014,체공시간,90,100,2121,0.1751
청소년,15,15,세,F,협응력,017,눈-손협응력,0,10,871,0.076
청소년,15,15,세,F,협응력,017,눈-손협응력,10,20,646,0.0564
청소년,15,15,세,F,협응력,017,눈-손협응력,20,30,646,0.0564
청소년,15,15,세,F,협응력,017,눈-손협응력,30,40,646,0.0564
청소년,15,15,세,F,협응력,017,눈-손협응력,40,50,391,0.0341
청소년,15,15,세,F,협응력,017,눈-손협응력,50,60,391,0.0341
청소년,15,15,세,F,협응력,017,눈-손협응력,60,70,1269,0.1107
청소년,15,15,세,F,협응력,017,눈-손협응력,70,80,1268,0.1106
청소년,15,15,세,F,협응력,017,눈-손협응력,80,90,2442,0.213
청소년,15,15,세,F,협응력,017,눈-손협응력,90,100,2893,0.2524
청소년,15,15,세,F,심폐지구력,020,왕복오래달리기,0,10,1414,0.1116
청소년,15,15,세,F,심폐지구력,020,왕복오래달리기,10,20,1213,0.0957
청소년,15,15,세,F,심폐지구력,020,왕복오래달리기,20,30,1178,0.0929
청소년,15,15,세,F,심폐지구력,020,왕복오래달리기,30,40,1017,0.0802
청소년,15,15,세,F,심폐지구력,020,왕복오래달리기,40,50,1662,0.1311
청소년,15,15,세,F,심폐지구력,020,왕복오래달리기,50,60,1595,0.1258
청소년,15,15,세,F,심폐지구력,020,왕복오래달리기,60,70,1205,0.0951
청소년,15,15,세,F,심폐지구력,020,왕복오래달리기,70,80,658,0.0519
청소년,15,15,세,F,심폐지구력,020,왕복오래달리기,80,90,1210,0.0955
청소년,15,15,세,F,심폐지구력,020,왕복오래달리기,90,100,1522,0.1201
청소년,15,15,세,F,근력,028,상대악력,0,10,651,0.0506
청소년,15,15,세,F,근력,028,상대악력,10,20,394,0.0307
청소년,15,15,세,F,근력,028,상대악력,20,30,405,0.0315
청소년,15,15,세,F,근력,028,상대악력,30,40,390,0.0303
청소년,15,15,세,F,근력,028,상대악력,40,50,751,0.0584
청소년,15,15,세,F,근력,028,상대악력,50,60,737,0.0573
청소년,15,15,세,F,근력,028,상대악력,60,70,1079,0.0839
청소년,15,15,세,F,근력,028,상대악력,70,80,1018,0.0792
청소년,15,15,세,F,근력,028,상대악력,80,90,3460,0.2692
청소년,15,15,세,F,근력,028,상대악력,90,100,3968,0.3087
청소년,15,15,세,F,심폐지구력,035,트레드밀VO2max,0,10,1,0.0345
청소년,15,15,세,F,심폐지구력,035,트레드밀VO2max,10,20,0,0.0
청소년,15,15,세,F,심폐지구력,035,트레드밀VO2max,20,30,0,0.0
청소년,15,15,세,F,심폐지구력,035,트레드밀VO2max,30,40,1,0.0345
청소년,15,15,세,F,심폐지구력,035,트레드밀VO2max,40,50,3,0.1034
청소년,15,15,세,F,심폐지구력,035,트레드밀VO2max,50,60,3,0.1034
청소년,15,15,세,F,심폐지구력,035,트레드밀VO2max,60,70,5,0.1724
청소년,15,15,세,F,심폐지구력,035,트레드밀VO2max,70,80,2,0.069
청소년,15,15,세,F,심폐지구력,035,트레드밀VO2max,80,90,9,0.3103
청소년,15,15,세,F,심폐지구력,035,트레드밀VO2max,90,100,5,0.1724
청소년,15,15,세,F,심폐지구력,037,스텝검사VO2max,0,10,4,0.0435
청소년,15,15,세,F,심폐지구력,037,스텝검사VO2max,10,20,3,0.0326
청소년,15,15,세,F,심폐지구력,037,스텝검사VO2max,20,30,3,0.0326
청소년,15,15,세,F,심폐지구력,037,스텝검사VO2max,30,40,2,0.0217
청소년,15,15,세,F,심폐지구력,037,스텝검사VO2max,40,50,4,0.0435
청소년,15,15,세,F,심폐지구력,037,스텝검사VO2max,50,60,3,0.0326
청소년,15,15,세,F,심폐지구력,037,스텝검사VO2max,60,70,9,0.0978
청소년,15,15,세,F,심폐지구력,037,스텝검사VO2max,70,80,7,0.0761
청소년,15,15,세,F,심폐지구력,037,스텝검사VO2max,80,90,26,0.2826
청소년,15,15,세,F,심폐지구력,037,스텝검사VO2max,90,100,31,0.337
청소년,16,16,세,M,근지구력,009,윗몸말아올리기,0,10,684,0.0874
청소년,16,16,세,M,근지구력,009,윗몸말아올리기,10,20,510,0.0652
청소년,16,16,세,M,근지구력,009,윗몸말아올리기,20,30,813,0.1039
청소년,16,16,세,M,근지구력,009,윗몸말아올리기,30,40,554,0.0708
청소년,16,16,세,M,근지구력,009,윗몸말아올리기,40,50,1010,0.129
청소년,16,16,세,M,근지구력,009,윗몸말아올리기,50,60,828,0.1058
청소년,16,16,세,M,근지구력,009,윗몸말아올리기,60,70,505,0.0645
청소년,16,16,세,M,근지구력,009,윗몸말아올리기,70,80,522,0.0667
청소년,16,16,세,M,근지구력,009,윗몸말아올리기,80,90,1079,0.1379
청소년,16,16,세,M,근지구력,009,윗몸말아올리기,90,100,1322,0.1689
청소년,16,16,세,M,근지구력,010,반복점프,0,10,792,0.0679
청소년,16,16,세,M,근지구력,010,반복점프,10,20,555,0.0476
청소년,16,16,세,M,근지구력,010,반복점프,20,30,627,0.0538
청소년,16,16,세,M,근지구력,010,반복점프,30,40,586,0.0503
청소년,16,16,세,M,근지구력,010,반복점프,40,50,1138,0.0976
청소년,16,16,세,M,근지구력,010,반복점프,50,60,645,0.0553
청소년,16,16,세,M,근지구력,010,반복점프,60,70,1230,0.1055
청소년,16,16,세,M,근지구력,010,반복점프,70,80,870,0.0746
청소년,16,16,세,M,근지구력,010,반복점프,80,90,2602,0.2232
청소년,16,16,세,M,근지구력,010,반복점프,90,100,2612,0.2241
청소년,16,16,세,M,유연성,012,앉아윗몸앞으로굽히기,0,10,1964,0.101
청소년,16,16,세,M,유연성,012,앉아윗몸앞으로굽히기,10,20,1584,0.0814
청소년,16,16,세,M,유연성,012,앉아윗몸앞으로굽히기,20,30,1535,0.0789
청소년,16,16,세,M,유연성,012,앉아윗몸앞으로굽히기,30,40,1377,0.0708
청소년,16,16,세,M,유연성,012,앉아윗몸앞으로굽히기,40,50,1905,0.0979
청소년,16,16,세,M,유연성,012,앉아윗몸앞으로굽히기,50,60,1789,0.092
청소년,16,16,세,M,유연성,012,앉아윗몸앞으로굽히기,60,70,1900,0.0977
청소년,16,16,세,M,유연성,012,앉아윗몸앞으로굽히기,70,80,1853,0.0953
청소년,16,16,세,M,유연성,012,앉아윗몸앞으로굽히기,80,90,2341,0.1204
청소년,16,16,세,M,유연성,012,앉아윗몸앞으로굽히기,90,100,3203,0.1647
청소년,16,16,세,M,민첩성,013,일리노이,0,10,1476,0.0766
청소년,16,16,세,M,민첩성,013,일리노이,10,20,1087,0.0564
청소년,16,16,세,M,민첩성,013,일리노이,20,30,1065,0.0552
청소년,16,16,세,M,민첩성,013,일리노이,30,40,1067,0.0553
청소년,16,16,세,M,민첩성,013,일리노이,40,50,577,0.0299
청소년,16,16,세,M,민첩성,013,일리노이,50,60,499,0.0259
청소년,16,16,세,M,민첩성,013,일리노이,60,70,2549,0.1322
청소년,16,16,세,M,민첩성,013,일리노이,70,80,2427,0.1259
청소년,16,16,세,M,민첩성,013,일리노이,80,90,3913,0.203
청소년,16,16,세,M,민첩성,013,일리노이,90,100,4618,0.2395
청소년,16,16,세,M,순발력,014,체공시간,0,10,1408,0.0751
청소년,16,16,세,M,순발력,014,체공시간,10,20,976,0.0521
청소년,16,16,세,M,순발력,014,체공시간,20,30,1088,0.058
청소년,16,16,세,M,순발력,014,체공시간,30,40,1073,0.0572
청소년,16,16,세,M,순발력,014,체공시간,40,50,453,0.0242
청소년,16,16,세,M,순발력,014,체공시간,50,60,384,0.0205
청소년,16,16,세,M,순발력,014,체공시간,60,70,1748,0.0932
청소년,16,16,세,M,순발력,014,체공시간,70,80,2173,0.1159
청소년,16,16,세,M,순발력,014,체공시간,80,90,4351,0.232
청소년,16,16,세,M,순발력,014,체공시간,90,100,5097,0.2718
청소년,16,16,세,M,협응력,017,눈-손협응력,0,10,1333,0.0759
청소년,16,16,세,M,협응력,017,눈-손협응력,10,20,989,0.0563
청소년,16,16,세,M,협응력,017,눈-손협응력,20,30,992,0.0565
청소년,16,16,세,M,협응력,017,눈-손협응력,30,40,987,0.0562
청소년,16,16,세,M,협응력,017,눈-손협응력,40,50,271,0.0154
청소년,16,16,세,M,협응력,017,눈-손협응력,50,60,269,0.0153
청소년,16,16,세,M,협응력,017,눈-손협응력,60,70,1883,0.1072
청소년,16,16,세,M,협응력,017,눈-손협응력,70,80,1884,0.1073
청소년,16,16,세,M,협응력,017,눈-손협응력,80,90,4131,0.2352
청소년,16,16,세,M,협응력,017,눈-손협응력,90,100,4822,0.2746
청소년,16,16,세,M,심폐지구력,020,왕복오래달리기,0,10,2055,0.1091
청소년,16,16,세,M,심폐지구력,020,왕복오래달리기,10,20,1662,0.0882
청소년,16,16,세,M,심폐지구력,020,왕복오래달리기,20,30,1431,0.0759
청소년,16,16,세,M,심폐지구력,020,왕복오래달리기,30,40,1850,0.0982
청소년,16,16,세,M,심폐지구력,020,왕복오래달리기,40,50,1765,0.0937
청소년,16,16,세,M,심폐지구력,020,왕복오래달리기,50,60,1745,0.0926
청소년,16,16,세,M,심폐지구력,020,왕복오래달리기,60,70,1471,0.0781
청소년,16,16,세,M,심폐지구력,020,왕복오래달리기,70,80,1199,0.0636
청소년,16,16,세,M,심폐지구력,020,왕복오래달리기,80,90,2396,0.1272
청소년,16,16,세,M,심폐지구력,020,왕복오래달리기,90,100,3268,0.1734
청소년,16,16,세,M,근력,028,상대악력,0,10,1379,0.0698
청소년,16,16,세,M,근력,028,상대악력,10,20,1005,0.0509
청소년,16,16,세,M,근력,028,상대악력,20,30,970,0.0491
청소년,16,16,세,M,근력,028,상대악력,30,40,993,0.0503
청소년,16,16,세,M,근력,028,상대악력,40,50,1582,0.0801
청소년,16,16,세,M,근력,028,상대악력,50,60,1571,0.0795
청소년,16,16,세,M,근력,028,상대악력,60,70,1883,0.0953
청소년,16,16,세,M,근력,028,상대악력,70,80,1845,0.0934
청소년,16,16,세,M,근력,028,상대악력,80,90,3900,0.1974
청소년,16,16,세,M,근력,028,상대악력,90,100,4630,0.2343
청소년,16,16,세,M,심폐지구력,035,트레드밀VO2max,0,10,1,0.0217
청소년,16,16,세,M,심폐지구력,035,트레드밀VO2max,10,20,2,0.0435
청소년,16,16,세,M,심폐지구력,035,트레드밀VO2max,20,30,1,0.0217
청소년,16,16,세,M,심폐지구력,035,트레드밀VO2max,30,40,0,0.0
청소년,16,16,세,M,심폐지구력,035,트레드밀VO2max,40,50,5,0.1087
청소년,16,16,세,M,심폐지구력,035,트레드밀VO2max,50,60,4,0.087
청소년,16,16,세,M,심폐지구력,035,트레드밀VO2max,60,70,4,0.087
청소년,16,16,세,M,심폐지구력,035,트레드밀VO2max,70,80,5,0.1087
청소년,16,16,세,M,심폐지구력,035,트레드밀VO2max,80,90,10,0.2174
청소년,16,16,세,M,심폐지구력,035,트레드밀VO2max,90,100,14,0.3043
청소년,16,16,세,M,심폐지구력,037,스텝검사VO2max,0,10,29,0.0388
청소년,16,16,세,M,심폐지구력,037,스텝검사VO2max,10,20,16,0.0214
청소년,16,16,세,M,심폐지구력,037,스텝검사VO2max,20,30,17,0.0227
청소년,16,16,세,M,심폐지구력,037,스텝검사VO2max,30,40,16,0.0214
청소년,16,16,세,M,심폐지구력,037,스텝검사VO2max,40,50,53,0.0709
청소년,16,16,세,M,심폐지구력,037,스텝검사VO2max,50,60,53,0.0709
청소년,16,16,세,M,심폐지구력,037,스텝검사VO2max,60,70,107,0.143
청소년,16,16,세,M,심폐지구력,037,스텝검사VO2max,70,80,104,0.139
청소년,16,16,세,M,심폐지구력,037,스텝검사VO2max,80,90,159,0.2126
청소년,16,16,세,M,심폐지구력,037,스텝검사VO2max,90,100,194,0.2594
청소년,16,16,세,F,근지구력,009,윗몸말아올리기,0,10,598,0.1093
청소년,16,16,세,F,근지구력,009,윗몸말아올리기,10,20,600,0.1096
청소년,16,16,세,F,근지구력,009,윗몸말아올리기,20,30,540,0.0987
청소년,16,16,세,F,근지구력,009,윗몸말아올리기,30,40,374,0.0683
청소년,16,16,세,F,근지구력,009,윗몸말아올리기,40,50,802,0.1465
청소년,16,16,세,F,근지구력,009,윗몸말아올리기,50,60,624,0.114
청소년,16,16,세,F,근지구력,009,윗몸말아올리기,60,70,608,0.1111
청소년,16,16,세,F,근지구력,009,윗몸말아올리기,70,80,403,0.0736
청소년,16,16,세,F,근지구력,009,윗몸말아올리기,80,90,397,0.0725
청소년,16,16,세,F,근지구력,009,윗몸말아올리기,90,100,527,0.0963
청소년,16,16,세,F,근지구력,010,반복점프,0,10,706,0.081
청소년,16,16,세,F,근지구력,010,반복점프,10,20,511,0.0586
청소년,16,16,세,F,근지구력,010,반복점프,20,30,771,0.0884
청소년,16,16,세,F,근지구력,010,반복점프,30,40,282,0.0323
청소년,16,16,세,F,근지구력,010,반복점프,40,50,949,0.1088
청소년,16,16,세,F,근지구력,010,반복점프,50,60,904,0.1037
청소년,16,16,세,F,근지구력,010,반복점프,60,70,853,0.0978
청소년,16,16,세,F,근지구력,010,반복점프,70,80,739,0.0848
청소년,16,16,세,F,근지구력,010,반복점프,80,90,1250,0.1434
청소년,16,16,세,F,근지구력,010,반복점프,90,100,1754,0.2012
청소년,16,16,세,F,유연성,012,앉아윗몸앞으로굽히기,0,10,1265,0.088
청소년,16,16,세,F,유연성,012,앉아윗몸앞으로굽히기,10,20,989,0.0688
청소년,16,16,세,F,유연성,012,앉아윗몸앞으로굽히기,20,30,1016,0.0707
청소년,16,16,세,F,유연성,012,앉아윗몸앞으로굽히기,30,40,1012,0.0704
청소년,16,16,세,F,유연성,012,앉아윗몸앞으로굽히기,40,50,1309,0.0911
청소년,16,16,세,F,유연성,012,앉아윗몸앞으로굽히기,50,60,1285,0.0894
청소년,16,16,세,F,유연성,012,앉아윗몸앞으로굽히기,60,70,1458,0.1015
청소년,16,16,세,F,유연성,012,앉아윗몸앞으로굽히기,70,80,1418,0.0987
청소년,16,16,세,F,유연성,012,앉아윗몸앞으로굽히기,80,90,2020,0.1406
청소년,16,16,세,F,유연성,012,앉아윗몸앞으로굽히기,90,100,2596,0.1807
청소년,16,16,세,F,민첩성,013,일리노이,0,10,1076,0.0759
청소년,16,16,세,F,민첩성,013,일리노이,10,20,807,0.0569
청소년,16,16,세,F,민첩성,013,일리노이,20,30,800,0.0564
청소년,16,16,세,F,민첩성,013,일리노이,30,40,788,0.0556
청소년,16,16,세,F,민첩성,013,일리노이,40,50,1630,0.115
청소년,16,16,세,F,민첩성,013,일리노이,50,60,1548,0.1092
청소년,16,16,세,F,민첩성,013,일리노이,60,70,1813,0.1279
청소년,16,16,세,F,민첩성,013,일리노이,70,80,1711,0.1207
청소년,16,16,세,F,민첩성,013,일리노이,80,90,1731,0.1221
청소년,16,16,세,F,민첩성,013,일리노이,90,100,2276,0.1605
청소년,16,16,세,F,순발력,014,체공시간,0,10,1042,0.0748
청소년,16,16,세,F,순발력,014,체공시간,10,20,778,0.0559
청소년,16,16,세,F,순발력,014,체공시간,20,30,806,0.0579
청소년,16,16,세,F,순발력,014,체공시간,30,40,734,0.0527
청소년,16,16,세,F,순발력,014,체공시간,40,50,1074,0.0771
청소년,16,16,세,F,순발력,014,체공시간,50,60,998,0.0716
청소년,16,16,세,F,순발력,014,체공시간,60,70,1699,0.122
청소년,16,16,세,F,순발력,014,체공시간,70,80,1938,0.1391
청소년,16,16,세,F,순발력,014,체공시간,80,90,2124,0.1525
청소년,16,16,세,F,순발력,014,체공시간,90,100,2736,0.1964
청소년,16,16,세,F,심폐지구력,020,왕복오래달리기,0,10,1747,0.1216
청소년,16,16,세,F,심폐지구력,020,왕복오래달리기,10,20,1489,0.1036
청소년,16,16,세,F,심폐지구력,020,왕복오래달리기,20,30,1484,0.1033
청소년,16,16,세,F,심폐지구력,020,왕복오래달리기,30,40,1134,0.0789
청소년,16,16,세,F,심폐지구력,020,왕복오래달리기,40,50,1893,0.1318
청소년,16,16,세,F,심폐지구력,020,왕복오래달리기,50,60,1144,0.0796
청소년,16,16,세,F,심폐지구력,020,왕복오래달리기,60,70,1256,0.0874
청소년,16,16,세,F,심폐지구력,020,왕복오래달리기,70,80,1347,0.0938
청소년,16,16,세,F,심폐지구력,020,왕복오래달리기,80,90,1226,0.0853
청소년,16,16,세,F,심폐지구력,020,왕복오래달리기,90,100,1646,0.1146
청소년,16,16,세,F,근력,028,상대악력,0,10,571,0.039
청소년,16,16,세,F,근력,028,상대악력,10,20,307,0.021
청소년,16,16,세,F,근력,028,상대악력,20,30,280,0.0191
청소년,16,16,세,F,근력,028,상대악력,30,40,288,0.0197
청소년,16,16,세,F,근력,028,상대악력,40,50,870,0.0594
청소년,16,16,세,F,근력,028,상대악력,50,60,850,0.058
청소년,16,16,세,F,근력,028,상대악력,60,70,1231,0.084
청소년,16,16,세,F,근력,028,상대악력,70,80,1191,0.0813
청소년,16,16,세,F,근력,028,상대악력,80,90,4193,0.2862
청소년,16,16,세,F,근력,028,상대악력,90,100,4868,0.3323
청소년,16,16,세,F,심폐지구력,035,트레드밀VO2max,0,10,1,0.037
청소년,16,16,세,F,심폐지구력,035,트레드밀VO2max,10,20,3,0.1111
청소년,16,16,세,F,심폐지구력,035,트레드밀VO2max,20,30,0,0.0
청소년,16,16,세,F,심폐지구력,035,트레드밀VO2max,30,40,1,0.037
청소년,16,16,세,F,심폐지구력,035,트레드밀VO2max,40,50,3,0.1111
청소년,16,16,세,F,심폐지구력,035,트레드밀VO2max,50,60,1,0.037
청소년,16,16,세,F,심폐지구력,035,트레드밀VO2max,60,70,2,0.0741
청소년,16,16,세,F,심폐지구력,035,트레드밀VO2max,70,80,2,0.0741
청소년,16,16,세,F,심폐지구력,035,트레드밀VO2max,80,90,7,0.2593
청소년,16,16,세,F,심폐지구력,035,트레드밀VO2max,90,100,7,0.2593
청소년,16,16,세,F,심폐지구력,037,스텝검사VO2max,0,10,9,0.0588
청소년,16,16,세,F,심폐지구력,037,스텝검사VO2max,10,20,5,0.0327
청소년,16,16,세,F,심폐지구력,037,스텝검사VO2max,20,30,8,0.0523
청소년,16,16,세,F,심폐지구력,037,스텝검사VO2max,30,40,6,0.0392
청소년,16,16,세,F,심폐지구력,037,스텝검사VO2max,40,50,8,0.0523
청소년,16,16,세,F,심폐지구력,037,스텝검사VO2max,50,60,8,0.0523
청소년,16,16,세,F,심폐지구력,037,스텝검사VO2max,60,70,10,0.0654
청소년,16,16,세,F,심폐지구력,037,스텝검사VO2max,70,80,8,0.0523
청소년,16,16,세,F,심폐지구력,037,스텝검사VO2max,80,90,41,0.268
청소년,16,16,세,F,심폐지구력,037,스텝검사VO2max,90,100,50,0.3268
청소년,17,17,세,M,근지구력,009,윗몸말아올리기,0,10,907,0.0895
청소년,17,17,세,M,근지구력,009,윗몸말아올리기,10,20,781,0.0771
청소년,17,17,세,M,근지구력,009,윗몸말아올리기,20,30,686,0.0677
청소년,17,17,세,M,근지구력,009,윗몸말아올리기,30,40,643,0.0634
청소년,17,17,세,M,근지구력,009,윗몸말아올리기,40,50,1151,0.1136
청소년,17,17,세,M,근지구력,009,윗몸말아올리기,50,60,1503,0.1483
청소년,17,17,세,M,근지구력,009,윗몸말아올리기,60,70,741,0.0731
청소년,17,17,세,M,근지구력,009,윗몸말아올리기,70,80,522,0.0515
청소년,17,17,세,M,근지구력,009,윗몸말아올리기,80,90,1494,0.1474
청소년,17,17,세,M,근지구력,009,윗몸말아올리기,90,100,1706,0.1683
청소년,17,17,세,M,근지구력,010,반복점프,0,10,882,0.0624
청소년,17,17,세,M,근지구력,010,반복점프,10,20,662,0.0468
청소년,17,17,세,M,근지구력,010,반복점프,20,30,493,0.0349
청소년,17,17,세,M,근지구력,010,반복점프,30,40,594,0.042
청소년,17,17,세,M,근지구력,010,반복점프,40,50,1166,0.0825
청소년,17,17,세,M,근지구력,010,반복점프,50,60,748,0.0529
청소년,17,17,세,M,근지구력,010,반복점프,60,70,1851,0.1309
청소년,17,17,세,M,근지구력,010,반복점프,70,80,1069,0.0756
청소년,17,17,세,M,근지구력,010,반복점프,80,90,3247,0.2297
청소년,17,17,세,M,근지구력,010,반복점프,90,100,3426,0.2423
청소년,17,17,세,M,유연성,012,앉아윗몸앞으로굽히기,0,10,2348,0.0963
청소년,17,17,세,M,유연성,012,앉아윗몸앞으로굽히기,10,20,1781,0.073
청소년,17,17,세,M,유연성,012,앉아윗몸앞으로굽히기,20,30,1881,0.0771
청소년,17,17,세,M,유연성,012,앉아윗몸앞으로굽히기,30,40,1585,0.065
청소년,17,17,세,M,유연성,012,앉아윗몸앞으로굽히기,40,50,2425,0.0994
청소년,17,17,세,M,유연성,012,앉아윗몸앞으로굽히기,50,60,2068,0.0848
청소년,17,17,세,M,유연성,012,앉아윗몸앞으로굽히기,60,70,2448,0.1004
청소년,17,17,세,M,유연성,012,앉아윗몸앞으로굽히기,70,80,2211,0.0907
청소년,17,17,세,M,유연성,012,앉아윗몸앞으로굽히기,80,90,3346,0.1372
청소년,17,17,세,M,유연성,012,앉아윗몸앞으로굽히기,90,100,4292,0.176
청소년,17,17,세,M,민첩성,013,일리노이,0,10,1847,0.0766
청소년,17,17,세,M,민첩성,013,일리노이,10,20,1358,0.0563
청소년,17,17,세,M,민첩성,013,일리노이,20,30,1358,0.0563
청소년,17,17,세,M,민첩성,013,일리노이,30,40,1328,0.0551
청소년,17,17,세,M,민첩성,013,일리노이,40,50,1065,0.0442
청소년,17,17,세,M,민첩성,013,일리노이,50,60,959,0.0398
청소년,17,17,세,M,민첩성,013,일리노이,60,70,3363,0.1395
청소년,17,17,세,M,민첩성,013,일리노이,70,80,3185,0.1321
청소년,17,17,세,M,민첩성,013,일리노이,80,90,4278,0.1774
청소년,17,17,세,M,민첩성,013,일리노이,90,100,5368,0.2227
청소년,17,17,세,M,순발력,014,체공시간,0,10,1787,0.0754
청소년,17,17,세,M,순발력,014,체공시간,10,20,1283,0.0541
청소년,17,17,세,M,순발력,014,체공시간,20,30,1379,0.0582
청소년,17,17,세,M,순발력,014,체공시간,30,40,1319,0.0557
청소년,17,17,세,M,순발력,014,체공시간,40,50,864,0.0365
청소년,17,17,세,M,순발력,014,체공시간,50,60,870,0.0367
청소년,17,17,세,M,순발력,014,체공시간,60,70,2481,0.1047
청소년,17,17,세,M,순발력,014,체공시간,70,80,2785,0.1175
청소년,17,17,세,M,순발력,014,체공시간,80,90,4996,0.2108
청소년,17,17,세,M,순발력,014,체공시간,90,100,5934,0.2504
청소년,17,17,세,M,협응력,017,눈-손협응력,0,10,1709,0.0759
청소년,17,17,세,M,협응력,017,눈-손협응력,10,20,1270,0.0564
청소년,17,17,세,M,협응력,017,눈-손협응력,20,30,1269,0.0564
청소년,17,17,세,M,협응력,017,눈-손협응력,30,40,1269,0.0564
청소년,17,17,세,M,협응력,017,눈-손협응력,40,50,23,0.001
청소년,17,17,세,M,협응력,017,눈-손협응력,50,60,24,0.0011
청소년,17,17,세,M,협응력,017,눈-손협응력,60,70,2148,0.0954
청소년,17,17,세,M,협응력,017,눈-손협응력,70,80,2147,0.0954
청소년,17,17,세,M,협응력,017,눈-손협응력,80,90,5882,0.2613
청소년,17,17,세,M,협응력,017,눈-손협응력,90,100,6771,0.3008
청소년,17,17,세,M,심폐지구력,020,왕복오래달리기,0,10,2533,0.1104
청소년,17,17,세,M,심폐지구력,020,왕복오래달리기,10,20,2059,0.0897
청소년,17,17,세,M,심폐지구력,020,왕복오래달리기,20,30,1572,0.0685
청소년,17,17,세,M,심폐지구력,020,왕복오래달리기,30,40,2612,0.1138
청소년,17,17,세,M,심폐지구력,020,왕복오래달리기,40,50,2075,0.0904
청소년,17,17,세,M,심폐지구력,020,왕복오래달리기,50,60,2110,0.0919
청소년,17,17,세,M,심폐지구력,020,왕복오래달리기,60,70,1740,0.0758
청소년,17,17,세,M,심폐지구력,020,왕복오래달리기,70,80,1620,0.0706
청소년,17,17,세,M,심폐지구력,020,왕복오래달리기,80,90,2785,0.1213
청소년,17,17,세,M,심폐지구력,020,왕복오래달리기,90,100,3845,0.1675
청소년,17,17,세,M,근력,028,상대악력,0,10,1746,0.0709
청소년,17,17,세,M,근력,028,상대악력,10,20,1291,0.0524
청소년,17,17,세,M,근력,028,상대악력,20,30,1282,0.0521
청소년,17,17,세,M,근력,028,상대악력,30,40,1228,0.0499
청소년,17,17,세,M,근력,028,상대악력,40,50,2038,0.0828
청소년,17,17,세,M,근력,028,상대악력,50,60,2026,0.0823
청소년,17,17,세,M,근력,028,상대악력,60,70,2421,0.0983
청소년,17,17,세,M,근력,028,상대악력,70,80,2262,0.0919
청소년,17,17,세,M,근력,028,상대악력,80,90,4687,0.1903
청소년,17,17,세,M,근력,028,상대악력,90,100,5643,0.2292
청소년,17,17,세,M,심폐지구력,035,트레드밀VO2max,0,10,41,0.0566
청소년,17,17,세,M,심폐지구력,035,트레드밀VO2max,10,20,27,0.0372
청소년,17,17,세,M,심폐지구력,035,트레드밀VO2max,20,30,23,0.0317
청소년,17,17,세,M,심폐지구력,035,트레드밀VO2max,30,40,30,0.0414
청소년,17,17,세,M,심폐지구력,035,트레드밀VO2max,40,50,60,0.0828
청소년,17,17,세,M,심폐지구력,035,트레드밀VO2max,50,60,67,0.0924
청소년,17,17,세,M,심폐지구력,035,트레드밀VO2max,60,70,94,0.1297
청소년,17,17,세,M,심폐지구력,035,트레드밀VO2max,70,80,92,0.1269
청소년,17,17,세,M,심폐지구력,035,트레드밀VO2max,80,90,129,0.1779
청소년,17,17,세,M,심폐지구력,035,트레드밀VO2max,90,100,162,0.2234
청소년,17,17,세,M,심폐지구력,037,스텝검사VO2max,0,10,31,0.0407
청소년,17,17,세,M,심폐지구력,037,스텝검사VO2max,10,20,16,0.021
청소년,17,17,세,M,심폐지구력,037,스텝검사VO2max,20,30,16,0.021
청소년,17,17,세,M,심폐지구력,037,스텝검사VO2max,30,40,15,0.0197
청소년,17,17,세,M,심폐지구력,037,스텝검사VO2max,40,50,38,0.0499
청소년,17,17,세,M,심폐지구력,037,스텝검사VO2max,50,60,42,0.0552
청소년,17,17,세,M,심폐지구력,037,스텝검사VO2max,60,70,110,0.1445
청소년,17,17,세,M,심폐지구력,037,스텝검사VO2max,70,80,93,0.1222
청소년,17,17,세,M,심폐지구력,037,스텝검사VO2max,80,90,183,0.2405
청소년,17,17,세,M,심폐지구력,037,스텝검사VO2max,90,100,217,0.2852
청소년,17,17,세,F,근지구력,009,윗몸말아올리기,0,10,735,0.1245
청소년,17,17,세,F,근지구력,009,윗몸말아올리기,10,20,519,0.0879
청소년,17,17,세,F,근지구력,009,윗몸말아올리기,20,30,528,0.0894
청소년,17,17,세,F,근지구력,009,윗몸말아올리기,30,40,448,0.0759
청소년,17,17,세,F,근지구력,009,윗몸말아올리기,40,50,848,0.1436
청소년,17,17,세,F,근지구력,009,윗몸말아올리기,50,60,765,0.1296
청소년,17,17,세,F,근지구력,009,윗몸말아올리기,60,70,611,0.1035
청소년,17,17,세,F,근지구력,009,윗몸말아올리기,70,80,487,0.0825
청소년,17,17,세,F,근지구력,009,윗몸말아올리기,80,90,375,0.0635
청소년,17,17,세,F,근지구력,009,윗몸말아올리기,90,100,589,0.0997
청소년,17,17,세,F,근지구력,010,반복점프,0,10,758,0.0826
청소년,17,17,세,F,근지구력,010,반복점프,10,20,500,0.0545
청소년,17,17,세,F,근지구력,010,반복점프,20,30,474,0.0516
청소년,17,17,세,F,근지구력,010,반복점프,30,40,331,0.0361
청소년,17,17,세,F,근지구력,010,반복점프,40,50,914,0.0996
청소년,17,17,세,F,근지구력,010,반복점프,50,60,948,0.1033
청소년,17,17,세,F,근지구력,010,반복점프,60,70,853,0.0929
청소년,17,17,세,F,근지구력,010,반복점프,70,80,901,0.0981
청소년,17,17,세,F,근지구력,010,반복점프,80,90,1447,0.1576
청소년,17,17,세,F,근지구력,010,반복점프,90,100,2054,0.2237
청소년,17,17,세,F,유연성,012,앉아윗몸앞으로굽히기,0,10,1323,0.0867
청소년,17,17,세,F,유연성,012,앉아윗몸앞으로굽히기,10,20,1004,0.0658
청소년,17,17,세,F,유연성,012,앉아윗몸앞으로굽히기,20,30,1010,0.0662
청소년,17,17,세,F,유연성,012,앉아윗몸앞으로굽히기,30,40,991,0.0649
청소년,17,17,세,F,유연성,012,앉아윗몸앞으로굽히기,40,50,1355,0.0888
청소년,17,17,세,F,유연성,012,앉아윗몸앞으로굽히기,50,60,1417,0.0929
청소년,17,17,세,F,유연성,012,앉아윗몸앞으로굽히기,60,70,1594,0.1045
청소년,17,17,세,F,유연성,012,앉아윗몸앞으로굽히기,70,80,1471,0.0964
청소년,17,17,세,F,유연성,012,앉아윗몸앞으로굽히기,80,90,2241,0.1469
청소년,17,17,세,F,유연성,012,앉아윗몸앞으로굽히기,90,100,2852,0.1869
청소년,17,17,세,F,민첩성,013,일리노이,0,10,1144,0.0761
청소년,17,17,세,F,민첩성,013,일리노이,10,20,849,0.0564
청소년,17,17,세,F,민첩성,013,일리노이,20,30,845,0.0562
청소년,17,17,세,F,민첩성,013,일리노이,30,40,831,0.0553
청소년,17,17,세,F,민첩성,013,일리노이,40,50,1593,0.1059
청소년,17,17,세,F,민첩성,013,일리노이,50,60,1545,0.1027
청소년,17,17,세,F,민첩성,013,일리노이,60,70,1886,0.1254
청소년,17,17,세,F,민첩성,013,일리노이,70,80,1827,0.1215
청소년,17,17,세,F,민첩성,013,일리노이,80,90,1990,0.1323
청소년,17,17,세,F,민첩성,013,일리노이,90,100,2530,0.1682
청소년,17,17,세,F,순발력,014,체공시간,0,10,1105,0.0746
청소년,17,17,세,F,순발력,014,체공시간,10,20,864,0.0583
청소년,17,17,세,F,순발력,014,체공시간,20,30,789,0.0532
청소년,17,17,세,F,순발력,014,체공시간,30,40,871,0.0588
청소년,17,17,세,F,순발력,014,체공시간,40,50,1232,0.0831
청소년,17,17,세,F,순발력,014,체공시간,50,60,1189,0.0802
청소년,17,17,세,F,순발력,014,체공시간,60,70,2401,0.162
청소년,17,17,세,F,순발력,014,체공시간,70,80,2405,0.1623
청소년,17,17,세,F,순발력,014,체공시간,80,90,1702,0.1149
청소년,17,17,세,F,순발력,014,체공시간,90,100,2261,0.1526
청소년,17,17,세,F,심폐지구력,020,왕복오래달리기,0,10,1392,0.0935
청소년,17,17,세,F,심폐지구력,020,왕복오래달리기,10,20,1744,0.1171
청소년,17,17,세,F,심폐지구력,020,왕복오래달리기,20,30,1234,0.0829
청소년,17,17,세,F,심폐지구력,020,왕복오래달리기,30,40,1967,0.1321
청소년,17,17,세,F,심폐지구력,020,왕복오래달리기,40,50,2113,0.1419
청소년,17,17,세,F,심폐지구력,020,왕복오래달리기,50,60,1750,0.1175
청소년,17,17,세,F,심폐지구력,020,왕복오래달리기,60,70,1480,0.0994
청소년,17,17,세,F,심폐지구력,020,왕복오래달리기,70,80,958,0.0643
청소년,17,17,세,F,심폐지구력,020,왕복오래달리기,80,90,782,0.0525
청소년,17,17,세,F,심폐지구력,020,왕복오래달리기,90,100,1469,0.0987
청소년,17,17,세,F,근력,028,상대악력,0,10,789,0.0508
청소년,17,17,세,F,근력,028,상대악력,10,20,489,0.0315
청소년,17,17,세,F,근력,028,상대악력,20,30,485,0.0312
청소년,17,17,세,F,근력,028,상대악력,30,40,463,0.0298
청소년,17,17,세,F,근력,028,상대악력,40,50,1148,0.0739
청소년,17,17,세,F,근력,028,상대악력,50,60,1108,0.0713
청소년,17,17,세,F,근력,028,상대악력,60,70,1450,0.0933
청소년,17,17,세,F,근력,028,상대악력,70,80,1408,0.0906
청소년,17,17,세,F,근력,028,상대악력,80,90,3783,0.2435
청소년,17,17,세,F,근력,028,상대악력,90,100,4412,0.284
청소년,17,17,세,F,심폐지구력,035,트레드밀VO2max,0,10,17,0.0609
청소년,17,17,세,F,심폐지구력,035,트레드밀VO2max,10,20,11,0.0394
청소년,17,17,세,F,심폐지구력,035,트레드밀VO2max,20,30,13,0.0466
청소년,17,17,세,F,심폐지구력,035,트레드밀VO2max,30,40,10,0.0358
청소년,17,17,세,F,심폐지구력,035,트레드밀VO2max,40,50,21,0.0753
청소년,17,17,세,F,심폐지구력,035,트레드밀VO2max,50,60,17,0.0609
청소년,17,17,세,F,심폐지구력,035,트레드밀VO2max,60,70,23,0.0824
청소년,17,17,세,F,심폐지구력,035,트레드밀VO2max,70,80,26,0.0932
청소년,17,17,세,F,심폐지구력,035,트레드밀VO2max,80,90,62,0.2222
청소년,17,17,세,F,심폐지구력,035,트레드밀VO2max,90,100,79,0.2832
청소년,17,17,세,F,심폐지구력,037,스텝검사VO2max,0,10,9,0.0404
청소년,17,17,세,F,심폐지구력,037,스텝검사VO2max,10,20,5,0.0224
청소년,17,17,세,F,심폐지구력,037,스텝검사VO2max,20,30,5,0.0224
청소년,17,17,세,F,심폐지구력,037,스텝검사VO2max,30,40,4,0.0179
청소년,17,17,세,F,심폐지구력,037,스텝검사VO2max,40,50,10,0.0448
청소년,17,17,세,F,심폐지구력,037,스텝검사VO2max,50,60,13,0.0583
청소년,17,17,세,F,심폐지구력,037,스텝검사VO2max,60,70,11,0.0493
청소년,17,17,세,F,심폐지구력,037,스텝검사VO2max,70,80,10,0.0448
청소년,17,17,세,F,심폐지구력,037,스텝검사VO2max,80,90,71,0.3184
청소년,17,17,세,F,심폐지구력,037,스텝검사VO2max,90,100,85,0.3812
청소년,18,18,세,M,근지구력,009,윗몸말아올리기,0,10,1045,0.095
청소년,18,18,세,M,근지구력,009,윗몸말아올리기,10,20,1000,0.0909
청소년,18,18,세,M,근지구력,009,윗몸말아올리기,20,30,957,0.087
청소년,18,18,세,M,근지구력,009,윗몸말아올리기,30,40,642,0.0584
청소년,18,18,세,M,근지구력,009,윗몸말아올리기,40,50,1651,0.1501
청소년,18,18,세,M,근지구력,009,윗몸말아올리기,50,60,1225,0.1113
청소년,18,18,세,M,근지구력,009,윗몸말아올리기,60,70,922,0.0838
청소년,18,18,세,M,근지구력,009,윗몸말아올리기,70,80,505,0.0459
청소년,18,18,세,M,근지구력,009,윗몸말아올리기,80,90,1166,0.106
청소년,18,18,세,M,근지구력,009,윗몸말아올리기,90,100,1889,0.1717
청소년,18,18,세,M,근지구력,010,반복점프,0,10,835,0.0595
청소년,18,18,세,M,근지구력,010,반복점프,10,20,671,0.0478
청소년,18,18,세,M,근지구력,010,반복점프,20,30,581,0.0414
청소년,18,18,세,M,근지구력,010,반복점프,30,40,413,0.0294
청소년,18,18,세,M,근지구력,010,반복점프,40,50,1293,0.0921
청소년,18,18,세,M,근지구력,010,반복점프,50,60,879,0.0626
청소년,18,18,세,M,근지구력,010,반복점프,60,70,2237,0.1594
청소년,18,18,세,M,근지구력,010,반복점프,70,80,1356,0.0966
청소년,18,18,세,M,근지구력,010,반복점프,80,90,2884,0.2055
청소년,18,18,세,M,근지구력,010,반복점프,90,100,2886,0.2056
청소년,18,18,세,M,유연성,012,앉아윗몸앞으로굽히기,0,10,1972,0.0806
청소년,18,18,세,M,유연성,012,앉아윗몸앞으로굽히기,10,20,1485,0.0607
청소년,18,18,세,M,유연성,012,앉아윗몸앞으로굽히기,20,30,1478,0.0604
청소년,18,18,세,M,유연성,012,앉아윗몸앞으로굽히기,30,40,1469,0.06
청소년,18,18,세,M,유연성,012,앉아윗몸앞으로굽히기,40,50,2379,0.0972
청소년,18,18,세,M,유연성,012,앉아윗몸앞으로굽히기,50,60,2306,0.0942
청소년,18,18,세,M,유연성,012,앉아윗몸앞으로굽히기,60,70,2757,0.1126
청소년,18,18,세,M,유연성,012,앉아윗몸앞으로굽히기,70,80,2639,0.1078
청소년,18,18,세,M,유연성,012,앉아윗몸앞으로굽히기,80,90,3548,0.145
청소년,18,18,세,M,유연성,012,앉아윗몸앞으로굽히기,90,100,4442,0.1815
청소년,18,18,세,M,민첩성,013,일리노이,0,10,1838,0.0759
청소년,18,18,세,M,민첩성,013,일리노이,10,20,1349,0.0557
청소년,18,18,세,M,민첩성,013,일리노이,20,30,1365,0.0563
청소년,18,18,세,M,민첩성,013,일리노이,30,40,1327,0.0548
청소년,18,18,세,M,민첩성,013,일리노이,40,50,228,0.0094
청소년,18,18,세,M,민첩성,013,일리노이,50,60,117,0.0048
청소년,18,18,세,M,민첩성,013,일리노이,60,70,4235,0.1748
청소년,18,18,세,M,민첩성,013,일리노이,70,80,4074,0.1682
청소년,18,18,세,M,민첩성,013,일리노이,80,90,4506,0.186
청소년,18,18,세,M,민첩성,013,일리노이,90,100,5189,0.2142
청소년,18,18,세,M,순발력,014,체공시간,0,10,1839,0.0762
청소년,18,18,세,M,순발력,014,체공시간,10,20,1125,0.0466
청소년,18,18,세,M,순발력,014,체공시간,20,30,1609,0.0667
청소년,18,18,세,M,순발력,014,체공시간,30,40,1308,0.0542
청소년,18,18,세,M,순발력,014,체공시간,40,50,1770,0.0734
청소년,18,18,세,M,순발력,014,체공시간,50,60,1675,0.0694
청소년,18,18,세,M,순발력,014,체공시간,60,70,3049,0.1264
청소년,18,18,세,M,순발력,014,체공시간,70,80,3512,0.1456
청소년,18,18,세,M,순발력,014,체공시간,80,90,3421,0.1418
청소년,18,18,세,M,순발력,014,체공시간,90,100,4814,0.1996
청소년,18,18,세,M,협응력,017,눈-손협응력,0,10,1788,0.076
청소년,18,18,세,M,협응력,017,눈-손협응력,10,20,1327,0.0564
청소년,18,18,세,M,협응력,017,눈-손협응력,20,30,1326,0.0563
청소년,18,18,세,M,협응력,017,눈-손협응력,30,40,1327,0.0564
청소년,18,18,세,M,협응력,017,눈-손협응력,40,50,184,0.0078
청소년,18,18,세,M,협응력,017,눈-손협응력,50,60,187,0.0079
청소년,18,18,세,M,협응력,017,눈-손협응력,60,70,2289,0.0973
청소년,18,18,세,M,협응력,017,눈-손협응력,70,80,2288,0.0972
청소년,18,18,세,M,협응력,017,눈-손협응력,80,90,5948,0.2527
청소년,18,18,세,M,협응력,017,눈-손협응력,90,100,6872,0.292
청소년,18,18,세,M,심폐지구력,020,왕복오래달리기,0,10,1878,0.0973
청소년,18,18,세,M,심폐지구력,020,왕복오래달리기,10,20,1854,0.0961
청소년,18,18,세,M,심폐지구력,020,왕복오래달리기,20,30,1389,0.072
청소년,18,18,세,M,심폐지구력,020,왕복오래달리기,30,40,1472,0.0763
청소년,18,18,세,M,심폐지구력,020,왕복오래달리기,40,50,2447,0.1268
청소년,18,18,세,M,심폐지구력,020,왕복오래달리기,50,60,2024,0.1049
청소년,18,18,세,M,심폐지구력,020,왕복오래달리기,60,70,2114,0.1095
청소년,18,18,세,M,심폐지구력,020,왕복오래달리기,70,80,1073,0.0556
청소년,18,18,세,M,심폐지구력,020,왕복오래달리기,80,90,2513,0.1302
청소년,18,18,세,M,심폐지구력,020,왕복오래달리기,90,100,2536,0.1314
청소년,18,18,세,M,근력,028,상대악력,0,10,1460,0.0593
청소년,18,18,세,M,근력,028,상대악력,10,20,988,0.0401
청소년,18,18,세,M,근력,028,상대악력,20,30,974,0.0396
청소년,18,18,세,M,근력,028,상대악력,30,40,947,0.0385
청소년,18,18,세,M,근력,028,상대악력,40,50,1909,0.0776
청소년,18,18,세,M,근력,028,상대악력,50,60,1921,0.0781
청소년,18,18,세,M,근력,028,상대악력,60,70,2349,0.0954
청소년,18,18,세,M,근력,028,상대악력,70,80,2345,0.0953
청소년,18,18,세,M,근력,028,상대악력,80,90,5394,0.2192
청소년,18,18,세,M,근력,028,상대악력,90,100,6324,0.257
청소년,18,18,세,M,심폐지구력,035,트레드밀VO2max,0,10,231,0.0523
청소년,18,18,세,M,심폐지구력,035,트레드밀VO2max,10,20,140,0.0317
청소년,18,18,세,M,심폐지구력,035,트레드밀VO2max,20,30,144,0.0326
청소년,18,18,세,M,심폐지구력,035,트레드밀VO2max,30,40,132,0.0299
청소년,18,18,세,M,심폐지구력,035,트레드밀VO2max,40,50,370,0.0838
청소년,18,18,세,M,심폐지구력,035,트레드밀VO2max,50,60,321,0.0727
청소년,18,18,세,M,심폐지구력,035,트레드밀VO2max,60,70,598,0.1355
청소년,18,18,세,M,심폐지구력,035,트레드밀VO2max,70,80,546,0.1237
청소년,18,18,세,M,심폐지구력,035,트레드밀VO2max,80,90,863,0.1955
청소년,18,18,세,M,심폐지구력,035,트레드밀VO2max,90,100,1069,0.2422
청소년,18,18,세,M,심폐지구력,037,스텝검사VO2max,0,10,27,0.0319
청소년,18,18,세,M,심폐지구력,037,스텝검사VO2max,10,20,12,0.0142
청소년,18,18,세,M,심폐지구력,037,스텝검사VO2max,20,30,10,0.0118
청소년,18,18,세,M,심폐지구력,037,스텝검사VO2max,30,40,13,0.0153
청소년,18,18,세,M,심폐지구력,037,스텝검사VO2max,40,50,53,0.0626
청소년,18,18,세,M,심폐지구력,037,스텝검사VO2max,50,60,43,0.0508
청소년,18,18,세,M,심폐지구력,037,스텝검사VO2max,60,70,106,0.1251
청소년,18,18,세,M,심폐지구력,037,스텝검사VO2max,70,80,106,0.1251
청소년,18,18,세,M,심폐지구력,037,스텝검사VO2max,80,90,220,0.2597
청소년,18,18,세,M,심폐지구력,037,스텝검사VO2max,90,100,257,0.3034
청소년,18,18,세,F,근지구력,009,윗몸말아올리기,0,10,363,0.0992
청소년,18,18,세,F,근지구력,009,윗몸말아올리기,10,20,231,0.0631
청소년,18,18,세,F,근지구력,009,윗몸말아올리기,20,30,330,0.0902
청소년,18,18,세,F,근지구력,009,윗몸말아올리기,30,40,166,0.0454
청소년,18,18,세,F,근지구력,009,윗몸말아올리기,40,50,656,0.1793
청소년,18,18,세,F,근지구력,009,윗몸말아올리기,50,60,599,0.1637
청소년,18,18,세,F,근지구력,009,윗몸말아올리기,60,70,410,0.1121
청소년,18,18,세,F,근지구력,009,윗몸말아올리기,70,80,317,0.0866
청소년,18,18,세,F,근지구력,009,윗몸말아올리기,80,90,258,0.0705
청소년,18,18,세,F,근지구력,009,윗몸말아올리기,90,100,329,0.0899
청소년,18,18,세,F,근지구력,010,반복점프,0,10,485,0.0899
청소년,18,18,세,F,근지구력,010,반복점프,10,20,308,0.0571
청소년,18,18,세,F,근지구력,010,반복점프,20,30,301,0.0558
청소년,18,18,세,F,근지구력,010,반복점프,30,40,334,0.0619
청소년,18,18,세,F,근지구력,010,반복점프,40,50,538,0.0997
청소년,18,18,세,F,근지구력,010,반복점프,50,60,489,0.0906
청소년,18,18,세,F,근지구력,010,반복점프,60,70,624,0.1157
청소년,18,18,세,F,근지구력,010,반복점프,70,80,418,0.0775
청소년,18,18,세,F,근지구력,010,반복점프,80,90,916,0.1698
청소년,18,18,세,F,근지구력,010,반복점프,90,100,982,0.182
청소년,18,18,세,F,유연성,012,앉아윗몸앞으로굽히기,0,10,719,0.0787
청소년,18,18,세,F,유연성,012,앉아윗몸앞으로굽히기,10,20,522,0.0572
청소년,18,18,세,F,유연성,012,앉아윗몸앞으로굽히기,20,30,542,0.0594
청소년,18,18,세,F,유연성,012,앉아윗몸앞으로굽히기,30,40,510,0.0559
청소년,18,18,세,F,유연성,012,앉아윗몸앞으로굽히기,40,50,842,0.0922
청소년,18,18,세,F,유연성,012,앉아윗몸앞으로굽히기,50,60,868,0.0951
청소년,18,18,세,F,유연성,012,앉아윗몸앞으로굽히기,60,70,1015,0.1112
청소년,18,18,세,F,유연성,012,앉아윗몸앞으로굽히기,70,80,985,0.1079
청소년,18,18,세,F,유연성,012,앉아윗몸앞으로굽히기,80,90,1387,0.1519
청소년,18,18,세,F,유연성,012,앉아윗몸앞으로굽히기,90,100,1741,0.1907
청소년,18,18,세,F,민첩성,013,일리노이,0,10,685,0.0761
청소년,18,18,세,F,민첩성,013,일리노이,10,20,505,0.0561
청소년,18,18,세,F,민첩성,013,일리노이,20,30,511,0.0567
청소년,18,18,세,F,민첩성,013,일리노이,30,40,501,0.0556
청소년,18,18,세,F,민첩성,013,일리노이,40,50,1136,0.1261
청소년,18,18,세,F,민첩성,013,일리노이,50,60,1103,0.1225
청소년,18,18,세,F,민첩성,013,일리노이,60,70,1216,0.135
청소년,18,18,세,F,민첩성,013,일리노이,70,80,1210,0.1344
청소년,18,18,세,F,민첩성,013,일리노이,80,90,906,0.1006
청소년,18,18,세,F,민첩성,013,일리노이,90,100,1233,0.1369
청소년,18,18,세,F,순발력,014,체공시간,0,10,662,0.0739
청소년,18,18,세,F,순발력,014,체공시간,10,20,527,0.0588
청소년,18,18,세,F,순발력,014,체공시간,20,30,515,0.0575
청소년,18,18,세,F,순발력,014,체공시간,30,40,472,0.0527
청소년,18,18,세,F,순발력,014,체공시간,40,50,1108,0.1237
청소년,18,18,세,F,순발력,014,체공시간,50,60,1432,0.1599
청소년,18,18,세,F,순발력,014,체공시간,60,70,1285,0.1435
청소년,18,18,세,F,순발력,014,체공시간,70,80,1241,0.1386
청소년,18,18,세,F,순발력,014,체공시간,80,90,681,0.076
청소년,18,18,세,F,순발력,014,체공시간,90,100,1034,0.1154
청소년,18,18,세,F,심폐지구력,020,왕복오래달리기,0,10,1128,0.1458
청소년,18,18,세,F,심폐지구력,020,왕복오래달리기,10,20,789,0.102
청소년,18,18,세,F,심폐지구력,020,왕복오래달리기,20,30,1225,0.1584
청소년,18,18,세,F,심폐지구력,020,왕복오래달리기,30,40,629,0.0813
청소년,18,18,세,F,심폐지구력,020,왕복오래달리기,40,50,1334,0.1725
청소년,18,18,세,F,심폐지구력,020,왕복오래달리기,50,60,660,0.0853
청소년,18,18,세,F,심폐지구력,020,왕복오래달리기,60,70,689,0.0891
청소년,18,18,세,F,심폐지구력,020,왕복오래달리기,70,80,329,0.0425
청소년,18,18,세,F,심폐지구력,020,왕복오래달리기,80,90,301,0.0389
청소년,18,18,세,F,심폐지구력,020,왕복오래달리기,90,100,651,0.0842
청소년,18,18,세,F,근력,028,상대악력,0,10,561,0.0607
청소년,18,18,세,F,근력,028,상대악력,10,20,384,0.0415
청소년,18,18,세,F,근력,028,상대악력,20,30,382,0.0413
청소년,18,18,세,F,근력,028,상대악력,30,40,364,0.0394
청소년,18,18,세,F,근력,028,상대악력,40,50,827,0.0895
청소년,18,18,세,F,근력,028,상대악력,50,60,825,0.0893
청소년,18,18,세,F,근력,028,상대악력,60,70,921,0.0996
청소년,18,18,세,F,근력,028,상대악력,70,80,892,0.0965
청소년,18,18,세,F,근력,028,상대악력,80,90,1862,0.2014
청소년,18,18,세,F,근력,028,상대악력,90,100,2225,0.2407
청소년,18,18,세,F,심폐지구력,035,트레드밀VO2max,0,10,58,0.057
청소년,18,18,세,F,심폐지구력,035,트레드밀VO2max,10,20,40,0.0393
청소년,18,18,세,F,심폐지구력,035,트레드밀VO2max,20,30,39,0.0383
청소년,18,18,세,F,심폐지구력,035,트레드밀VO2max,30,40,38,0.0374
청소년,18,18,세,F,심폐지구력,035,트레드밀VO2max,40,50,69,0.0678
청소년,18,18,세,F,심폐지구력,035,트레드밀VO2max,50,60,70,0.0688
청소년,18,18,세,F,심폐지구력,035,트레드밀VO2max,60,70,97,0.0954
청소년,18,18,세,F,심폐지구력,035,트레드밀VO2max,70,80,88,0.0865
청소년,18,18,세,F,심폐지구력,035,트레드밀VO2max,80,90,237,0.233
청소년,18,18,세,F,심폐지구력,035,트레드밀VO2max,90,100,281,0.2763
청소년,18,18,세,F,심폐지구력,037,스텝검사VO2max,0,10,13,0.031
청소년,18,18,세,F,심폐지구력,037,스텝검사VO2max,10,20,4,0.0095
청소년,18,18,세,F,심폐지구력,037,스텝검사VO2max,20,30,4,0.0095
청소년,18,18,세,F,심폐지구력,037,스텝검사VO2max,30,40,3,0.0072
청소년,18,18,세,F,심폐지구력,037,스텝검사VO2max,40,50,14,0.0334
청소년,18,18,세,F,심폐지구력,037,스텝검사VO2max,50,60,13,0.031
청소년,18,18,세,F,심폐지구력,037,스텝검사VO2max,60,70,43,0.1026
청소년,18,18,세,F,심폐지구력,037,스텝검사VO2max,70,80,40,0.0955
청소년,18,18,세,F,심폐지구력,037,스텝검사VO2max,80,90,136,0.3246
청소년,18,18,세,F,심폐지구력,037,스텝검사VO2max,90,100,149,0.3556
유아기,48,53,개월,M,유연성,012,앉아윗몸앞으로굽히기,0,10,86,0.0999
유아기,48,53,개월,M,유연성,012,앉아윗몸앞으로굽히기,10,20,103,0.1196
유아기,48,53,개월,M,유연성,012,앉아윗몸앞으로굽히기,20,30,74,0.0859
유아기,48,53,개월,M,유연성,012,앉아윗몸앞으로굽히기,30,40,93,0.108
유아기,48,53,개월,M,유연성,012,앉아윗몸앞으로굽히기,40,50,79,0.0918
유아기,48,53,개월,M,유연성,012,앉아윗몸앞으로굽히기,50,60,94,0.1092
유아기,48,53,개월,M,유연성,012,앉아윗몸앞으로굽히기,60,70,65,0.0755
유아기,48,53,개월,M,유연성,012,앉아윗몸앞으로굽히기,70,80,58,0.0674
유아기,48,53,개월,M,유연성,012,앉아윗몸앞으로굽히기,80,90,95,0.1103
유아기,48,53,개월,M,유연성,012,앉아윗몸앞으로굽히기,90,100,114,0.1324
유아기,48,53,개월,M,심폐지구력,020,왕복오래달리기,0,10,77,0.0901
유아기,48,53,개월,M,심폐지구력,020,왕복오래달리기,10,20,40,0.0468
유아기,48,53,개월,M,심폐지구력,020,왕복오래달리기,20,30,64,0.0749
유아기,48,53,개월,M,심폐지구력,020,왕복오래달리기,30,40,51,0.0596
유아기,48,53,개월,M,심폐지구력,020,왕복오래달리기,40,50,71,0.083
유아기,48,53,개월,M,심폐지구력,020,왕복오래달리기,50,60,81,0.0947
유아기,48,53,개월,M,심폐지구력,020,왕복오래달리기,60,70,84,0.0982
유아기,48,53,개월,M,심폐지구력,020,왕복오래달리기,70,80,100,0.117
유아기,48,53,개월,M,심폐지구력,020,왕복오래달리기,80,90,129,0.1509
유아기,48,53,개월,M,심폐지구력,020,왕복오래달리기,90,100,158,0.1848
유아기,48,53,개월,M,순발력,022,제자리멀리뛰기,0,10,66,0.0772
유아기,48,53,개월,M,순발력,022,제자리멀리뛰기,10,20,39,0.0456
유아기,48,53,개월,M,순발력,022,제자리멀리뛰기,20,30,65,0.076
유아기,48,53,개월,M,순발력,022,제자리멀리뛰기,30,40,17,0.0199
유아기,48,53,개월,M,순발력,022,제자리멀리뛰기,40,50,207,0.2421
유아기,48,53,개월,M,순발력,022,제자리멀리뛰기,50,60,173,0.2023
유아기,48,53,개월,M,순발력,022,제자리멀리뛰기,60,70,37,0.0433
유아기,48,53,개월,M,순발력,022,제자리멀리뛰기,70,80,111,0.1298
유아기,48,53,개월,M,순발력,022,제자리멀리뛰기,80,90,54,0.0632
유아기,48,53,개월,M,순발력,022,제자리멀리뛰기,90,100,86,0.1006
유아기,48,53,개월,M,근력,028,상대악력,0,10,119,0.1389
유아기,48,53,개월,M,근력,028,상대악력,10,20,101,0.1179
유아기,48,53,개월,M,근력,028,상대악력,20,30,100,0.1167
유아기,48,53,개월,M,근력,028,상대악력,30,40,97,0.1132
유아기,48,53,개월,M,근력,028,상대악력,40,50,77,0.0898
유아기,48,53,개월,M,근력,028,상대악력,50,60,74,0.0863
유아기,48,53,개월,M,근력,028,상대악력,60,70,70,0.0817
유아기,48,53,개월,M,근력,028,상대악력,70,80,67,0.0782
유아기,48,53,개월,M,근력,028,상대악력,80,90,59,0.0688
유아기,48,53,개월,M,근력,028,상대악력,90,100,93,0.1085
유아기,48,53,개월,M,민첩성,050,5m4회왕복달리기,0,10,64,0.0749
유아기,48,53,개월,M,민첩성,050,5m4회왕복달리기,10,20,46,0.0539
유아기,48,53,개월,M,민첩성,050,5m4회왕복달리기,20,30,50,0.0585
유아기,48,53,개월,M,민첩성,050,5m4회왕복달리기,30,40,48,0.0562
유아기,48,53,개월,M,민첩성,050,5m4회왕복달리기,40,50,59,0.0691
유아기,48,53,개월,M,민첩성,050,5m4회왕복달리기,50,60,65,0.0761
유아기,48,53,개월,M,민첩성,050,5m4회왕복달리기,60,70,72,0.0843
유아기,48,53,개월,M,민첩성,050,5m4회왕복달리기,70,80,72,0.0843
유아기,48,53,개월,M,민첩성,050,5m4회왕복달리기,80,90,169,0.1979
유아기,48,53,개월,M,민첩성,050,5m4회왕복달리기,90,100,209,0.2447
유아기,48,53,개월,M,협응력,051,3x3버튼누르기,0,10,65,0.076
유아기,48,53,개월,M,협응력,051,3x3버튼누르기,10,20,48,0.0561
유아기,48,53,개월,M,협응력,051,3x3버튼누르기,20,30,48,0.0561
유아기,48,53,개월,M,협응력,051,3x3버튼누르기,30,40,48,0.0561
유아기,48,53,개월,M,협응력,051,3x3버튼누르기,40,50,65,0.076
유아기,48,53,개월,M,협응력,051,3x3버튼누르기,50,60,64,0.0749
유아기,48,53,개월,M,협응력,051,3x3버튼누르기,60,70,52,0.0608
유아기,48,53,개월,M,협응력,051,3x3버튼누르기,70,80,52,0.0608
유아기,48,53,개월,M,협응력,051,3x3버튼누르기,80,90,188,0.2199
유아기,48,53,개월,M,협응력,051,3x3버튼누르기,90,100,225,0.2632
유아기,48,53,개월,F,유연성,012,앉아윗몸앞으로굽히기,0,10,104,0.1197
유아기,48,53,개월,F,유연성,012,앉아윗몸앞으로굽히기,10,20,88,0.1013
유아기,48,53,개월,F,유연성,012,앉아윗몸앞으로굽히기,20,30,86,0.099
유아기,48,53,개월,F,유연성,012,앉아윗몸앞으로굽히기,30,40,45,0.0518
유아기,48,53,개월,F,유연성,012,앉아윗몸앞으로굽히기,40,50,131,0.1507
유아기,48,53,개월,F,유연성,012,앉아윗몸앞으로굽히기,50,60,79,0.0909
유아기,48,53,개월,F,유연성,012,앉아윗몸앞으로굽히기,60,70,71,0.0817
유아기,48,53,개월,F,유연성,012,앉아윗몸앞으로굽히기,70,80,66,0.0759
유아기,48,53,개월,F,유연성,012,앉아윗몸앞으로굽히기,80,90,77,0.0886
유아기,48,53,개월,F,유연성,012,앉아윗몸앞으로굽히기,90,100,122,0.1404
유아기,48,53,개월,F,심폐지구력,020,왕복오래달리기,0,10,102,0.1174
유아기,48,53,개월,F,심폐지구력,020,왕복오래달리기,10,20,70,0.0806
유아기,48,53,개월,F,심폐지구력,020,왕복오래달리기,20,30,59,0.0679
유아기,48,53,개월,F,심폐지구력,020,왕복오래달리기,30,40,61,0.0702
유아기,48,53,개월,F,심폐지구력,020,왕복오래달리기,40,50,79,0.0909
유아기,48,53,개월,F,심폐지구력,020,왕복오래달리기,50,60,62,0.0713
유아기,48,53,개월,F,심폐지구력,020,왕복오래달리기,60,70,103,0.1185
유아기,48,53,개월,F,심폐지구력,020,왕복오래달리기,70,80,81,0.0932
유아기,48,53,개월,F,심폐지구력,020,왕복오래달리기,80,90,109,0.1254
유아기,48,53,개월,F,심폐지구력,020,왕복오래달리기,90,100,143,0.1646
유아기,48,53,개월,F,순발력,022,제자리멀리뛰기,0,10,66,0.0755
유아기,48,53,개월,F,순발력,022,제자리멀리뛰기,10,20,45,0.0515
유아기,48,53,개월,F,순발력,022,제자리멀리뛰기,20,30,28,0.032
유아기,48,53,개월,F,순발력,022,제자리멀리뛰기,30,40,68,0.0778
유아기,48,53,개월,F,순발력,022,제자리멀리뛰기,40,50,161,0.1842
유아기,48,53,개월,F,순발력,022,제자리멀리뛰기,50,60,91,0.1041
유아기,48,53,개월,F,순발력,022,제자리멀리뛰기,60,70,169,0.1934
유아기,48,53,개월,F,순발력,022,제자리멀리뛰기,70,80,98,0.1121
유아기,48,53,개월,F,순발력,022,제자리멀리뛰기,80,90,52,0.0595
유아기,48,53,개월,F,순발력,022,제자리멀리뛰기,90,100,96,0.1098
유아기,48,53,개월,F,근력,028,상대악력,0,10,123,0.1417
유아기,48,53,개월,F,근력,028,상대악력,10,20,101,0.1164
유아기,48,53,개월,F,근력,028,상대악력,20,30,108,0.1244
유아기,48,53,개월,F,근력,028,상대악력,30,40,103,0.1187
유아기,48,53,개월,F,근력,028,상대악력,40,50,85,0.0979
유아기,48,53,개월,F,근력,028,상대악력,50,60,82,0.0945
유아기,48,53,개월,F,근력,028,상대악력,60,70,38,0.0438
유아기,48,53,개월,F,근력,028,상대악력,70,80,38,0.0438
유아기,48,53,개월,F,근력,028,상대악력,80,90,79,0.091
유아기,48,53,개월,F,근력,028,상대악력,90,100,111,0.1279
유아기,48,53,개월,F,민첩성,050,5m4회왕복달리기,0,10,62,0.0718
유아기,48,53,개월,F,민첩성,050,5m4회왕복달리기,10,20,51,0.059
유아기,48,53,개월,F,민첩성,050,5m4회왕복달리기,20,30,50,0.0579
유아기,48,53,개월,F,민첩성,050,5m4회왕복달리기,30,40,45,0.0521
유아기,48,53,개월,F,민첩성,050,5m4회왕복달리기,40,50,74,0.0856
유아기,48,53,개월,F,민첩성,050,5m4회왕복달리기,50,60,68,0.0787
유아기,48,53,개월,F,민첩성,050,5m4회왕복달리기,60,70,80,0.0926
유아기,48,53,개월,F,민첩성,050,5m4회왕복달리기,70,80,77,0.0891
유아기,48,53,개월,F,민첩성,050,5m4회왕복달리기,80,90,161,0.1863
유아기,48,53,개월,F,민첩성,050,5m4회왕복달리기,90,100,196,0.2269
유아기,48,53,개월,F,협응력,051,3x3버튼누르기,0,10,66,0.0761
유아기,48,53,개월,F,협응력,051,3x3버튼누르기,10,20,49,0.0565
유아기,48,53,개월,F,협응력,051,3x3버튼누르기,20,30,49,0.0565
유아기,48,53,개월,F,협응력,051,3x3버튼누르기,30,40,48,0.0554
유아기,48,53,개월,F,협응력,051,3x3버튼누르기,40,50,63,0.0727
유아기,48,53,개월,F,협응력,051,3x3버튼누르기,50,60,62,0.0715
유아기,48,53,개월,F,협응력,051,3x3버튼누르기,60,70,90,0.1038
유아기,48,53,개월,F,협응력,051,3x3버튼누르기,70,80,88,0.1015
유아기,48,53,개월,F,협응력,051,3x3버튼누르기,80,90,159,0.1834
유아기,48,53,개월,F,협응력,051,3x3버튼누르기,90,100,193,0.2226
유아기,54,59,개월,M,유연성,012,앉아윗몸앞으로굽히기,0,10,256,0.1291
유아기,54,59,개월,M,유연성,012,앉아윗몸앞으로굽히기,10,20,212,0.1069
유아기,54,59,개월,M,유연성,012,앉아윗몸앞으로굽히기,20,30,218,0.1099
유아기,54,59,개월,M,유연성,012,앉아윗몸앞으로굽히기,30,40,229,0.1155
유아기,54,59,개월,M,유연성,012,앉아윗몸앞으로굽히기,40,50,181,0.0913
유아기,54,59,개월,M,유연성,012,앉아윗몸앞으로굽히기,50,60,259,0.1306
유아기,54,59,개월,M,유연성,012,앉아윗몸앞으로굽히기,60,70,156,0.0787
유아기,54,59,개월,M,유연성,012,앉아윗몸앞으로굽히기,70,80,110,0.0555
유아기,54,59,개월,M,유연성,012,앉아윗몸앞으로굽히기,80,90,163,0.0822
유아기,54,59,개월,M,유연성,012,앉아윗몸앞으로굽히기,90,100,199,0.1004
유아기,54,59,개월,M,심폐지구력,020,왕복오래달리기,0,10,184,0.0913
유아기,54,59,개월,M,심폐지구력,020,왕복오래달리기,10,20,157,0.0779
유아기,54,59,개월,M,심폐지구력,020,왕복오래달리기,20,30,161,0.0799
유아기,54,59,개월,M,심폐지구력,020,왕복오래달리기,30,40,141,0.0699
유아기,54,59,개월,M,심폐지구력,020,왕복오래달리기,40,50,170,0.0843
유아기,54,59,개월,M,심폐지구력,020,왕복오래달리기,50,60,116,0.0575
유아기,54,59,개월,M,심폐지구력,020,왕복오래달리기,60,70,189,0.0938
유아기,54,59,개월,M,심폐지구력,020,왕복오래달리기,70,80,172,0.0853
유아기,54,59,개월,M,심폐지구력,020,왕복오래달리기,80,90,323,0.1602
유아기,54,59,개월,M,심폐지구력,020,왕복오래달리기,90,100,403,0.1999
유아기,54,59,개월,M,순발력,022,제자리멀리뛰기,0,10,160,0.0803
유아기,54,59,개월,M,순발력,022,제자리멀리뛰기,10,20,123,0.0617
유아기,54,59,개월,M,순발력,022,제자리멀리뛰기,20,30,120,0.0602
유아기,54,59,개월,M,순발력,022,제자리멀리뛰기,30,40,25,0.0125
유아기,54,59,개월,M,순발력,022,제자리멀리뛰기,40,50,493,0.2474
유아기,54,59,개월,M,순발력,022,제자리멀리뛰기,50,60,392,0.1967
유아기,54,59,개월,M,순발력,022,제자리멀리뛰기,60,70,71,0.0356
유아기,54,59,개월,M,순발력,022,제자리멀리뛰기,70,80,120,0.0602
유아기,54,59,개월,M,순발력,022,제자리멀리뛰기,80,90,211,0.1059
유아기,54,59,개월,M,순발력,022,제자리멀리뛰기,90,100,278,0.1395
유아기,54,59,개월,M,근력,028,상대악력,0,10,260,0.1311
유아기,54,59,개월,M,근력,028,상대악력,10,20,231,0.1165
유아기,54,59,개월,M,근력,028,상대악력,20,30,221,0.1114
유아기,54,59,개월,M,근력,028,상대악력,30,40,228,0.115
유아기,54,59,개월,M,근력,028,상대악력,40,50,161,0.0812
유아기,54,59,개월,M,근력,028,상대악력,50,60,156,0.0787
유아기,54,59,개월,M,근력,028,상대악력,60,70,175,0.0883
유아기,54,59,개월,M,근력,028,상대악력,70,80,173,0.0872
유아기,54,59,개월,M,근력,028,상대악력,80,90,148,0.0746
유아기,54,59,개월,M,근력,028,상대악력,90,100,230,0.116
유아기,54,59,개월,M,민첩성,050,5m4회왕복달리기,0,10,146,0.0739
유아기,54,59,개월,M,민첩성,050,5m4회왕복달리기,10,20,115,0.0582
유아기,54,59,개월,M,민첩성,050,5m4회왕복달리기,20,30,112,0.0567
유아기,54,59,개월,M,민첩성,050,5m4회왕복달리기,30,40,110,0.0557
유아기,54,59,개월,M,민첩성,050,5m4회왕복달리기,40,50,156,0.079
유아기,54,59,개월,M,민첩성,050,5m4회왕복달리기,50,60,165,0.0835
유아기,54,59,개월,M,민첩성,050,5m4회왕복달리기,60,70,220,0.1114
유아기,54,59,개월,M,민첩성,050,5m4회왕복달리기,70,80,217,0.1099
유아기,54,59,개월,M,민첩성,050,5m4회왕복달리기,80,90,322,0.163
유아기,54,59,개월,M,민첩성,050,5m4회왕복달리기,90,100,412,0.2086
유아기,54,59,개월,M,협응력,051,3x3버튼누르기,0,10,151,0.0763
유아기,54,59,개월,M,협응력,051,3x3버튼누르기,10,20,111,0.0561
유아기,54,59,개월,M,협응력,051,3x3버튼누르기,20,30,108,0.0546
유아기,54,59,개월,M,협응력,051,3x3버튼누르기,30,40,113,0.0571
유아기,54,59,개월,M,협응력,051,3x3버튼누르기,40,50,217,0.1097
유아기,54,59,개월,M,협응력,051,3x3버튼누르기,50,60,215,0.1087
유아기,54,59,개월,M,협응력,051,3x3버튼누르기,60,70,231,0.1168
유아기,54,59,개월,M,협응력,051,3x3버튼누르기,70,80,228,0.1153
유아기,54,59,개월,M,협응력,051,3x3버튼누르기,80,90,263,0.133
유아기,54,59,개월,M,협응력,051,3x3버튼누르기,90,100,341,0.1724
유아기,54,59,개월,F,유연성,012,앉아윗몸앞으로굽히기,0,10,218,0.1163
유아기,54,59,개월,F,유연성,012,앉아윗몸앞으로굽히기,10,20,185,0.0987
유아기,54,59,개월,F,유연성,012,앉아윗몸앞으로굽히기,20,30,254,0.1355
유아기,54,59,개월,F,유연성,012,앉아윗몸앞으로굽히기,30,40,138,0.0736
유아기,54,59,개월,F,유연성,012,앉아윗몸앞으로굽히기,40,50,242,0.1291
유아기,54,59,개월,F,유연성,012,앉아윗몸앞으로굽히기,50,60,184,0.0982
유아기,54,59,개월,F,유연성,012,앉아윗몸앞으로굽히기,60,70,111,0.0592
유아기,54,59,개월,F,유연성,012,앉아윗몸앞으로굽히기,70,80,127,0.0678
유아기,54,59,개월,F,유연성,012,앉아윗몸앞으로굽히기,80,90,135,0.072
유아기,54,59,개월,F,유연성,012,앉아윗몸앞으로굽히기,90,100,280,0.1494
유아기,54,59,개월,F,심폐지구력,020,왕복오래달리기,0,10,220,0.1178
유아기,54,59,개월,F,심폐지구력,020,왕복오래달리기,10,20,155,0.083
유아기,54,59,개월,F,심폐지구력,020,왕복오래달리기,20,30,199,0.1066
유아기,54,59,개월,F,심폐지구력,020,왕복오래달리기,30,40,161,0.0862
유아기,54,59,개월,F,심폐지구력,020,왕복오래달리기,40,50,220,0.1178
유아기,54,59,개월,F,심폐지구력,020,왕복오래달리기,50,60,151,0.0809
유아기,54,59,개월,F,심폐지구력,020,왕복오래달리기,60,70,164,0.0878
유아기,54,59,개월,F,심폐지구력,020,왕복오래달리기,70,80,96,0.0514
유아기,54,59,개월,F,심폐지구력,020,왕복오래달리기,80,90,225,0.1205
유아기,54,59,개월,F,심폐지구력,020,왕복오래달리기,90,100,276,0.1478
유아기,54,59,개월,F,순발력,022,제자리멀리뛰기,0,10,133,0.071
유아기,54,59,개월,F,순발력,022,제자리멀리뛰기,10,20,74,0.0395
유아기,54,59,개월,F,순발력,022,제자리멀리뛰기,20,30,140,0.0747
유아기,54,59,개월,F,순발력,022,제자리멀리뛰기,30,40,22,0.0117
유아기,54,59,개월,F,순발력,022,제자리멀리뛰기,40,50,507,0.2705
유아기,54,59,개월,F,순발력,022,제자리멀리뛰기,50,60,414,0.2209
유아기,54,59,개월,F,순발력,022,제자리멀리뛰기,60,70,79,0.0422
유아기,54,59,개월,F,순발력,022,제자리멀리뛰기,70,80,0,0.0
유아기,54,59,개월,F,순발력,022,제자리멀리뛰기,80,90,262,0.1398
유아기,54,59,개월,F,순발력,022,제자리멀리뛰기,90,100,243,0.1297
유아기,54,59,개월,F,근력,028,상대악력,0,10,257,0.1371
유아기,54,59,개월,F,근력,028,상대악력,10,20,223,0.119
유아기,54,59,개월,F,근력,028,상대악력,20,30,221,0.1179
유아기,54,59,개월,F,근력,028,상대악력,30,40,219,0.1169
유아기,54,59,개월,F,근력,028,상대악력,40,50,170,0.0907
유아기,54,59,개월,F,근력,028,상대악력,50,60,170,0.0907
유아기,54,59,개월,F,근력,028,상대악력,60,70,165,0.088
유아기,54,59,개월,F,근력,028,상대악력,70,80,158,0.0843
유아기,54,59,개월,F,근력,028,상대악력,80,90,108,0.0576
유아기,54,59,개월,F,근력,028,상대악력,90,100,183,0.0977
유아기,54,59,개월,F,민첩성,050,5m4회왕복달리기,0,10,141,0.0756
유아기,54,59,개월,F,민첩성,050,5m4회왕복달리기,10,20,104,0.0557
유아기,54,59,개월,F,민첩성,050,5m4회왕복달리기,20,30,105,0.0563
유아기,54,59,개월,F,민첩성,050,5m4회왕복달리기,30,40,101,0.0541
유아기,54,59,개월,F,민첩성,050,5m4회왕복달리기,40,50,144,0.0772
유아기,54,59,개월,F,민첩성,050,5m4회왕복달리기,50,60,136,0.0729
유아기,54,59,개월,F,민첩성,050,5m4회왕복달리기,60,70,211,0.1131
유아기,54,59,개월,F,민첩성,050,5m4회왕복달리기,70,80,205,0.1099
유아기,54,59,개월,F,민첩성,050,5m4회왕복달리기,80,90,317,0.1699
유아기,54,59,개월,F,민첩성,050,5m4회왕복달리기,90,100,402,0.2154
유아기,54,59,개월,F,협응력,051,3x3버튼누르기,0,10,141,0.0756
유아기,54,59,개월,F,협응력,051,3x3버튼누르기,10,20,105,0.0563
유아기,54,59,개월,F,협응력,051,3x3버튼누르기,20,30,105,0.0563
유아기,54,59,개월,F,협응력,051,3x3버튼누르기,30,40,104,0.0558
유아기,54,59,개월,F,협응력,051,3x3버튼누르기,40,50,253,0.1357
유아기,54,59,개월,F,협응력,051,3x3버튼누르기,50,60,249,0.1335
유아기,54,59,개월,F,협응력,051,3x3버튼누르기,60,70,175,0.0938
유아기,54,59,개월,F,협응력,051,3x3버튼누르기,70,80,171,0.0917
유아기,54,59,개월,F,협응력,051,3x3버튼누르기,80,90,242,0.1298
유아기,54,59,개월,F,협응력,051,3x3버튼누르기,90,100,320,0.1716
유아기,60,65,개월,M,근지구력,009,윗몸말아올리기,0,10,431,0.1604
유아기,60,65,개월,M,근지구력,009,윗몸말아올리기,10,20,0,0.0
유아기,60,65,개월,M,근지구력,009,윗몸말아올리기,20,30,0,0.0
유아기,60,65,개월,M,근지구력,009,윗몸말아올리기,30,40,0,0.0
유아기,60,65,개월,M,근지구력,009,윗몸말아올리기,40,50,461,0.1716
유아기,60,65,개월,M,근지구력,009,윗몸말아올리기,50,60,425,0.1582
유아기,60,65,개월,M,근지구력,009,윗몸말아올리기,60,70,314,0.1169
유아기,60,65,개월,M,근지구력,009,윗몸말아올리기,70,80,258,0.096
유아기,60,65,개월,M,근지구력,009,윗몸말아올리기,80,90,338,0.1258
유아기,60,65,개월,M,근지구력,009,윗몸말아올리기,90,100,460,0.1712
유아기,60,65,개월,M,유연성,012,앉아윗몸앞으로굽히기,0,10,332,0.1234
유아기,60,65,개월,M,유연성,012,앉아윗몸앞으로굽히기,10,20,203,0.0754
유아기,60,65,개월,M,유연성,012,앉아윗몸앞으로굽히기,20,30,318,0.1182
유아기,60,65,개월,M,유연성,012,앉아윗몸앞으로굽히기,30,40,202,0.0751
유아기,60,65,개월,M,유연성,012,앉아윗몸앞으로굽히기,40,50,407,0.1512
유아기,60,65,개월,M,유연성,012,앉아윗몸앞으로굽히기,50,60,322,0.1197
유아기,60,65,개월,M,유연성,012,앉아윗몸앞으로굽히기,60,70,110,0.0409
유아기,60,65,개월,M,유연성,012,앉아윗몸앞으로굽히기,70,80,147,0.0546
유아기,60,65,개월,M,유연성,012,앉아윗몸앞으로굽히기,80,90,274,0.1018
유아기,60,65,개월,M,유연성,012,앉아윗몸앞으로굽히기,90,100,376,0.1397
유아기,60,65,개월,M,심폐지구력,020,왕복오래달리기,0,10,180,0.0634
유아기,60,65,개월,M,심폐지구력,020,왕복오래달리기,10,20,122,0.043
유아기,60,65,개월,M,심폐지구력,020,왕복오래달리기,20,30,153,0.0539
유아기,60,65,개월,M,심폐지구력,020,왕복오래달리기,30,40,130,0.0458
유아기,60,65,개월,M,심폐지구력,020,왕복오래달리기,40,50,284,0.1
유아기,60,65,개월,M,심폐지구력,020,왕복오래달리기,50,60,248,0.0874
유아기,60,65,개월,M,심폐지구력,020,왕복오래달리기,60,70,244,0.0859
유아기,60,65,개월,M,심폐지구력,020,왕복오래달리기,70,80,194,0.0683
유아기,60,65,개월,M,심폐지구력,020,왕복오래달리기,80,90,505,0.1779
유아기,60,65,개월,M,심폐지구력,020,왕복오래달리기,90,100,779,0.2744
유아기,60,65,개월,M,순발력,022,제자리멀리뛰기,0,10,186,0.069
유아기,60,65,개월,M,순발력,022,제자리멀리뛰기,10,20,177,0.0656
유아기,60,65,개월,M,순발력,022,제자리멀리뛰기,20,30,164,0.0608
유아기,60,65,개월,M,순발력,022,제자리멀리뛰기,30,40,47,0.0174
유아기,60,65,개월,M,순발력,022,제자리멀리뛰기,40,50,495,0.1835
유아기,60,65,개월,M,순발력,022,제자리멀리뛰기,50,60,325,0.1205
유아기,60,65,개월,M,순발력,022,제자리멀리뛰기,60,70,306,0.1135
유아기,60,65,개월,M,순발력,022,제자리멀리뛰기,70,80,334,0.1238
유아기,60,65,개월,M,순발력,022,제자리멀리뛰기,80,90,342,0.1268
유아기,60,65,개월,M,순발력,022,제자리멀리뛰기,90,100,321,0.119
유아기,60,65,개월,M,근력,028,상대악력,0,10,319,0.1185
유아기,60,65,개월,M,근력,028,상대악력,10,20,288,0.107
유아기,60,65,개월,M,근력,028,상대악력,20,30,271,0.1007
유아기,60,65,개월,M,근력,028,상대악력,30,40,266,0.0988
유아기,60,65,개월,M,근력,028,상대악력,40,50,253,0.094
유아기,60,65,개월,M,근력,028,상대악력,50,60,223,0.0828
유아기,60,65,개월,M,근력,028,상대악력,60,70,239,0.0888
유아기,60,65,개월,M,근력,028,상대악력,70,80,251,0.0932
유아기,60,65,개월,M,근력,028,상대악력,80,90,237,0.088
유아기,60,65,개월,M,근력,028,상대악력,90,100,345,0.1282
유아기,60,65,개월,M,민첩성,050,5m4회왕복달리기,0,10,203,0.0756
유아기,60,65,개월,M,민첩성,050,5m4회왕복달리기,10,20,153,0.057
유아기,60,65,개월,M,민첩성,050,5m4회왕복달리기,20,30,147,0.0547
유아기,60,65,개월,M,민첩성,050,5m4회왕복달리기,30,40,151,0.0562
유아기,60,65,개월,M,민첩성,050,5m4회왕복달리기,40,50,215,0.0801
유아기,60,65,개월,M,민첩성,050,5m4회왕복달리기,50,60,215,0.0801
유아기,60,65,개월,M,민첩성,050,5m4회왕복달리기,60,70,295,0.1099
유아기,60,65,개월,M,민첩성,050,5m4회왕복달리기,70,80,280,0.1043
유아기,60,65,개월,M,민첩성,050,5m4회왕복달리기,80,90,461,0.1717
유아기,60,65,개월,M,민첩성,050,5m4회왕복달리기,90,100,565,0.2104
유아기,60,65,개월,M,협응력,051,3x3버튼누르기,0,10,204,0.0759
유아기,60,65,개월,M,협응력,051,3x3버튼누르기,10,20,150,0.0558
유아기,60,65,개월,M,협응력,051,3x3버튼누르기,20,30,153,0.0569
유아기,60,65,개월,M,협응력,051,3x3버튼누르기,30,40,150,0.0558
유아기,60,65,개월,M,협응력,051,3x3버튼누르기,40,50,462,0.1719
유아기,60,65,개월,M,협응력,051,3x3버튼누르기,50,60,465,0.1731
유아기,60,65,개월,M,협응력,051,3x3버튼누르기,60,70,283,0.1053
유아기,60,65,개월,M,협응력,051,3x3버튼누르기,70,80,280,0.1042
유아기,60,65,개월,M,협응력,051,3x3버튼누르기,80,90,217,0.0808
유아기,60,65,개월,M,협응력,051,3x3버튼누르기,90,100,323,0.1202
유아기,60,65,개월,F,유연성,012,앉아윗몸앞으로굽히기,0,10,336,0.1274
유아기,60,65,개월,F,유연성,012,앉아윗몸앞으로굽히기,10,20,264,0.1001
유아기,60,65,개월,F,유연성,012,앉아윗몸앞으로굽히기,20,30,290,0.1099
유아기,60,65,개월,F,유연성,012,앉아윗몸앞으로굽히기,30,40,276,0.1046
유아기,60,65,개월,F,유연성,012,앉아윗몸앞으로굽히기,40,50,243,0.0921
유아기,60,65,개월,F,유연성,012,앉아윗몸앞으로굽히기,50,60,283,0.1073
유아기,60,65,개월,F,유연성,012,앉아윗몸앞으로굽히기,60,70,175,0.0663
유아기,60,65,개월,F,유연성,012,앉아윗몸앞으로굽히기,70,80,85,0.0322
유아기,60,65,개월,F,유연성,012,앉아윗몸앞으로굽히기,80,90,326,0.1236
유아기,60,65,개월,F,유연성,012,앉아윗몸앞으로굽히기,90,100,360,0.1365
유아기,60,65,개월,F,심폐지구력,020,왕복오래달리기,0,10,279,0.1026
유아기,60,65,개월,F,심폐지구력,020,왕복오래달리기,10,20,220,0.0809
유아기,60,65,개월,F,심폐지구력,020,왕복오래달리기,20,30,260,0.0956
유아기,60,65,개월,F,심폐지구력,020,왕복오래달리기,30,40,234,0.086
유아기,60,65,개월,F,심폐지구력,020,왕복오래달리기,40,50,232,0.0853
유아기,60,65,개월,F,심폐지구력,020,왕복오래달리기,50,60,201,0.0739
유아기,60,65,개월,F,심폐지구력,020,왕복오래달리기,60,70,212,0.0779
유아기,60,65,개월,F,심폐지구력,020,왕복오래달리기,70,80,192,0.0706
유아기,60,65,개월,F,심폐지구력,020,왕복오래달리기,80,90,314,0.1154
유아기,60,65,개월,F,심폐지구력,020,왕복오래달리기,90,100,576,0.2118
유아기,60,65,개월,F,순발력,022,제자리멀리뛰기,0,10,246,0.0934
유아기,60,65,개월,F,순발력,022,제자리멀리뛰기,10,20,162,0.0615
유아기,60,65,개월,F,순발력,022,제자리멀리뛰기,20,30,185,0.0702
유아기,60,65,개월,F,순발력,022,제자리멀리뛰기,30,40,45,0.0171
유아기,60,65,개월,F,순발력,022,제자리멀리뛰기,40,50,493,0.1872
유아기,60,65,개월,F,순발력,022,제자리멀리뛰기,50,60,334,0.1268
유아기,60,65,개월,F,순발력,022,제자리멀리뛰기,60,70,299,0.1135
유아기,60,65,개월,F,순발력,022,제자리멀리뛰기,70,80,117,0.0444
유아기,60,65,개월,F,순발력,022,제자리멀리뛰기,80,90,396,0.1503
유아기,60,65,개월,F,순발력,022,제자리멀리뛰기,90,100,357,0.1355
유아기,60,65,개월,F,근력,028,상대악력,0,10,311,0.118
유아기,60,65,개월,F,근력,028,상대악력,10,20,259,0.0983
유아기,60,65,개월,F,근력,028,상대악력,20,30,264,0.1002
유아기,60,65,개월,F,근력,028,상대악력,30,40,259,0.0983
유아기,60,65,개월,F,근력,028,상대악력,40,50,195,0.074
유아기,60,65,개월,F,근력,028,상대악력,50,60,201,0.0763
유아기,60,65,개월,F,근력,028,상대악력,60,70,246,0.0933
유아기,60,65,개월,F,근력,028,상대악력,70,80,230,0.0873
유아기,60,65,개월,F,근력,028,상대악력,80,90,282,0.107
유아기,60,65,개월,F,근력,028,상대악력,90,100,389,0.1476
유아기,60,65,개월,F,민첩성,050,5m4회왕복달리기,0,10,200,0.0761
유아기,60,65,개월,F,민첩성,050,5m4회왕복달리기,10,20,148,0.0563
유아기,60,65,개월,F,민첩성,050,5m4회왕복달리기,20,30,144,0.0548
유아기,60,65,개월,F,민첩성,050,5m4회왕복달리기,30,40,151,0.0575
유아기,60,65,개월,F,민첩성,050,5m4회왕복달리기,40,50,78,0.0297
유아기,60,65,개월,F,민첩성,050,5m4회왕복달리기,50,60,68,0.0259
유아기,60,65,개월,F,민첩성,050,5m4회왕복달리기,60,70,209,0.0796
유아기,60,65,개월,F,민첩성,050,5m4회왕복달리기,70,80,191,0.0727
유아기,60,65,개월,F,민첩성,050,5m4회왕복달리기,80,90,671,0.2554
유아기,60,65,개월,F,민첩성,050,5m4회왕복달리기,90,100,767,0.292
유아기,60,65,개월,F,협응력,051,3x3버튼누르기,0,10,199,0.0757
유아기,60,65,개월,F,협응력,051,3x3버튼누르기,10,20,147,0.0559
유아기,60,65,개월,F,협응력,051,3x3버튼누르기,20,30,148,0.0563
유아기,60,65,개월,F,협응력,051,3x3버튼누르기,30,40,144,0.0548
유아기,60,65,개월,F,협응력,051,3x3버튼누르기,40,50,230,0.0875
유아기,60,65,개월,F,협응력,051,3x3버튼누르기,50,60,225,0.0856
유아기,60,65,개월,F,협응력,051,3x3버튼누르기,60,70,331,0.1259
유아기,60,65,개월,F,협응력,051,3x3버튼누르기,70,80,327,0.1244
유아기,60,65,개월,F,협응력,051,3x3버튼누르기,80,90,391,0.1487
유아기,60,65,개월,F,협응력,051,3x3버튼누르기,90,100,487,0.1852
유아기,66,71,개월,M,근지구력,009,윗몸말아올리기,0,10,319,0.1045
유아기,66,71,개월,M,근지구력,009,윗몸말아올리기,10,20,0,0.0
유아기,66,71,개월,M,근지구력,009,윗몸말아올리기,20,30,0,0.0
유아기,66,71,개월,M,근지구력,009,윗몸말아올리기,30,40,0,0.0
유아기,66,71,개월,M,근지구력,009,윗몸말아올리기,40,50,470,0.1539
유아기,66,71,개월,M,근지구력,009,윗몸말아올리기,50,60,394,0.129
유아기,66,71,개월,M,근지구력,009,윗몸말아올리기,60,70,377,0.1234
유아기,66,71,개월,M,근지구력,009,윗몸말아올리기,70,80,301,0.0986
유아기,66,71,개월,M,근지구력,009,윗몸말아올리기,80,90,551,0.1804
유아기,66,71,개월,M,근지구력,009,윗몸말아올리기,90,100,642,0.2102
유아기,66,71,개월,M,유연성,012,앉아윗몸앞으로굽히기,0,10,367,0.1201
유아기,66,71,개월,M,유연성,012,앉아윗몸앞으로굽히기,10,20,267,0.0874
유아기,66,71,개월,M,유연성,012,앉아윗몸앞으로굽히기,20,30,382,0.125
유아기,66,71,개월,M,유연성,012,앉아윗몸앞으로굽히기,30,40,226,0.074
유아기,66,71,개월,M,유연성,012,앉아윗몸앞으로굽히기,40,50,432,0.1414
유아기,66,71,개월,M,유연성,012,앉아윗몸앞으로굽히기,50,60,225,0.0736
유아기,66,71,개월,M,유연성,012,앉아윗몸앞으로굽히기,60,70,369,0.1207
유아기,66,71,개월,M,유연성,012,앉아윗몸앞으로굽히기,70,80,231,0.0756
유아기,66,71,개월,M,유연성,012,앉아윗몸앞으로굽히기,80,90,240,0.0785
유아기,66,71,개월,M,유연성,012,앉아윗몸앞으로굽히기,90,100,317,0.1037
유아기,66,71,개월,M,심폐지구력,020,왕복오래달리기,0,10,254,0.0834
유아기,66,71,개월,M,심폐지구력,020,왕복오래달리기,10,20,173,0.0568
유아기,66,71,개월,M,심폐지구력,020,왕복오래달리기,20,30,168,0.0552
유아기,66,71,개월,M,심폐지구력,020,왕복오래달리기,30,40,173,0.0568
유아기,66,71,개월,M,심폐지구력,020,왕복오래달리기,40,50,281,0.0923
유아기,66,71,개월,M,심폐지구력,020,왕복오래달리기,50,60,256,0.084
유아기,66,71,개월,M,심폐지구력,020,왕복오래달리기,60,70,299,0.0982
유아기,66,71,개월,M,심폐지구력,020,왕복오래달리기,70,80,223,0.0732
유아기,66,71,개월,M,심폐지구력,020,왕복오래달리기,80,90,588,0.193
유아기,66,71,개월,M,심폐지구력,020,왕복오래달리기,90,100,631,0.2072
유아기,66,71,개월,M,순발력,022,제자리멀리뛰기,0,10,268,0.0878
유아기,66,71,개월,M,순발력,022,제자리멀리뛰기,10,20,210,0.0688
유아기,66,71,개월,M,순발력,022,제자리멀리뛰기,20,30,186,0.061
유아기,66,71,개월,M,순발력,022,제자리멀리뛰기,30,40,74,0.0243
유아기,66,71,개월,M,순발력,022,제자리멀리뛰기,40,50,542,0.1776
유아기,66,71,개월,M,순발력,022,제자리멀리뛰기,50,60,327,0.1072
유아기,66,71,개월,M,순발력,022,제자리멀리뛰기,60,70,361,0.1183
유아기,66,71,개월,M,순발력,022,제자리멀리뛰기,70,80,130,0.0426
유아기,66,71,개월,M,순발력,022,제자리멀리뛰기,80,90,499,0.1636
유아기,66,71,개월,M,순발력,022,제자리멀리뛰기,90,100,454,0.1488
유아기,66,71,개월,M,근력,028,상대악력,0,10,311,0.1018
유아기,66,71,개월,M,근력,028,상대악력,10,20,251,0.0822
유아기,66,71,개월,M,근력,028,상대악력,20,30,255,0.0835
유아기,66,71,개월,M,근력,028,상대악력,30,40,238,0.0779
유아기,66,71,개월,M,근력,028,상대악력,40,50,380,0.1244
유아기,66,71,개월,M,근력,028,상대악력,50,60,348,0.1139
유아기,66,71,개월,M,근력,028,상대악력,60,70,252,0.0825
유아기,66,71,개월,M,근력,028,상대악력,70,80,238,0.0779
유아기,66,71,개월,M,근력,028,상대악력,80,90,337,0.1103
유아기,66,71,개월,M,근력,028,상대악력,90,100,444,0.1454
유아기,66,71,개월,M,민첩성,050,5m4회왕복달리기,0,10,232,0.0761
유아기,66,71,개월,M,민첩성,050,5m4회왕복달리기,10,20,173,0.0567
유아기,66,71,개월,M,민첩성,050,5m4회왕복달리기,20,30,169,0.0554
유아기,66,71,개월,M,민첩성,050,5m4회왕복달리기,30,40,169,0.0554
유아기,66,71,개월,M,민첩성,050,5m4회왕복달리기,40,50,136,0.0446
유아기,66,71,개월,M,민첩성,050,5m4회왕복달리기,50,60,154,0.0505
유아기,66,71,개월,M,민첩성,050,5m4회왕복달리기,60,70,326,0.1069
유아기,66,71,개월,M,민첩성,050,5m4회왕복달리기,70,80,352,0.1154
유아기,66,71,개월,M,민첩성,050,5m4회왕복달리기,80,90,614,0.2013
유아기,66,71,개월,M,민첩성,050,5m4회왕복달리기,90,100,725,0.2377
유아기,66,71,개월,M,협응력,051,3x3버튼누르기,0,10,231,0.0758
유아기,66,71,개월,M,협응력,051,3x3버튼누르기,10,20,172,0.0564
유아기,66,71,개월,M,협응력,051,3x3버튼누르기,20,30,171,0.0561
유아기,66,71,개월,M,협응력,051,3x3버튼누르기,30,40,171,0.0561
유아기,66,71,개월,M,협응력,051,3x3버튼누르기,40,50,369,0.121
유아기,66,71,개월,M,협응력,051,3x3버튼누르기,50,60,366,0.12
유아기,66,71,개월,M,협응력,051,3x3버튼누르기,60,70,370,0.1214
유아기,66,71,개월,M,협응력,051,3x3버튼누르기,70,80,369,0.121
유아기,66,71,개월,M,협응력,051,3x3버튼누르기,80,90,355,0.1164
유아기,66,71,개월,M,협응력,051,3x3버튼누르기,90,100,475,0.1558
유아기,66,71,개월,F,근지구력,009,윗몸말아올리기,0,10,277,0.0952
유아기,66,71,개월,F,근지구력,009,윗몸말아올리기,10,20,0,0.0
유아기,66,71,개월,F,근지구력,009,윗몸말아올리기,20,30,213,0.0732
유아기,66,71,개월,F,근지구력,009,윗몸말아올리기,30,40,0,0.0
유아기,66,71,개월,F,근지구력,009,윗몸말아올리기,40,50,431,0.1482
유아기,66,71,개월,F,근지구력,009,윗몸말아올리기,50,60,337,0.1158
유아기,66,71,개월,F,근지구력,009,윗몸말아올리기,60,70,442,0.1519
유아기,66,71,개월,F,근지구력,009,윗몸말아올리기,70,80,101,0.0347
유아기,66,71,개월,F,근지구력,009,윗몸말아올리기,80,90,555,0.1908
유아기,66,71,개월,F,근지구력,009,윗몸말아올리기,90,100,553,0.1901
유아기,66,71,개월,F,유연성,012,앉아윗몸앞으로굽히기,0,10,348,0.1197
유아기,66,71,개월,F,유연성,012,앉아윗몸앞으로굽히기,10,20,358,0.1232
유아기,66,71,개월,F,유연성,012,앉아윗몸앞으로굽히기,20,30,302,0.1039
유아기,66,71,개월,F,유연성,012,앉아윗몸앞으로굽히기,30,40,243,0.0836
유아기,66,71,개월,F,유연성,012,앉아윗몸앞으로굽히기,40,50,347,0.1194
유아기,66,71,개월,F,유연성,012,앉아윗몸앞으로굽히기,50,60,240,0.0826
유아기,66,71,개월,F,유연성,012,앉아윗몸앞으로굽히기,60,70,271,0.0932
유아기,66,71,개월,F,유연성,012,앉아윗몸앞으로굽히기,70,80,186,0.064
유아기,66,71,개월,F,유연성,012,앉아윗몸앞으로굽히기,80,90,265,0.0912
유아기,66,71,개월,F,유연성,012,앉아윗몸앞으로굽히기,90,100,347,0.1194
유아기,66,71,개월,F,심폐지구력,020,왕복오래달리기,0,10,284,0.0979
유아기,66,71,개월,F,심폐지구력,020,왕복오래달리기,10,20,228,0.0786
유아기,66,71,개월,F,심폐지구력,020,왕복오래달리기,20,30,232,0.08
유아기,66,71,개월,F,심폐지구력,020,왕복오래달리기,30,40,234,0.0807
유아기,66,71,개월,F,심폐지구력,020,왕복오래달리기,40,50,197,0.0679
유아기,66,71,개월,F,심폐지구력,020,왕복오래달리기,50,60,227,0.0782
유아기,66,71,개월,F,심폐지구력,020,왕복오래달리기,60,70,216,0.0745
유아기,66,71,개월,F,심폐지구력,020,왕복오래달리기,70,80,205,0.0707
유아기,66,71,개월,F,심폐지구력,020,왕복오래달리기,80,90,490,0.1689
유아기,66,71,개월,F,심폐지구력,020,왕복오래달리기,90,100,588,0.2027
유아기,66,71,개월,F,순발력,022,제자리멀리뛰기,0,10,218,0.0749
유아기,66,71,개월,F,순발력,022,제자리멀리뛰기,10,20,175,0.0602
유아기,66,71,개월,F,순발력,022,제자리멀리뛰기,20,30,161,0.0553
유아기,66,71,개월,F,순발력,022,제자리멀리뛰기,30,40,62,0.0213
유아기,66,71,개월,F,순발력,022,제자리멀리뛰기,40,50,563,0.1935
유아기,66,71,개월,F,순발력,022,제자리멀리뛰기,50,60,610,0.2097
유아기,66,71,개월,F,순발력,022,제자리멀리뛰기,60,70,166,0.0571
유아기,66,71,개월,F,순발력,022,제자리멀리뛰기,70,80,280,0.0963
유아기,66,71,개월,F,순발력,022,제자리멀리뛰기,80,90,286,0.0983
유아기,66,71,개월,F,순발력,022,제자리멀리뛰기,90,100,388,0.1334
유아기,66,71,개월,F,근력,028,상대악력,0,10,340,0.1169
유아기,66,71,개월,F,근력,028,상대악력,10,20,274,0.0942
유아기,66,71,개월,F,근력,028,상대악력,20,30,289,0.0994
유아기,66,71,개월,F,근력,028,상대악력,30,40,271,0.0932
유아기,66,71,개월,F,근력,028,상대악력,40,50,328,0.1128
유아기,66,71,개월,F,근력,028,상대악력,50,60,316,0.1087
유아기,66,71,개월,F,근력,028,상대악력,60,70,284,0.0977
유아기,66,71,개월,F,근력,028,상대악력,70,80,282,0.097
유아기,66,71,개월,F,근력,028,상대악력,80,90,206,0.0708
유아기,66,71,개월,F,근력,028,상대악력,90,100,318,0.1094
유아기,66,71,개월,F,민첩성,050,5m4회왕복달리기,0,10,219,0.0754
유아기,66,71,개월,F,민첩성,050,5m4회왕복달리기,10,20,165,0.0568
유아기,66,71,개월,F,민첩성,050,5m4회왕복달리기,20,30,163,0.0561
유아기,66,71,개월,F,민첩성,050,5m4회왕복달리기,30,40,156,0.0537
유아기,66,71,개월,F,민첩성,050,5m4회왕복달리기,40,50,146,0.0503
유아기,66,71,개월,F,민첩성,050,5m4회왕복달리기,50,60,126,0.0434
유아기,66,71,개월,F,민첩성,050,5m4회왕복달리기,60,70,311,0.1071
유아기,66,71,개월,F,민첩성,050,5m4회왕복달리기,70,80,290,0.0999
유아기,66,71,개월,F,민첩성,050,5m4회왕복달리기,80,90,609,0.2098
유아기,66,71,개월,F,민첩성,050,5m4회왕복달리기,90,100,718,0.2473
유아기,66,71,개월,F,협응력,051,3x3버튼누르기,0,10,219,0.0754
유아기,66,71,개월,F,협응력,051,3x3버튼누르기,10,20,164,0.0565
유아기,66,71,개월,F,협응력,051,3x3버튼누르기,20,30,164,0.0565
유아기,66,71,개월,F,협응력,051,3x3버튼누르기,30,40,164,0.0565
유아기,66,71,개월,F,협응력,051,3x3버튼누르기,40,50,330,0.1137
유아기,66,71,개월,F,협응력,051,3x3버튼누르기,50,60,329,0.1133
유아기,66,71,개월,F,협응력,051,3x3버튼누르기,60,70,321,0.1106
유아기,66,71,개월,F,협응력,051,3x3버튼누르기,70,80,332,0.1144
유아기,66,71,개월,F,협응력,051,3x3버튼누르기,80,90,384,0.1323
유아기,66,71,개월,F,협응력,051,3x3버튼누르기,90,100,496,0.1709
유아기,72,83,개월,M,근지구력,009,윗몸말아올리기,0,10,308,0.0656
유아기,72,83,개월,M,근지구력,009,윗몸말아올리기,10,20,272,0.0579
유아기,72,83,개월,M,근지구력,009,윗몸말아올리기,20,30,267,0.0569
유아기,72,83,개월,M,근지구력,009,윗몸말아올리기,30,40,312,0.0665
유아기,72,83,개월,M,근지구력,009,윗몸말아올리기,40,50,466,0.0993
유아기,72,83,개월,M,근지구력,009,윗몸말아올리기,50,60,426,0.0908
유아기,72,83,개월,M,근지구력,009,윗몸말아올리기,60,70,364,0.0775
유아기,72,83,개월,M,근지구력,009,윗몸말아올리기,70,80,586,0.1248
유아기,72,83,개월,M,근지구력,009,윗몸말아올리기,80,90,753,0.1604
유아기,72,83,개월,M,근지구력,009,윗몸말아올리기,90,100,940,0.2003
유아기,72,83,개월,M,유연성,012,앉아윗몸앞으로굽히기,0,10,593,0.1264
유아기,72,83,개월,M,유연성,012,앉아윗몸앞으로굽히기,10,20,656,0.1398
유아기,72,83,개월,M,유연성,012,앉아윗몸앞으로굽히기,20,30,632,0.1347
유아기,72,83,개월,M,유연성,012,앉아윗몸앞으로굽히기,30,40,455,0.097
유아기,72,83,개월,M,유연성,012,앉아윗몸앞으로굽히기,40,50,554,0.1181
유아기,72,83,개월,M,유연성,012,앉아윗몸앞으로굽히기,50,60,351,0.0748
유아기,72,83,개월,M,유연성,012,앉아윗몸앞으로굽히기,60,70,290,0.0618
유아기,72,83,개월,M,유연성,012,앉아윗몸앞으로굽히기,70,80,233,0.0497
유아기,72,83,개월,M,유연성,012,앉아윗몸앞으로굽히기,80,90,392,0.0835
유아기,72,83,개월,M,유연성,012,앉아윗몸앞으로굽히기,90,100,536,0.1142
유아기,72,83,개월,M,심폐지구력,020,왕복오래달리기,0,10,362,0.0775
유아기,72,83,개월,M,심폐지구력,020,왕복오래달리기,10,20,258,0.0552
유아기,72,83,개월,M,심폐지구력,020,왕복오래달리기,20,30,255,0.0546
유아기,72,83,개월,M,심폐지구력,020,왕복오래달리기,30,40,257,0.055
유아기,72,83,개월,M,심폐지구력,020,왕복오래달리기,40,50,340,0.0728
유아기,72,83,개월,M,심폐지구력,020,왕복오래달리기,50,60,311,0.0666
유아기,72,83,개월,M,심폐지구력,020,왕복오래달리기,60,70,650,0.1392
유아기,72,83,개월,M,심폐지구력,020,왕복오래달리기,70,80,296,0.0634
유아기,72,83,개월,M,심폐지구력,020,왕복오래달리기,80,90,512,0.1096
유아기,72,83,개월,M,심폐지구력,020,왕복오래달리기,90,100,1429,0.306
유아기,72,83,개월,M,순발력,022,제자리멀리뛰기,0,10,312,0.0665
유아기,72,83,개월,M,순발력,022,제자리멀리뛰기,10,20,314,0.067
유아기,72,83,개월,M,순발력,022,제자리멀리뛰기,20,30,316,0.0674
유아기,72,83,개월,M,순발력,022,제자리멀리뛰기,30,40,77,0.0164
유아기,72,83,개월,M,순발력,022,제자리멀리뛰기,40,50,966,0.206
유아기,72,83,개월,M,순발력,022,제자리멀리뛰기,50,60,488,0.1041
유아기,72,83,개월,M,순발력,022,제자리멀리뛰기,60,70,535,0.1141
유아기,72,83,개월,M,순발력,022,제자리멀리뛰기,70,80,332,0.0708
유아기,72,83,개월,M,순발력,022,제자리멀리뛰기,80,90,476,0.1015
유아기,72,83,개월,M,순발력,022,제자리멀리뛰기,90,100,874,0.1864
유아기,72,83,개월,M,근력,028,상대악력,0,10,519,0.1106
유아기,72,83,개월,M,근력,028,상대악력,10,20,433,0.0922
유아기,72,83,개월,M,근력,028,상대악력,20,30,436,0.0929
유아기,72,83,개월,M,근력,028,상대악력,30,40,434,0.0925
유아기,72,83,개월,M,근력,028,상대악력,40,50,500,0.1065
유아기,72,83,개월,M,근력,028,상대악력,50,60,478,0.1018
유아기,72,83,개월,M,근력,028,상대악력,60,70,445,0.0948
유아기,72,83,개월,M,근력,028,상대악력,70,80,433,0.0922
유아기,72,83,개월,M,근력,028,상대악력,80,90,416,0.0886
유아기,72,83,개월,M,근력,028,상대악력,90,100,600,0.1278
유아기,72,83,개월,M,민첩성,050,5m4회왕복달리기,0,10,353,0.0753
유아기,72,83,개월,M,민첩성,050,5m4회왕복달리기,10,20,261,0.0557
유아기,72,83,개월,M,민첩성,050,5m4회왕복달리기,20,30,270,0.0576
유아기,72,83,개월,M,민첩성,050,5m4회왕복달리기,30,40,257,0.0548
유아기,72,83,개월,M,민첩성,050,5m4회왕복달리기,40,50,201,0.0429
유아기,72,83,개월,M,민첩성,050,5m4회왕복달리기,50,60,208,0.0444
유아기,72,83,개월,M,민첩성,050,5m4회왕복달리기,60,70,405,0.0864
유아기,72,83,개월,M,민첩성,050,5m4회왕복달리기,70,80,418,0.0892
유아기,72,83,개월,M,민첩성,050,5m4회왕복달리기,80,90,1060,0.2262
유아기,72,83,개월,M,민첩성,050,5m4회왕복달리기,90,100,1253,0.2674
유아기,72,83,개월,M,협응력,051,3x3버튼누르기,0,10,357,0.0762
유아기,72,83,개월,M,협응력,051,3x3버튼누르기,10,20,264,0.0564
유아기,72,83,개월,M,협응력,051,3x3버튼누르기,20,30,264,0.0564
유아기,72,83,개월,M,협응력,051,3x3버튼누르기,30,40,259,0.0553
유아기,72,83,개월,M,협응력,051,3x3버튼누르기,40,50,537,0.1147
유아기,72,83,개월,M,협응력,051,3x3버튼누르기,50,60,525,0.1121
유아기,72,83,개월,M,협응력,051,3x3버튼누르기,60,70,420,0.0897
유아기,72,83,개월,M,협응력,051,3x3버튼누르기,70,80,416,0.0889
유아기,72,83,개월,M,협응력,051,3x3버튼누르기,80,90,731,0.1561
유아기,72,83,개월,M,협응력,051,3x3버튼누르기,90,100,909,0.1941
유아기,72,83,개월,F,근지구력,009,윗몸말아올리기,0,10,582,0.1355
유아기,72,83,개월,F,근지구력,009,윗몸말아올리기,10,20,238,0.0554
유아기,72,83,개월,F,근지구력,009,윗몸말아올리기,20,30,265,0.0617
유아기,72,83,개월,F,근지구력,009,윗몸말아올리기,30,40,195,0.0454
유아기,72,83,개월,F,근지구력,009,윗몸말아올리기,40,50,448,0.1043
유아기,72,83,개월,F,근지구력,009,윗몸말아올리기,50,60,385,0.0897
유아기,72,83,개월,F,근지구력,009,윗몸말아올리기,60,70,423,0.0985
유아기,72,83,개월,F,근지구력,009,윗몸말아올리기,70,80,291,0.0678
유아기,72,83,개월,F,근지구력,009,윗몸말아올리기,80,90,698,0.1626
유아기,72,83,개월,F,근지구력,009,윗몸말아올리기,90,100,769,0.1791
유아기,72,83,개월,F,유연성,012,앉아윗몸앞으로굽히기,0,10,593,0.1377
유아기,72,83,개월,F,유연성,012,앉아윗몸앞으로굽히기,10,20,497,0.1154
유아기,72,83,개월,F,유연성,012,앉아윗몸앞으로굽히기,20,30,463,0.1075
유아기,72,83,개월,F,유연성,012,앉아윗몸앞으로굽히기,30,40,393,0.0913
유아기,72,83,개월,F,유연성,012,앉아윗몸앞으로굽히기,40,50,516,0.1199
유아기,72,83,개월,F,유연성,012,앉아윗몸앞으로굽히기,50,60,379,0.088
유아기,72,83,개월,F,유연성,012,앉아윗몸앞으로굽히기,60,70,289,0.0671
유아기,72,83,개월,F,유연성,012,앉아윗몸앞으로굽히기,70,80,255,0.0592
유아기,72,83,개월,F,유연성,012,앉아윗몸앞으로굽히기,80,90,394,0.0915
유아기,72,83,개월,F,유연성,012,앉아윗몸앞으로굽히기,90,100,526,0.1222
유아기,72,83,개월,F,심폐지구력,020,왕복오래달리기,0,10,376,0.088
유아기,72,83,개월,F,심폐지구력,020,왕복오래달리기,10,20,285,0.0667
유아기,72,83,개월,F,심폐지구력,020,왕복오래달리기,20,30,274,0.0641
유아기,72,83,개월,F,심폐지구력,020,왕복오래달리기,30,40,280,0.0655
유아기,72,83,개월,F,심폐지구력,020,왕복오래달리기,40,50,326,0.0763
유아기,72,83,개월,F,심폐지구력,020,왕복오래달리기,50,60,255,0.0597
유아기,72,83,개월,F,심폐지구력,020,왕복오래달리기,60,70,497,0.1163
유아기,72,83,개월,F,심폐지구력,020,왕복오래달리기,70,80,379,0.0887
유아기,72,83,개월,F,심폐지구력,020,왕복오래달리기,80,90,651,0.1524
유아기,72,83,개월,F,심폐지구력,020,왕복오래달리기,90,100,950,0.2223
유아기,72,83,개월,F,순발력,022,제자리멀리뛰기,0,10,329,0.0762
유아기,72,83,개월,F,순발력,022,제자리멀리뛰기,10,20,192,0.0445
유아기,72,83,개월,F,순발력,022,제자리멀리뛰기,20,30,288,0.0667
유아기,72,83,개월,F,순발력,022,제자리멀리뛰기,30,40,240,0.0556
유아기,72,83,개월,F,순발력,022,제자리멀리뛰기,40,50,619,0.1434
유아기,72,83,개월,F,순발력,022,제자리멀리뛰기,50,60,514,0.119
유아기,72,83,개월,F,순발력,022,제자리멀리뛰기,60,70,624,0.1445
유아기,72,83,개월,F,순발력,022,제자리멀리뛰기,70,80,267,0.0618
유아기,72,83,개월,F,순발력,022,제자리멀리뛰기,80,90,523,0.1211
유아기,72,83,개월,F,순발력,022,제자리멀리뛰기,90,100,722,0.1672
유아기,72,83,개월,F,근력,028,상대악력,0,10,516,0.1203
유아기,72,83,개월,F,근력,028,상대악력,10,20,430,0.1003
유아기,72,83,개월,F,근력,028,상대악력,20,30,428,0.0998
유아기,72,83,개월,F,근력,028,상대악력,30,40,411,0.0958
유아기,72,83,개월,F,근력,028,상대악력,40,50,436,0.1017
유아기,72,83,개월,F,근력,028,상대악력,50,60,402,0.0937
유아기,72,83,개월,F,근력,028,상대악력,60,70,330,0.0769
유아기,72,83,개월,F,근력,028,상대악력,70,80,296,0.069
유아기,72,83,개월,F,근력,028,상대악력,80,90,439,0.1024
유아기,72,83,개월,F,근력,028,상대악력,90,100,601,0.1401
유아기,72,83,개월,F,민첩성,050,5m4회왕복달리기,0,10,325,0.076
유아기,72,83,개월,F,민첩성,050,5m4회왕복달리기,10,20,239,0.0559
유아기,72,83,개월,F,민첩성,050,5m4회왕복달리기,20,30,242,0.0566
유아기,72,83,개월,F,민첩성,050,5m4회왕복달리기,30,40,240,0.0561
유아기,72,83,개월,F,민첩성,050,5m4회왕복달리기,40,50,183,0.0428
유아기,72,83,개월,F,민첩성,050,5m4회왕복달리기,50,60,165,0.0386
유아기,72,83,개월,F,민첩성,050,5m4회왕복달리기,60,70,417,0.0975
유아기,72,83,개월,F,민첩성,050,5m4회왕복달리기,70,80,415,0.097
유아기,72,83,개월,F,민첩성,050,5m4회왕복달리기,80,90,954,0.2231
유아기,72,83,개월,F,민첩성,050,5m4회왕복달리기,90,100,1097,0.2565
유아기,72,83,개월,F,협응력,051,3x3버튼누르기,0,10,326,0.0762
유아기,72,83,개월,F,협응력,051,3x3버튼누르기,10,20,241,0.0563
유아기,72,83,개월,F,협응력,051,3x3버튼누르기,20,30,243,0.0568
유아기,72,83,개월,F,협응력,051,3x3버튼누르기,30,40,236,0.0552
유아기,72,83,개월,F,협응력,051,3x3버튼누르기,40,50,416,0.0972
유아기,72,83,개월,F,협응력,051,3x3버튼누르기,50,60,407,0.0951
유아기,72,83,개월,F,협응력,051,3x3버튼누르기,60,70,467,0.1092
유아기,72,83,개월,F,협응력,051,3x3버튼누르기,70,80,468,0.1094
유아기,72,83,개월,F,협응력,051,3x3버튼누르기,80,90,653,0.1526
유아기,72,83,개월,F,협응력,051,3x3버튼누르기,90,100,821,0.1919
