age_group,age_lo,age_hi,age_unit,sex,item_code,n,q01,q02,q03,q04,q05,q06,q07,q08,q09,q10,q11,q12,q13,q14,q15,q16,q17,q18,q19,q20,q21,q22,q23,q24,q25,q26,q27,q28,q29,q30,q31,q32,q33,q34,q35,q36,q37,q38,q39,q40,q41,q42,q43,q44,q45,q46,q47,q48,q49,q50,q51,q52,q53,q54,q55,q56,q57,q58,q59,q60,q61,q62,q63,q64,q65,q66,q67,q68,q69,q70,q71,q72,q73,q74,q75,q76,q77,q78,q79,q80,q81,q82,q83,q84,q85,q86,q87,q88,q89,q90,q91,q92,q93,q94,q95,q96,q97,q98,q99
유소년,11,11,세,M,009,29757,0.0,1.0,2.0,3.0,4.0,5.0,5.0,6.0,6.0,7.0,7.0,8.0,9.0,9.0,10.0,10.0,10.0,11.0,12.0,12.0,12.0,13.0,13.0,14.0,14.0,15.0,15.0,15.0,16.0,16.0,16.0,17.0,17.0,18.0,18.0,19.0,19.0,19.0,20.0,20.0,20.0,21.0,21.0,21.0,22.0,22.0,23.0,23.0,23.0,24.0,24.0,25.0,25.0,25.0,26.0,26.0,27.0,27.0,28.0,29.0,29.0,30.0,30.0,30.0,31.0,31.0,32.0,33.0,33.0,34.0,35.0,35.0,36.0,37.0,38.0,40.0,40.0,41.0,42.0,43.0,44.0,46.0,48.0,50.0,51.0,52.0,55.0,57.0,60.0,63.0,67.0,72.0,80.0,80.0,80.0,80.0,80.0,80.0,80.0
유소년,11,11,세,M,012,29781,-16.2,-13.94,-12.1,-11.0,-10.0,-9.7,-9.0,-8.0,-7.6,-7.0,-6.5,-6.0,-5.5,-5.0,-4.8,-4.1,-4.0,-3.4,-3.0,-2.5,-2.0,-1.8,-1.2,-1.0,-0.5,0.0,0.0,0.24,0.5,0.8,1.0,1.0,1.3,1.5,1.7,2.0,2.0,2.1,2.3,2.5,2.8,3.0,3.0,3.1,3.3,3.5,3.7,4.0,4.0,4.2,4.4,4.5,4.9,5.0,5.0,5.3,5.5,5.7,6.0,6.0,6.2,6.5,6.6,7.0,7.0,7.2,7.5,7.6,7.9,8.0,8.2,8.4,8.6,8.9,9.0,9.2,9.5,9.6,10.0,10.0,10.3,10.5,11.0,11.0,11.4,11.6,12.0,12.2,12.5,13.0,13.3,13.7,14.0,14.6,15.1,16.0,17.0,18.0,19.82
유소년,11,11,세,M,020,29689,7.0,12.0,14.0,16.0,19.0,20.0,22.0,23.0,24.0,25.0,26.0,28.0,29.0,30.0,31.0,32.0,32.0,33.0,34.0,35.0,36.0,36.0,37.0,39.0,40.0,41.0,41.0,41.0,42.0,43.0,43.0,44.0,45.0,46.0,47.0,49.0,50.0,50.0,51.0,51.0,51.0,52.0,52.0,52.0,53.0,54.0,55.0,55.0,56.0,57.0,58.0,59.0,60.0,61.0,61.0,62.0,62.0,63.0,64.0,65.0,67.0,68.0,68.0,70.0,71.0,71.0,72.0,73.0,74.0,75.0,76.0,77.0,79.0,80.0,81.0,82.0,83.0,84.0,86.0,87.0,90.0,91.0,93.0,95.0,97.0,100.0,100.0,100.0,100.0,100.0,101.0,103.0,104.0,104.0,105.0,107.0,110.0,112.0,121.0
유소년,11,11,세,M,022,29713,80.0,94.0,100.0,102.0,105.0,108.0,110.0,111.0,113.0,115.0,116.0,118.0,120.0,120.0,121.0,123.0,125.0,125.0,126.0,127.0,129.0,130.0,130.0,130.0,132.0,133.0,134.0,135.0,135.0,135.0,137.0,138.0,139.0,140.0,140.0,140.0,141.0,142.0,143.0,144.0,145.0,145.0,145.0,146.0,147.0,148.0,148.0,150.0,150.0,150.0,150.0,151.0,152.0,152.0,153.0,154.0,155.0,155.0,155.0,156.0,157.0,158.0,159.0,160.0,160.0,160.0,161.0,162.0,163.0,164.0,165.0,165.0,165.0,166.0,167.0,168.0,169.0,170.0,170.0,171.0,172.0,173.0,174.0,175.0,175.0,177.0,178.0,180.0,180.0,182.0,183.0,185.0,186.0,189.0,190.0,193.0,196.0,200.0,206.0
유소년,11,11,세,M,028,29813,20.4,22.5,23.8,24.8,25.6,26.3,27.0,27.6,28.1,28.7,29.2,29.6,30.0,30.4,30.8,31.1,31.5,31.8,32.2,32.5,32.852,33.2,33.5,33.8,34.1,34.4,34.7,35.0,35.3,35.6,35.8,36.1,36.4,36.6,36.9,37.2,37.4,37.7,38.0,38.28,38.5,38.8,39.0,39.3,39.6,39.8,40.1,40.3,40.6,40.8,41.1,41.4,41.6,41.9,42.1,42.4,42.7,42.9,43.2,43.5,43.8,44.1,44.4,44.6,44.9,45.2,45.5,45.8,46.1,46.4,46.8,47.1,47.5,47.8,48.1,48.5,48.8,49.2,49.6,50.0,50.5,50.9,51.3,51.8,52.3,52.732,53.3,53.9,54.5,55.1,55.8,56.5,57.3,58.2,59.4,60.6,62.2,64.2,67.9
유소년,11,11,세,M,043,29544,12.0,16.0,17.0,19.0,20.0,20.0,21.0,22.0,22.0,23.0,23.0,23.0,24.0,24.0,24.0,24.0,25.0,25.0,25.0,25.0,26.0,26.0,26.0,26.0,27.0,27.0,27.0,27.0,27.0,28.0,28.0,28.0,28.0,28.0,28.0,29.0,29.0,29.0,29.0,29.0,29.0,30.0,30.0,30.0,30.0,30.0,30.0,30.0,31.0,31.0,31.0,31.0,31.0,31.0,32.0,32.0,32.0,32.0,32.0,32.0,33.0,33.0,33.0,33.0,33.0,33.0,34.0,34.0,34.0,34.0,34.0,34.0,35.0,35.0,35.0,35.0,35.0,35.0,36.0,36.0,36.0,36.0,37.0,37.0,37.0,37.0,38.0,38.0,38.0,38.0,39.0,39.0,40.0,40.0,41.0,41.0,42.0,43.0,45.0
유소년,11,11,세,F,009,28261,0.0,1.0,2.0,3.0,3.0,4.0,5.0,5.0,6.0,6.0,7.0,7.0,8.0,8.0,9.0,9.0,10.0,10.0,10.0,11.0,11.0,12.0,12.0,12.0,13.0,13.0,14.0,14.0,14.0,15.0,15.0,15.0,16.0,16.0,16.0,17.0,17.0,17.0,18.0,18.0,19.0,19.0,19.0,20.0,20.0,20.0,20.0,21.0,21.0,21.0,22.0,22.0,23.0,23.0,23.0,24.0,24.0,25.0,25.0,25.0,26.0,26.0,26.0,27.0,27.0,28.0,28.0,29.0,30.0,30.0,30.0,31.0,31.0,32.0,32.0,33.0,34.0,35.0,35.0,36.0,37.0,38.0,40.0,40.0,41.0,43.0,44.0,46.0,48.0,50.0,52.0,55.0,59.0,61.0,67.0,79.0,80.0,80.0,80.0
유소년,11,11,세,F,012,28308,-11.7,-9.6,-7.979,-6.5,-5.1,-4.2,-3.2,-2.5,-1.637,-0.8,0.0,0.3,0.9,1.1,1.5,2.0,2.1,2.5,2.9,3.0,3.3,3.5,4.0,4.0,4.2,4.5,4.9,5.0,5.1,5.5,5.7,6.0,6.0,6.4,6.5,6.9,7.0,7.0,7.3,7.5,7.8,8.0,8.0,8.2,8.5,8.7,9.0,9.0,9.2,9.5,9.6,10.0,10.0,10.1,10.3,10.5,10.7,11.0,11.0,11.2,11.5,11.6,12.0,12.0,12.155,12.4,12.5,12.8,13.0,13.1,13.4,13.5,13.9,14.0,14.2,14.5,14.7,15.0,15.1,15.5,15.8,16.0,16.3,16.5,17.0,17.2,17.5,18.0,18.3,18.7,19.0,19.5,20.0,20.5,21.0,22.0,22.6,23.8,25.5
유소년,11,11,세,F,020,28215,10.0,15.0,17.0,19.0,21.0,22.0,23.0,24.0,25.0,26.0,27.0,28.0,29.0,30.0,30.0,31.0,31.0,32.0,32.0,33.0,33.0,34.0,34.0,35.0,36.0,36.0,37.0,37.0,38.0,39.0,40.0,40.0,41.0,41.0,42.0,42.0,42.0,43.0,43.0,44.0,45.0,45.0,46.0,46.0,47.0,48.0,49.0,50.0,50.0,50.0,51.0,51.0,51.0,51.0,52.0,52.0,52.0,53.0,53.0,54.0,55.0,56.0,56.0,57.0,58.0,60.0,60.0,61.0,61.0,62.0,62.0,63.0,64.0,64.0,65.0,66.0,67.0,69.0,70.0,71.0,71.0,72.0,73.0,74.0,75.0,76.0,78.0,80.0,81.0,83.0,85.0,86.0,87.0,90.0,93.0,96.0,100.0,101.0,105.0
유소년,11,11,세,F,022,28234,75.0,85.0,90.0,95.0,97.0,100.0,100.0,101.0,103.0,104.0,105.0,105.0,107.0,109.0,110.0,110.0,110.0,112.0,113.0,114.0,115.0,115.0,116.0,117.0,118.0,119.0,120.0,120.0,120.0,121.0,122.0,123.0,123.0,124.0,125.0,125.0,125.0,126.0,127.0,128.0,129.0,130.0,130.0,130.0,130.0,131.0,132.0,133.0,134.0,135.0,135.0,135.0,135.0,136.0,137.0,138.0,139.0,140.0,140.0,140.0,141.0,142.0,143.0,143.0,144.0,145.0,145.0,145.0,146.0,147.0,148.0,150.0,150.0,150.0,151.0,152.0,153.0,154.0,155.0,155.0,156.0,157.0,158.0,160.0,160.0,161.0,162.0,164.0,165.0,165.0,167.0,170.0,170.0,172.0,175.0,177.0,180.0,184.0,190.0
유소년,11,11,세,F,028,28323,21.9,24.2,25.5,26.5,27.4,28.1,28.7,29.3,29.8,30.2,30.7,31.1,31.5,31.9,32.3,32.7,33.0,33.3,33.7,33.9,34.2,34.5,34.8,35.1,35.4,35.6,35.9,36.1,36.4,36.6,36.9,37.1,37.3,37.6,37.8,38.1,38.3,38.5,38.7,39.0,39.2,39.424,39.7,39.9,40.1,40.4,40.6,40.8,41.1,41.3,41.5,41.8,42.0,42.2,42.4,42.7,42.9,43.2,43.4,43.6,43.9,44.2,44.4,44.6,44.9,45.1,45.4,45.6,45.8,46.1,46.3,46.6,46.9,47.2,47.5,47.8,48.1,48.4,48.7,49.1,49.5,49.8,50.2,50.6,51.0,51.4,51.9,52.3,52.8,53.3,53.9,54.5,55.2,56.0,56.9,58.0,59.2,61.1,63.978
유소년,11,11,세,F,043,28073,11.0,14.0,16.0,17.0,18.0,19.0,20.0,20.0,20.0,21.0,21.0,22.0,22.0,22.0,23.0,23.0,23.0,23.0,23.0,24.0,24.0,24.0,24.0,24.0,25.0,25.0,25.0,25.0,25.0,25.0,26.0,26.0,26.0,26.0,26.0,26.0,27.0,27.0,27.0,27.0,27.0,27.0,27.0,28.0,28.0,28.0,28.0,28.0,28.0,28.0,29.0,29.0,29.0,29.0,29.0,29.0,29.0,30.0,30.0,30.0,30.0,30.0,30.0,30.0,31.0,31.0,31.0,31.0,31.0,31.0,32.0,32.0,32.0,32.0,32.0,33.0,33.0,33.0,33.0,33.0,34.0,34.0,34.0,34.0,35.0,35.0,35.0,35.0,36.0,36.0,36.0,37.0,37.0,38.0,38.0,39.0,40.0,41.0,43.0
유소년,12,12,세,M,009,12516,0.0,2.0,3.0,4.0,5.0,6.0,7.0,8.0,9.0,10.0,10.0,11.0,12.0,13.0,13.0,14.0,14.0,15.0,15.0,16.0,16.0,17.0,17.0,18.0,18.0,19.0,19.0,20.0,20.0,20.0,21.0,21.0,22.0,22.0,22.0,23.0,23.0,24.0,24.0,25.0,25.0,25.3,26.0,26.0,27.0,28.0,28.0,29.0,29.0,30.0,30.0,30.0,30.95,31.0,31.0,32.0,33.0,33.0,34.0,35.0,35.0,36.0,37.0,37.0,38.0,39.0,40.0,40.0,41.0,42.0,43.0,44.0,45.0,46.0,47.0,49.0,50.0,51.0,51.0,53.0,55.0,56.3,59.0,60.0,62.0,65.0,69.0,73.0,80.0,80.0,80.0,80.0,80.0,80.0,80.0,80.0,80.0,80.0,90.0
유소년,12,12,세,M,012,12575,-17.626,-15.0,-13.0,-11.9,-11.0,-10.0,-9.8,-9.0,-8.2,-7.8,-7.0,-6.8,-6.0,-5.8,-5.0,-5.0,-4.5,-4.0,-3.7,-3.02,-3.0,-2.5,-2.0,-1.7,-1.18,-1.0,-0.5,0.0,0.0,0.2,0.5,0.9,1.0,1.1,1.4,1.6,2.0,2.0,2.1,2.4,2.5,2.8,3.0,3.0,3.3,3.5,3.7,4.0,4.0,4.3,4.5,4.7,5.0,5.0,5.2,5.5,5.6,6.0,6.0,6.2,6.5,6.7,7.0,7.0,7.2,7.5,7.8,8.0,8.0,8.3,8.5,8.9,9.0,9.2,9.5,9.7,10.0,10.1,10.4,10.6,11.0,11.0,11.4,11.7,12.0,12.3,12.7,13.0,13.5,13.9,14.2,14.9,15.1,16.0,16.4,17.0,18.1,19.4,21.526
유소년,12,12,세,M,020,12476,4.0,9.5,12.0,15.0,16.0,17.0,19.0,20.0,21.0,23.0,24.0,25.0,26.0,28.0,30.0,30.0,31.0,32.0,33.0,34.0,35.0,36.0,36.25,38.0,39.0,40.0,41.0,41.0,42.0,43.0,44.0,45.0,46.0,48.0,50.0,50.0,51.0,51.0,51.0,52.0,52.0,53.0,54.0,55.0,56.0,56.0,58.0,59.0,60.0,61.0,61.0,62.0,63.0,64.0,65.0,66.0,67.0,68.0,70.0,71.0,71.0,72.0,73.0,74.0,75.0,76.0,78.0,79.0,80.0,81.0,82.0,83.0,85.0,86.0,88.0,90.0,91.0,92.0,95.0,96.0,100.0,100.0,100.0,100.0,101.0,102.0,104.0,104.0,104.0,104.0,105.0,105.0,107.0,110.0,111.0,112.0,118.0,121.0,131.0
유소년,12,12,세,M,022,12534,90.0,100.0,105.0,110.0,115.0,118.98,120.0,123.0,125.0,127.0,130.0,130.0,132.0,134.0,135.0,135.0,137.61,140.0,140.0,140.0,142.0,143.0,144.0,145.0,145.0,147.0,148.0,149.0,150.0,150.0,150.0,152.0,153.0,154.0,155.0,155.0,155.0,156.0,157.0,159.0,160.0,160.0,160.0,160.52,162.0,163.0,163.0,164.0,165.0,165.0,166.0,167.0,168.0,169.0,170.0,170.0,170.0,171.0,172.0,173.0,174.0,175.0,175.0,175.0,176.0,178.0,178.0,180.0,180.0,180.0,181.0,182.0,183.0,184.0,185.0,185.0,186.0,188.0,190.0,190.0,190.0,192.0,193.0,195.0,195.0,196.0,198.0,200.0,200.0,201.0,203.0,205.0,206.0,209.0,210.0,212.0,215.0,220.0,225.0
유소년,12,12,세,M,028,12600,22.1,24.7,26.4,27.5,28.4,29.1,29.8,30.4,30.991,31.4,31.9,32.4,32.9,33.4,33.8,34.1,34.6,34.9,35.2,35.6,36.0,36.3,36.7,37.1,37.4,37.7,38.073,38.372,38.7,39.0,39.2,39.6,39.9,40.2,40.5,40.8,41.1,41.4,41.7,42.0,42.3,42.6,42.9,43.2,43.4,43.7,44.0,44.3,44.6,44.9,45.2,45.5,45.8,46.1,46.4,46.7,47.0,47.3,47.6,47.9,48.2,48.6,48.9,49.2,49.6,50.0,50.3,50.6,51.0,51.4,51.7,52.1,52.5,52.8,53.2,53.6,54.0,54.4,54.9,55.3,55.7,56.1,56.7,57.1,57.7,58.2,58.8,59.4,60.0,60.8,61.6,62.408,63.207,64.3,65.3,66.7,68.5,71.1,75.1
유소년,12,12,세,M,043,12421,12.0,16.0,19.0,20.0,21.0,22.0,23.0,24.0,24.0,25.0,25.0,25.0,26.0,26.0,27.0,27.0,27.0,27.0,28.0,28.0,28.0,28.0,28.0,29.0,29.0,29.0,29.0,30.0,30.0,30.0,30.0,30.0,30.0,31.0,31.0,31.0,31.0,31.0,31.0,32.0,32.0,32.0,32.0,32.0,33.0,33.0,33.0,33.0,33.0,33.0,33.0,34.0,34.0,34.0,34.0,34.0,34.0,35.0,35.0,35.0,35.0,35.0,35.0,36.0,36.0,36.0,36.0,36.0,36.0,37.0,37.0,37.0,37.0,37.0,38.0,38.0,38.0,38.0,38.0,39.0,39.0,39.0,39.0,40.0,40.0,40.0,40.0,41.0,41.0,41.0,42.0,42.0,43.0,43.0,44.0,44.0,45.0,46.0,48.0
유소년,12,12,세,F,009,11087,0.0,1.0,2.0,2.0,3.0,4.0,5.0,5.0,6.0,7.0,7.0,8.0,8.0,9.0,10.0,10.0,10.0,11.0,11.0,12.0,12.0,13.0,13.0,14.0,14.0,15.0,15.0,15.0,16.0,16.0,16.0,17.0,17.0,18.0,18.0,18.0,19.0,19.0,20.0,20.0,20.0,20.0,20.0,21.0,21.0,21.0,22.0,22.0,23.0,23.0,23.0,24.0,24.0,24.0,25.0,25.0,25.02,26.0,26.0,27.0,27.0,28.0,28.0,29.0,30.0,30.0,30.0,30.0,31.0,31.0,32.0,33.0,33.0,34.0,35.0,35.0,36.0,37.0,38.0,39.0,40.0,40.0,42.0,43.0,44.0,45.96,47.0,50.0,51.0,53.0,56.0,60.0,60.0,64.0,70.0,80.0,80.0,80.0,80.0
유소년,12,12,세,F,012,11098,-12.509,-10.0,-8.3,-7.0,-5.615,-4.6,-3.5,-2.8,-1.827,-1.0,0.0,0.5,1.0,1.3,1.8,2.0,2.4,2.746,3.0,3.3,3.7,4.0,4.231,4.5,5.0,5.0,5.4,5.7,6.0,6.2,6.5,6.7,7.0,7.1,7.5,7.6,8.0,8.0,8.2,8.5,8.7,9.0,9.0,9.3,9.5,9.8,10.0,10.1,10.4,10.5,11.0,11.0,11.2,11.4,11.6,12.0,12.0,12.2,12.5,12.6,13.0,13.0,13.3,13.5,13.7,14.0,14.0,14.3,14.5,14.8,15.0,15.184,15.5,15.8,16.0,16.272,16.5,16.9,17.0,17.3,17.7,18.0,18.4,18.648,19.0,19.3,19.7,20.0,20.5,21.0,21.5,22.0,22.5,23.0,23.7,24.4,25.2,26.4,28.0
유소년,12,12,세,F,020,10985,7.0,11.0,12.0,14.0,15.0,16.0,17.0,18.0,19.0,20.0,20.0,21.0,22.0,22.0,23.0,24.0,25.0,26.0,26.0,27.0,28.0,30.0,30.0,31.0,31.0,32.0,32.0,33.0,34.0,34.0,35.0,36.0,36.0,36.0,37.0,38.0,40.0,40.0,41.0,41.0,42.0,42.0,43.0,44.0,44.0,45.0,46.0,46.0,48.0,49.0,50.0,50.0,51.0,51.0,51.0,51.0,52.0,52.0,52.0,53.0,54.0,54.0,55.0,56.0,57.0,58.0,60.0,60.0,61.0,61.0,62.0,62.0,63.0,64.0,65.0,66.0,67.0,69.0,70.0,71.0,71.0,72.0,73.0,75.0,76.0,78.0,80.0,81.0,82.0,84.0,86.0,90.0,92.0,94.0,96.0,100.0,101.0,103.0,106.0
유소년,12,12,세,F,022,11050,80.0,90.0,95.0,100.0,101.0,104.0,105.0,107.0,110.0,110.0,111.0,113.0,115.0,115.0,116.0,117.0,119.0,120.0,120.0,121.0,122.0,123.0,124.0,125.0,125.0,126.0,127.0,128.0,130.0,130.0,130.0,130.0,131.0,132.0,133.0,134.0,135.0,135.0,136.0,137.0,138.0,139.0,140.0,140.0,140.0,140.0,142.0,142.0,143.0,144.0,145.0,145.0,145.0,146.0,147.0,148.0,149.0,150.0,150.0,150.0,150.0,151.0,152.0,153.0,154.0,155.0,155.0,155.0,156.0,157.0,158.0,160.0,160.0,160.0,161.0,162.0,163.0,164.0,165.0,165.0,166.0,167.0,169.0,170.0,170.0,171.0,172.0,174.0,175.0,176.0,177.0,180.0,180.0,183.0,185.0,187.0,190.0,194.0,200.0
유소년,12,12,세,F,028,11109,23.5,25.9,27.4,28.5,29.4,30.0,30.7,31.3,31.8,32.4,32.9,33.3,33.8,34.2,34.6,34.9,35.3,35.6,35.9,36.2,36.5,36.7,37.0,37.3,37.6,37.9,38.1,38.4,38.7,39.0,39.2,39.5,39.7,40.0,40.2,40.5,40.7,40.9,41.2,41.4,41.6,41.8,42.1,42.3,42.5,42.8,43.0,43.2,43.4,43.7,43.9,44.1,44.4,44.6,44.8,45.0,45.3,45.5,45.8,46.0,46.3,46.5,46.7,47.0,47.2,47.4,47.7,48.0,48.2,48.5,48.7,49.0,49.3,49.5,49.8,50.1,50.3,50.6,50.9,51.2,51.6,51.956,52.3,52.7,53.1,53.6,54.0,54.5,55.1,55.6,56.1,56.7,57.5,58.3,59.2,60.3,61.5,63.484,66.6
유소년,12,12,세,F,043,10988,9.0,13.0,15.0,17.0,18.0,19.0,20.0,21.0,21.0,22.0,22.0,23.0,23.0,23.0,24.0,24.0,24.0,25.0,25.0,25.0,25.0,26.0,26.0,26.0,26.0,26.0,27.0,27.0,27.0,27.0,27.0,28.0,28.0,28.0,28.0,28.0,29.0,29.0,29.0,29.0,29.0,29.0,30.0,30.0,30.0,30.0,30.0,30.0,30.0,31.0,31.0,31.0,31.0,31.0,31.0,31.0,32.0,32.0,32.0,32.0,32.0,32.0,33.0,33.0,33.0,33.0,33.0,33.0,34.0,34.0,34.0,34.0,34.0,35.0,35.0,35.0,35.0,35.0,35.0,36.0,36.0,36.0,36.0,37.0,37.0,37.0,37.0,38.0,38.0,38.0,39.0,39.0,39.0,40.0,40.0,41.0,42.0,43.0,45.0
성인,19,24,세,M,012,59663,-17.3,-14.4,-12.2,-10.6,-9.3,-8.1,-7.0,-6.1,-5.2,-4.4,-3.5,-2.8,-2.0,-1.3,-0.6,0.0,0.5,1.0,1.4,1.8,2.2,2.7,3.0,3.5,3.8,4.2,4.5,5.0,5.3,5.6,6.0,6.2,6.5,6.7,7.0,7.2,7.5,7.7,8.0,8.2,8.5,8.7,9.0,9.2,9.5,9.7,10.0,10.2,10.4,10.6,10.9,11.1,11.3,11.5,11.7,11.9,12.1,12.3,12.5,12.7,12.9,13.1,13.3,13.5,13.8,14.0,14.2,14.5,14.7,15.0,15.2,15.5,15.8,16.0,16.2,16.4,16.6,16.8,17.0,17.2,17.5,17.7,17.9,18.2,18.4,18.7,19.0,19.3,19.6,20.0,20.4,20.9,21.3,21.9,22.5,23.3,24.3,25.4,27.2
성인,19,24,세,M,019,59655,11.0,18.0,21.0,23.0,25.0,26.0,27.0,28.0,28.0,29.0,30.0,30.0,31.0,32.0,32.0,33.0,33.0,34.0,34.0,35.0,35.0,35.0,36.0,36.0,37.0,37.0,37.0,38.0,38.0,38.0,39.0,39.0,40.0,40.0,40.0,40.0,41.0,41.0,41.0,42.0,42.0,42.0,42.0,43.0,43.0,43.0,44.0,44.0,44.0,44.0,45.0,45.0,45.0,46.0,46.0,46.0,46.0,47.0,47.0,47.0,48.0,48.0,48.0,48.0,49.0,49.0,49.0,50.0,50.0,50.0,51.0,51.0,51.0,52.0,52.0,52.0,53.0,53.0,53.0,54.0,54.0,55.0,55.0,55.0,56.0,56.0,56.0,57.0,57.0,58.0,58.0,59.0,60.0,60.0,61.0,62.0,63.0,64.0,67.0
성인,19,24,세,M,020,33152,0.0,5.0,12.0,16.0,18.0,20.0,21.0,22.0,23.0,24.0,25.0,26.0,27.0,29.0,30.0,30.0,31.0,31.0,31.0,32.0,32.0,33.0,34.0,34.0,35.0,35.0,36.0,36.0,37.0,38.0,39.0,40.0,40.0,41.0,41.0,41.0,41.0,41.0,42.0,42.0,42.0,42.0,43.0,43.0,43.0,44.0,44.0,45.0,45.0,46.0,46.0,47.0,48.0,49.0,50.0,50.0,51.0,51.0,51.0,52.0,52.0,52.0,52.0,53.0,53.0,54.0,54.0,54.0,55.0,56.0,57.0,58.0,60.0,61.0,62.0,62.0,62.0,62.0,62.0,62.0,62.0,63.0,63.0,63.0,63.0,63.0,64.0,64.0,64.0,65.0,65.0,66.0,67.43,70.0,70.45,72.0,74.0,79.0,84.0
성인,19,24,세,M,021,24198,8.79,8.94,9.07,9.15,9.2,9.2898,9.31,9.37,9.4,9.44,9.5,9.5,9.55,9.6,9.6,9.63,9.68,9.7,9.71,9.75,9.79,9.8,9.81,9.84,9.88,9.9,9.9,9.92,9.96,10.0,10.0,10.0,10.0301,10.07,10.1,10.1,10.12,10.14,10.18,10.2,10.2,10.22,10.25,10.28,10.3,10.3,10.33,10.36,10.4,10.4,10.41,10.44,10.47,10.5,10.5,10.52,10.55,10.59,10.6,10.61,10.64,10.68,10.7,10.7,10.74,10.78,10.8,10.81,10.84,10.88,10.9,10.92,10.97,11.0,11.02,11.07,11.1,11.13,11.19,11.2,11.25,11.3,11.34,11.4,11.44,11.5,11.56,11.6,11.69,11.77,11.85,11.94,12.0521,12.19,12.35,12.55,12.8209,13.3,14.3209
성인,19,24,세,M,022,38170,147.0,158.0,165.0,170.0,173.0,176.0,179.0,181.0,183.0,185.0,187.0,189.0,190.0,192.0,193.0,194.0,196.0,197.0,198.0,199.0,200.0,201.0,202.0,203.0,204.0,205.0,206.0,207.0,208.0,209.0,210.0,210.0,211.0,212.0,213.0,213.0,214.0,215.0,215.0,216.0,217.0,217.0,218.0,219.0,219.0,220.0,221.0,221.0,222.0,222.0,223.0,224.0,225.0,225.0,226.0,226.0,227.0,228.0,228.0,229.0,230.0,230.0,230.0,231.0,231.0,232.0,233.0,233.0,234.0,235.0,235.0,236.0,237.0,237.0,238.0,239.0,240.0,240.0,241.0,242.0,242.0,243.0,244.0,245.0,246.0,247.0,249.0,250.0,251.0,252.0,254.0,255.0,257.0,259.0,261.0,264.0,267.0,272.0,278.0
성인,19,24,세,M,028,60748,36.9,40.1,41.9,43.3,44.4,45.4,46.3,47.1,47.8,48.5,49.1,49.6,50.1,50.6,51.1,51.6,52.0,52.4,52.8,53.2,53.5,53.9,54.2,54.6,54.9,55.2,55.6,55.9,56.2,56.5,56.8,57.1,57.4,57.7,57.9,58.2,58.5,58.8,59.0,59.3,59.6,59.8,60.1,60.4,60.6,60.9,61.2,61.4,61.7,61.9,62.2,62.5,62.7,63.0,63.3,63.5,63.8,64.0,64.3,64.6,64.8,65.1,65.4,65.6,65.9,66.2,66.5,66.8,67.0,67.3,67.6,67.9,68.2,68.5,68.9,69.2,69.5,69.9,70.2,70.6,71.0,71.4,71.8,72.3,72.7,73.2,73.7,74.2,74.7,75.3,75.9,76.6,77.4,78.3,79.2,80.3,81.7,83.6,86.853
성인,19,24,세,M,035,9155,33.554,35.6,36.6,37.5,38.0,38.5,38.9,39.4,39.8,40.2,40.5,40.8,41.0,41.3,41.5,41.7,42.0,42.2,42.3,42.5,42.7,42.9,43.0,43.2,43.35,43.5,43.6,43.8,43.9,44.0,44.2,44.3,44.4,44.6,44.7,44.8,44.9,45.0,45.1,45.2,45.3,45.4,45.5,45.6,45.8,45.9,46.0,46.1,46.2,46.3,46.4,46.5,46.6,46.7,46.8,46.9,47.0,47.1,47.2,47.3,47.4,47.5,47.6,47.7,47.8,47.9,48.0,48.1,48.2,48.3,48.4,48.5,48.6,48.8,48.8,48.9,49.1,49.2,49.3,49.5,49.6,49.7,49.9,50.0,50.2,50.4,50.5,50.7,50.9,51.1,51.3,51.6,51.9,52.2,52.6,53.0,53.6,54.4,56.3
성인,19,24,세,M,037,18356,34.0,36.1,37.3,38.2,38.8,39.3,39.8,40.2,40.5,40.8,41.1,41.4,41.6,41.8,42.0,42.2,42.4,42.6,42.7,42.9,43.1,43.2,43.4,43.5,43.7,43.8,43.9,44.0,44.2,44.3,44.4,44.5,44.6,44.7,44.9,44.9,45.0,45.1,45.2,45.3,45.4,45.5,45.6,45.7,45.8,45.9,46.0,46.1,46.2,46.3,46.4,46.5,46.6,46.7,46.8,46.9,47.0,47.1,47.2,47.3,47.4,47.5,47.6,47.7,47.8,47.9,48.0,48.1,48.2,48.3,48.4,48.5,48.6,48.7,48.9,49.0,49.1,49.2,49.3,49.5,49.6,49.7,49.8,50.0,50.1,50.3,50.4,50.6,50.8,51.0,51.2,51.4,51.7,51.97,52.225,52.7,53.1,53.6,54.445
성인,19,24,세,M,040,35404,0.246,0.257,0.263,0.268,0.272,0.275,0.278,0.281,0.283,0.285,0.287,0.289,0.291,0.293,0.295,0.296,0.298,0.299,0.301,0.302,0.304,0.305,0.306,0.308,0.309,0.31,0.311,0.313,0.314,0.315,0.316,0.318,0.319,0.32,0.321,0.322,0.324,0.325,0.326,0.327,0.328,0.329,0.33,0.331,0.332,0.333,0.334,0.336,0.337,0.338,0.339,0.34,0.341,0.343,0.344,0.345,0.346,0.347,0.349,0.35,0.351,0.352,0.354,0.355,0.356,0.358,0.359,0.361,0.362,0.364,0.365,0.367,0.368,0.37,0.372,0.373,0.375,0.377,0.379,0.382,0.383,0.386,0.388,0.391,0.393,0.396,0.399,0.403,0.406,0.41,0.415,0.42,0.426,0.433,0.441,0.451,0.463,0.485,0.522
성인,19,24,세,M,041,21465,0.405,0.439,0.452,0.465,0.475,0.478,0.489,0.49,0.495,0.501,0.502,0.505,0.509,0.514,0.514,0.515,0.518,0.522,0.525,0.526,0.527,0.528,0.531,0.534,0.537,0.539,0.539,0.539,0.541,0.544,0.546,0.549,0.551,0.551,0.552,0.552,0.554,0.556,0.558,0.561,0.563,0.564,0.564,0.564,0.566,0.568,0.57,0.573,0.575,0.576,0.576,0.577,0.577,0.58,0.582,0.584,0.586,0.588,0.589,0.589,0.589,0.592,0.595,0.597,0.599,0.601,0.601,0.601,0.602,0.605,0.607,0.61,0.612,0.613,0.614,0.614,0.616,0.619,0.622,0.625,0.626,0.626,0.627,0.631,0.634,0.638,0.638,0.639,0.643,0.648,0.651,0.653,0.659,0.663,0.667,0.675,0.683,0.696,0.713
성인,19,24,세,F,012,37876,-10.3,-5.9,-2.9,-0.6,1.0,2.2,3.2,4.1,5.0,5.7,6.3,7.0,7.5,8.0,8.5,9.0,9.5,10.0,10.2,10.5,10.8,11.0,11.2,11.4,11.6,11.9,12.1,12.3,12.6,12.8,13.0,13.2,13.5,13.7,13.9,14.2,14.4,14.6,14.9,15.0,15.2,15.4,15.6,15.8,16.0,16.2,16.4,16.5,16.8,17.0,17.2,17.4,17.6,17.8,18.0,18.2,18.4,18.6,18.8,19.0,19.2,19.5,19.7,19.8,20.0,20.1,20.2,20.4,20.5,20.7,20.9,21.0,21.2,21.3,21.5,21.7,21.9,22.1,22.3,22.5,22.7,23.0,23.2,23.4,23.7,24.0,24.2,24.6,24.9,25.2,25.6,26.0,26.5,27.0,27.5,28.1,28.9,29.9,31.2
성인,19,24,세,F,019,37878,0.0,2.0,4.0,5.0,7.0,8.0,9.0,10.0,11.0,12.0,13.0,14.0,15.0,15.0,16.0,16.0,17.0,17.0,18.0,18.0,19.0,19.0,20.0,20.0,20.0,21.0,21.0,22.0,22.0,23.0,23.0,23.0,23.0,23.0,24.0,24.0,24.0,25.0,25.0,25.0,25.0,26.0,26.0,26.0,27.0,27.0,27.0,28.0,28.0,28.0,28.0,29.0,29.0,30.0,30.0,30.0,30.0,30.0,31.0,31.0,31.0,32.0,32.0,32.0,33.0,33.0,33.0,34.0,34.0,34.0,35.0,35.0,36.0,36.0,36.0,36.0,37.0,37.0,37.0,38.0,38.0,39.0,39.0,39.0,40.0,40.0,41.0,41.0,42.0,43.0,43.0,44.0,45.0,46.0,47.0,49.0,50.0,52.0,55.0
성인,19,24,세,F,020,11485,1.0,7.0,9.0,10.0,11.0,11.0,12.0,12.0,13.0,13.0,14.0,14.0,14.0,15.0,15.0,15.0,15.0,16.0,16.0,16.0,16.0,17.0,17.0,17.0,18.0,18.0,18.0,19.0,19.0,19.0,19.0,19.0,20.0,20.0,20.0,20.0,20.0,20.0,20.0,21.0,21.0,21.0,21.0,21.0,22.0,22.0,22.0,22.0,23.0,23.0,23.0,24.0,24.0,24.0,25.0,25.0,25.0,25.0,25.0,26.0,26.0,26.0,26.0,27.0,27.0,28.0,29.0,30.0,30.0,30.0,30.0,30.0,30.0,30.0,30.0,30.0,31.0,31.0,31.0,31.0,31.0,31.0,31.0,32.0,32.0,32.0,32.0,32.0,32.0,33.0,34.0,34.0,35.0,36.0,37.0,40.0,41.0,44.0,51.0
성인,19,24,세,F,021,8043,10.2,10.5,10.65,10.77,10.85,10.93,11.0,11.1,11.16,11.2,11.26,11.3,11.35,11.4,11.43,11.48,11.5,11.56,11.6,11.6116,11.67,11.7,11.75,11.79,11.8,11.82,11.86,11.9,11.9,11.93,11.97,12.0,12.0,12.04,12.08,12.1,12.1,12.13,12.19,12.2,12.22,12.26,12.29,12.3,12.31,12.34,12.38,12.4,12.4271,12.46,12.49,12.5,12.52,12.56,12.59,12.6,12.62,12.66,12.7,12.7,12.75,12.78,12.8,12.82,12.87,12.9,12.91,12.9556,13.0,13.0,13.06,13.1,13.11,13.16,13.2,13.23,13.29,13.3,13.38,13.41,13.4802,13.51,13.59,13.6428,13.7,13.77,13.81,13.9,14.0,14.09,14.1822,14.3,14.43,14.59,14.78,15.0,15.4,15.9,17.1
성인,19,24,세,F,022,22259,102.0,110.0,115.0,118.0,120.0,123.0,125.0,127.0,129.0,130.0,132.0,133.0,134.0,135.0,137.0,138.0,138.0,140.0,140.0,141.0,142.0,143.0,144.0,145.0,145.0,146.0,147.0,148.0,148.0,149.0,150.0,150.0,151.0,152.0,152.0,153.0,153.0,154.0,154.0,155.0,155.0,156.0,156.0,157.0,158.0,158.0,158.0,159.0,160.0,160.0,161.0,161.0,162.0,162.0,163.0,163.0,164.0,164.0,165.0,165.0,166.0,166.0,166.0,167.0,167.0,168.0,168.0,169.0,170.0,170.0,170.0,171.0,171.0,172.0,173.0,173.0,174.0,174.0,175.0,176.0,176.0,177.0,178.0,179.0,180.0,181.0,182.0,183.0,184.0,185.0,186.0,188.0,190.0,191.0,194.0,197.0,200.0,204.0,210.0
성인,19,24,세,F,028,38571,31.1,33.6,35.1,36.3,37.0,37.8,38.4,39.0,39.4,39.9,40.3,40.7,41.0,41.4,41.7,42.1,42.4,42.7,42.9,43.2,43.5,43.7,44.0,44.2,44.4,44.7,44.9,45.1,45.4,45.6,45.8,46.0,46.2,46.4,46.6,46.8,47.0,47.2,47.4,47.6,47.8,48.0,48.2,48.4,48.6,48.7,48.9,49.1,49.3,49.5,49.7,49.9,50.1,50.3,50.5,50.6,50.89,51.0,51.2,51.4,51.6,51.8,52.0,52.2,52.4,52.6,52.8,53.1,53.3,53.5,53.7,53.9,54.2,54.4,54.7,54.9,55.2,55.4,55.7,56.0,56.3,56.6,56.9,57.2,57.5,57.9,58.3,58.7,59.1,59.6,60.1,60.7,61.3,62.0,62.8,63.7,65.1,66.7,69.2
성인,19,24,세,F,035,7070,29.669,31.7,32.7,33.3,33.7,34.1,34.4,34.7,35.0,35.2,35.4,35.528,35.7,35.8,36.0,36.1,36.2,36.3,36.4,36.6,36.6,36.8,36.9,36.9,37.0,37.1,37.2,37.3,37.3,37.4,37.5,37.6,37.6,37.7,37.8,37.9,37.9,38.0,38.1,38.1,38.2,38.3,38.3,38.4,38.5,38.5,38.6,38.7,38.7,38.8,38.8,38.9,39.0,39.0,39.1,39.1,39.2,39.2,39.3,39.3,39.4,39.5,39.6,39.6,39.7,39.8,39.8,39.9,40.0,40.1,40.2,40.2,40.3,40.4,40.5,40.6,40.6,40.7,40.8,40.9,41.0,41.1,41.2,41.3,41.4,41.5,41.6,41.7,41.9,42.0,42.2,42.4,42.6,42.9,43.1,43.4,43.9,44.862,46.8
성인,19,24,세,F,037,19956,29.3,31.1,31.9,32.5,32.9,33.2,33.5,33.7,33.9,34.1,34.3,34.5,34.6,34.8,34.9,35.0,35.1,35.2,35.3,35.4,35.5,35.6,35.7,35.8,35.9,35.93,36.0,36.1,36.2,36.2,36.3,36.4,36.5,36.5,36.6,36.7,36.7,36.8,36.9,36.9,37.0,37.0,37.1,37.2,37.2,37.3,37.4,37.4,37.5,37.6,37.6,37.7,37.8,37.8,37.9,37.9,38.0,38.1,38.1,38.2,38.2,38.3,38.4,38.4,38.5,38.6,38.7,38.7,38.8,38.9,38.9,39.0,39.1,39.2,39.2,39.3,39.4,39.5,39.6,39.7,39.8,39.9,40.0,40.1,40.2,40.3,40.5,40.6,40.7,40.9,41.1,41.3,41.5,41.7,42.0,42.3,42.6,43.2,43.945
성인,19,24,세,F,040,29799,0.261,0.273,0.28,0.286,0.291,0.294,0.298,0.301,0.304,0.306,0.309,0.311,0.313,0.315,0.317,0.319,0.321,0.322,0.324,0.326,0.327,0.329,0.33,0.332,0.333,0.335,0.336,0.337,0.339,0.34,0.342,0.343,0.344,0.346,0.347,0.348,0.349,0.351,0.352,0.353,0.354,0.356,0.357,0.358,0.36,0.361,0.362,0.363,0.365,0.366,0.367,0.369,0.37,0.371,0.373,0.374,0.375,0.377,0.378,0.379,0.381,0.382,0.384,0.385,0.387,0.388,0.39,0.391,0.393,0.395,0.396,0.398,0.4,0.402,0.404,0.406,0.408,0.411,0.413,0.416,0.418,0.421,0.423,0.426,0.43,0.433,0.437,0.441,0.444,0.449,0.454,0.46,0.466,0.474,0.483,0.493,0.508,0.528,0.569
성인,19,24,세,F,041,15564,0.315,0.3473,0.358,0.368,0.377,0.38,0.387,0.39,0.392,0.397,0.401,0.402,0.403,0.405,0.408,0.411,0.413,0.414,0.415,0.415,0.416,0.418,0.42,0.423,0.424,0.426,0.427,0.427,0.427,0.428,0.429,0.431,0.432,0.434,0.436,0.438,0.439,0.439,0.44,0.44,0.44,0.441,0.443,0.445,0.446,0.448,0.449,0.451,0.452,0.452,0.452,0.452,0.453,0.454,0.455,0.457,0.458,0.46,0.461,0.463,0.464,0.464,0.465,0.465,0.465,0.467,0.469,0.471,0.4725,0.474,0.476,0.477,0.477,0.477,0.479,0.481,0.483,0.484,0.487,0.489,0.489,0.49,0.49,0.493,0.496,0.499,0.501,0.502,0.502,0.506,0.51,0.514,0.516,0.523,0.527,0.5345,0.542,0.554,0.577
성인,25,29,세,M,012,25009,-18.3,-15.384,-13.5,-12.0,-10.5,-9.2,-8.2,-7.2,-6.328,-5.5,-4.712,-4.0,-3.2,-2.5,-1.8,-1.2,-0.6,0.0,0.5,1.0,1.5,1.9,2.3,2.7,3.0,3.5,3.8,4.2,4.5,4.9,5.1,5.4,5.7,6.0,6.2,6.4,6.6,6.9,7.1,7.4,7.6,7.8,8.0,8.2,8.5,8.7,8.9,9.1,9.4,9.6,9.8,10.1,10.3,10.5,10.7,10.9,11.1,11.3,11.5,11.7,11.9,12.0,12.2,12.5,12.62,12.9,13.1,13.3,13.5,13.8,14.0,14.3,14.5,14.8,15.0,15.1,15.3,15.5,15.7,15.9,16.1,16.4,16.5,16.8,17.0,17.3,17.6,18.0,18.3,18.6,19.0,19.5,20.0,20.4,21.0,21.7,22.6,23.7,25.3
성인,25,29,세,M,019,25036,6.35,15.0,19.0,21.0,22.0,24.0,25.0,26.0,27.0,28.0,28.0,29.0,30.0,30.0,31.0,31.0,32.0,32.0,33.0,33.0,34.0,34.0,35.0,35.0,35.0,36.0,36.0,37.0,37.0,37.0,38.0,38.0,38.0,38.0,39.0,39.0,39.0,40.0,40.0,40.0,40.0,41.0,41.0,41.0,41.0,42.0,42.0,42.0,43.0,43.0,43.0,43.0,44.0,44.0,44.0,45.0,45.0,45.0,45.0,46.0,46.0,46.0,47.0,47.0,47.0,48.0,48.0,48.0,48.0,49.0,49.0,49.0,50.0,50.0,50.0,51.0,51.0,51.0,51.65,52.0,52.0,52.0,53.0,53.0,54.0,54.0,54.0,55.0,55.0,56.0,56.0,57.0,57.0,58.0,59.0,60.0,60.0,62.0,64.0
성인,25,29,세,M,020,9351,1.0,9.0,14.0,15.0,17.0,19.0,20.0,21.0,22.0,22.0,23.0,24.0,24.0,25.0,26.0,26.0,27.0,28.0,29.0,30.0,30.0,31.0,31.0,32.0,32.0,33.0,33.0,34.0,34.0,34.0,34.0,34.0,34.0,35.0,35.0,35.0,36.0,36.0,36.0,37.0,37.0,38.0,39.0,40.0,40.0,40.0,41.0,41.0,42.0,42.0,43.0,43.0,44.0,44.0,44.0,44.0,45.0,45.0,45.0,45.0,46.0,46.0,46.0,47.0,48.0,49.0,50.0,50.0,51.0,51.0,52.0,52.0,53.0,53.0,54.0,54.0,54.0,54.0,54.0,55.0,55.0,55.0,56.0,56.0,56.0,57.0,58.0,59.0,60.0,61.0,61.0,62.0,63.0,64.0,65.0,67.0,70.0,72.0,78.0
성인,25,29,세,M,021,8077,9.04,9.2621,9.4,9.49,9.53,9.6,9.65,9.7,9.72,9.78,9.8,9.83,9.88,9.9,9.92,9.97,10.0,10.0,10.03,10.07,10.1,10.1,10.12,10.16,10.2,10.2,10.21,10.24,10.27,10.3,10.3,10.31,10.34,10.37,10.4,10.4,10.41,10.45,10.48,10.5,10.5,10.53,10.56,10.59,10.6,10.6,10.62,10.66,10.68,10.7,10.7,10.7352,10.77,10.8,10.8,10.82,10.85,10.89,10.9,10.91,10.9536,10.99,11.0,11.01,11.04,11.09,11.1,11.1,11.1422,11.18,11.2,11.2172,11.26,11.3,11.31,11.36,11.4,11.41,11.47,11.5,11.55,11.6,11.64,11.7,11.72,11.8,11.84,11.9,11.97,12.04,12.12,12.22,12.3168,12.4644,12.6,12.8496,13.1144,13.5148,14.46
성인,25,29,세,M,022,15647,137.0,153.0,159.0,163.0,167.0,170.0,173.0,175.0,178.0,180.0,181.0,182.0,184.0,185.0,187.0,188.0,190.0,191.0,192.0,193.0,194.0,195.0,197.0,197.0,198.0,199.0,200.0,201.0,202.0,202.0,203.0,204.0,205.0,206.0,206.0,207.0,208.0,209.0,210.0,210.0,210.0,211.0,212.0,212.0,213.0,213.0,214.0,214.0,215.0,215.0,216.0,217.0,217.0,218.0,218.0,219.0,220.0,220.0,220.0,221.0,222.0,222.0,223.0,223.0,224.0,225.0,225.0,226.0,226.0,227.0,228.0,228.0,229.0,230.0,230.0,231.0,231.0,232.0,233.0,234.0,235.0,235.0,236.0,237.0,238.0,239.0,240.0,241.0,242.0,243.0,245.0,246.0,247.0,250.0,251.0,254.0,256.0,260.0,267.0
성인,25,29,세,M,028,25405,36.4,40.1,42.0,43.4,44.7,45.7,46.6,47.4,48.1,48.7,49.3,49.8,50.3,50.8,51.3,51.8,52.2,52.5,52.9,53.2,53.6,53.9,54.2,54.6,54.9,55.2,55.4,55.7,56.0,56.3,56.6,56.9,57.1,57.4,57.7,57.9,58.2,58.5,58.8,59.0,59.3,59.5,59.8,60.1,60.3,60.6,60.8,61.1,61.4,61.6,61.9,62.2,62.4,62.6,62.9,63.2,63.4,63.6,63.9,64.1,64.4,64.6,64.8,65.1,65.4,65.7,66.0,66.2,66.5,66.8,67.1,67.3,67.6,67.9,68.3,68.6,68.9,69.2,69.6,70.0,70.3,70.7,71.1,71.5,71.94,72.5,73.0,73.5,74.0,74.6,75.2,75.9,76.7,77.7,78.6,79.8,81.3,83.4,86.4
성인,25,29,세,M,035,3122,30.1,32.442,33.9,34.684,35.4,35.9,36.3,36.8,37.2,37.6,37.9,38.1,38.4,38.6,38.9,39.1,39.3,39.6,39.8,39.9,40.1,40.4,40.5,40.6,40.8,40.9,41.1,41.2,41.309,41.43,41.6,41.8,41.893,42.0,42.1,42.2,42.3,42.5,42.6,42.6,42.7,42.9,43.0,43.1,43.2,43.3,43.4,43.5,43.6,43.7,43.8,43.9,44.013,44.2,44.2,44.3,44.497,44.5,44.7,44.8,44.9,45.0,45.1,45.2,45.3,45.4,45.5,45.6,45.7,45.8,45.9,46.0,46.1,46.1,46.3,46.4,46.5,46.7,46.8,46.9,47.1,47.2,47.4,47.5,47.685,47.9,48.1,48.2,48.4,48.6,48.8,49.0,49.2,49.6,49.9,50.3,50.9,51.858,53.179
성인,25,29,세,M,037,12917,32.6,34.2,35.3,36.0,36.7,37.2,37.6,37.9,38.2,38.5,38.876,39.1,39.4,39.7,39.9,40.1,40.3,40.4,40.6,40.8,40.9,41.0,41.2,41.3,41.5,41.6,41.7,41.8,41.9,42.1,42.2,42.3,42.4,42.5,42.7,42.8,42.9,43.0,43.1,43.2,43.3,43.4,43.5,43.6,43.7,43.8,43.9,44.0,44.1,44.2,44.3,44.3,44.4,44.5,44.6,44.7,44.8,44.9,45.0,45.1,45.2,45.3,45.4,45.5,45.6,45.7,45.8,45.9,45.9,46.0,46.1,46.2,46.3,46.4,46.5,46.6,46.8,46.9,47.0,47.1,47.3,47.4,47.5,47.7,47.8,48.0,48.1,48.3,48.5,48.6,48.8,49.0,49.2,49.5,49.7,50.1,50.4,51.0,51.8
성인,25,29,세,M,040,16928,0.246,0.257,0.2648,0.27,0.274,0.277,0.281,0.283,0.286,0.288,0.29,0.292,0.294,0.296,0.298,0.299,0.301,0.302,0.304,0.305,0.306,0.308,0.309,0.31,0.311,0.313,0.314,0.315,0.316,0.318,0.319,0.32,0.321,0.322,0.323,0.324,0.325,0.326,0.327,0.328,0.33,0.331,0.332,0.333,0.334,0.335,0.336,0.337,0.338,0.34,0.341,0.342,0.343,0.344,0.345,0.347,0.348,0.349,0.35,0.351,0.353,0.354,0.355,0.356,0.358,0.359,0.36,0.361,0.363,0.364,0.365,0.367,0.369,0.37,0.372,0.373,0.375,0.377,0.379,0.381,0.383,0.385,0.387,0.389,0.392,0.395,0.397,0.4,0.403,0.407,0.411,0.416,0.422,0.428,0.436,0.446,0.459,0.481,0.53
성인,25,29,세,M,041,9363,0.3756,0.415,0.4369,0.4505,0.459,0.4647,0.473,0.477,0.48,0.487,0.489,0.49,0.494,0.497,0.501,0.502,0.502,0.505,0.508,0.511,0.514,0.514,0.515,0.517,0.52,0.522,0.525,0.526,0.527,0.527,0.529,0.531,0.534,0.536,0.539,0.539,0.539,0.54,0.542,0.544,0.546,0.549,0.551,0.551,0.552,0.552,0.554,0.557,0.559,0.561,0.563,0.564,0.564,0.564,0.565,0.567,0.569,0.572,0.574,0.576,0.576,0.576,0.577,0.578,0.581,0.583,0.585,0.588,0.588,0.589,0.589,0.591,0.594,0.596,0.599,0.601,0.601,0.601,0.603,0.605,0.608,0.611,0.613,0.613,0.614,0.617,0.62,0.623,0.626,0.626,0.631,0.636,0.638,0.641,0.65,0.651,0.6621,0.673,0.688
성인,25,29,세,F,012,21036,-8.765,-4.7,-1.7,0.3,1.8,3.11,4.1,5.0,5.9,6.5,7.1,7.9,8.4,8.9,9.3,9.7,10.0,10.2,10.5,10.8,11.0,11.3,11.5,11.8,12.0,12.3,12.6,12.8,13.0,13.25,13.5,13.7,13.9,14.1,14.3,14.5,14.7,14.9,15.1,15.3,15.5,15.7,15.9,16.1,16.3,16.5,16.7,16.9,17.1,17.3,17.5,17.7,17.9,18.1,18.3,18.5,18.6,18.8,18.9,19.1,19.2,19.4,19.5,19.7,19.8,20.0,20.1,20.3,20.4,20.6,20.7,20.9,21.1,21.2,21.4,21.6,21.8,22.0,22.2,22.4,22.6,22.9,23.1,23.4,23.7,24.0,24.2,24.5,24.9,25.1,25.5,25.9,26.3,26.79,27.2,27.9,28.7,29.6,31.0
성인,25,29,세,F,019,21039,0.0,3.0,5.0,7.0,9.0,10.0,11.0,12.0,13.0,14.0,14.0,15.0,16.0,16.0,17.0,17.0,18.0,18.0,19.0,19.0,20.0,20.0,21.0,21.0,21.0,21.0,21.0,22.0,22.0,22.0,23.0,23.0,23.0,24.0,24.0,24.0,24.0,25.0,25.0,25.0,26.0,26.0,26.0,27.0,27.0,27.0,27.0,27.0,28.0,28.0,28.0,29.0,29.0,29.0,30.0,30.0,30.0,30.0,31.0,31.0,31.0,31.0,32.0,32.0,32.0,33.0,33.0,33.0,33.0,34.0,34.0,34.0,34.0,35.0,35.0,35.0,35.0,36.0,36.0,36.0,37.0,37.0,38.0,38.0,38.0,39.0,39.0,40.0,40.0,41.0,42.0,42.0,43.0,44.0,45.0,46.0,48.0,49.0,52.0
성인,25,29,세,F,020,3583,0.0,5.0,8.0,8.0,9.0,10.0,11.0,12.0,12.0,12.0,13.0,13.0,14.0,14.0,15.0,15.0,15.0,15.0,15.0,16.0,16.0,16.0,17.0,17.0,17.0,17.0,17.0,17.0,18.0,18.0,18.0,18.0,18.0,19.0,19.0,19.0,20.0,20.0,20.0,20.0,20.0,21.0,21.0,21.0,22.0,22.0,22.0,23.0,23.0,23.0,23.0,23.0,23.0,24.0,24.0,24.0,24.0,24.0,25.0,25.0,25.0,26.0,26.0,26.0,27.0,27.0,28.0,28.0,28.0,28.0,28.0,28.0,28.0,29.0,29.0,29.0,30.0,30.0,30.0,30.0,30.0,30.0,30.0,31.0,31.0,31.0,32.0,32.0,32.0,33.0,34.0,35.0,36.0,37.0,39.0,40.0,42.0,44.0,48.0
성인,25,29,세,F,021,3925,10.5324,10.8248,11.03,11.1196,11.21,11.3,11.4,11.43,11.5,11.56,11.6,11.64,11.69,11.72,11.78,11.8,11.83,11.87,11.9,11.91,11.96,11.99,12.0,12.02,12.08,12.1,12.12,12.1572,12.19,12.2,12.23,12.26,12.3,12.3,12.32,12.3564,12.38,12.4,12.41,12.44,12.47,12.5,12.5,12.52,12.55,12.57,12.6,12.6,12.61,12.64,12.67,12.7,12.7,12.74,12.76,12.79,12.8,12.84,12.87,12.9,12.9,12.93,12.96,13.0,13.0,13.04,13.09,13.1,13.13,13.16,13.19,13.2,13.24,13.29,13.31,13.36,13.4,13.41,13.47,13.5,13.54,13.6,13.65,13.7,13.78,13.8,13.86,13.9112,14.0,14.1,14.1684,14.25,14.4,14.5,14.63,14.85,15.1056,15.6,16.3976
성인,25,29,세,F,022,11711,102.0,110.0,115.0,119.0,121.0,123.6,125.0,127.0,129.0,130.0,131.0,133.0,134.0,135.0,136.0,137.0,138.0,139.0,140.0,141.0,142.0,142.0,143.0,144.0,145.0,145.0,146.0,147.0,147.0,148.0,149.0,150.0,150.0,150.0,151.0,152.0,152.0,153.0,153.0,154.0,154.0,155.0,155.0,155.0,156.0,157.0,157.0,157.0,158.0,158.0,159.0,159.0,160.0,160.0,160.4,161.0,162.0,162.0,162.0,163.0,163.0,163.0,164.0,164.0,165.0,165.0,166.0,166.0,167.0,167.0,168.0,168.0,169.0,170.0,170.0,170.0,171.0,172.0,172.0,173.0,174.0,174.0,175.0,175.0,176.0,177.0,178.0,179.0,180.0,181.0,182.0,183.0,185.0,186.0,188.0,190.0,194.0,197.0,202.0
성인,25,29,세,F,028,21576,29.9,33.1,34.9,36.1,36.9,37.8,38.5,39.2,39.7,40.1,40.6,41.0,41.4,41.7,42.0,42.4,42.7,43.0,43.2,43.5,43.8,44.0,44.3,44.6,44.8,45.0,45.3,45.5,45.7,46.0,46.2,46.4,46.7,46.9,47.0,47.2,47.4,47.6,47.9,48.1,48.2,48.4,48.6,48.8,49.0,49.2,49.4,49.6,49.7,50.0,50.2,50.4,50.6,50.75,50.925,51.2,51.3,51.5,51.7,51.9,52.1,52.3,52.5,52.7,52.9,53.1,53.4,53.6,53.8,54.0,54.3,54.5,54.8,55.0,55.3,55.5,55.8,56.0,56.3,56.6,56.9,57.2,57.5,57.8,58.2,58.5,58.9,59.3,59.8,60.3,60.8,61.4,62.1,62.7,63.525,64.4,65.8,67.3,69.825
성인,25,29,세,F,035,4400,29.6,30.8,32.0,32.7,33.1,33.5,33.793,34.1,34.2,34.5,34.7,34.9,35.1,35.2,35.3,35.5,35.6,35.8,35.9,36.0,36.1,36.2,36.3,36.4,36.5,36.6,36.6,36.7,36.8,36.9,37.0,37.1,37.1,37.2,37.3,37.3,37.4,37.5,37.5,37.6,37.7,37.7,37.8,37.9,38.0,38.0,38.1,38.152,38.2,38.3,38.4,38.4,38.5,38.6,38.7,38.7,38.8,38.9,38.9,39.0,39.1,39.1,39.2,39.3,39.4,39.4,39.5,39.6,39.6,39.7,39.8,39.8,39.9,40.0,40.1,40.124,40.2,40.3,40.4,40.5,40.6,40.7,40.8,40.9,41.0,41.1,41.3,41.4,41.5,41.6,41.8,41.9,42.2,42.5,42.8,43.2,43.7,44.5,46.0
성인,25,29,세,F,037,13571,28.0,29.84,30.9,31.5,32.0,32.4,32.7,33.0,33.2,33.4,33.6,33.8,34.0,34.1,34.3,34.4,34.5,34.6,34.7,34.9,35.0,35.1,35.2,35.2,35.3,35.4,35.5,35.6,35.7,35.7,35.8,35.9,35.9,36.0,36.1,36.2,36.2,36.3,36.4,36.4,36.5,36.6,36.6,36.7,36.8,36.8,36.9,37.0,37.0,37.1,37.2,37.2,37.3,37.4,37.4,37.5,37.6,37.6,37.7,37.8,37.8,37.9,38.0,38.1,38.1,38.2,38.3,38.4,38.4,38.5,38.6,38.7,38.8,38.8,38.9,39.0,39.1,39.2,39.3,39.4,39.5,39.6,39.7,39.8,39.9,40.0,40.1,40.2,40.4,40.5,40.7,40.8,41.0,41.2,41.5,41.8,42.1,42.6,43.4
성인,25,29,세,F,040,17077,0.264,0.275,0.283,0.289,0.294,0.298,0.301,0.304,0.307,0.31,0.312,0.314,0.316,0.318,0.32,0.322,0.323,0.324,0.326,0.328,0.329,0.331,0.332,0.334,0.335,0.336,0.338,0.339,0.34,0.342,0.343,0.344,0.345,0.347,0.348,0.349,0.35,0.352,0.353,0.354,0.355,0.357,0.358,0.359,0.36,0.361,0.363,0.364,0.365,0.366,0.367,0.369,0.37,0.371,0.372,0.373,0.375,0.376,0.377,0.379,0.38,0.381,0.383,0.384,0.385,0.387,0.388,0.39,0.391,0.393,0.394,0.396,0.398,0.399,0.401,0.403,0.405,0.407,0.409,0.411,0.413,0.416,0.418,0.421,0.424,0.427,0.43,0.434,0.438,0.442,0.447,0.452,0.458,0.465,0.472,0.483,0.498,0.518,0.557
성인,25,29,세,F,041,9286,0.32,0.349,0.364,0.371,0.377,0.381,0.386,0.39,0.39,0.395,0.398,0.402,0.402,0.403,0.405,0.408,0.41,0.412,0.414,0.415,0.415,0.415,0.417,0.419,0.421,0.422,0.424,0.426,0.427,0.427,0.427,0.428,0.429,0.43,0.432,0.434,0.435,0.436,0.438,0.439,0.439,0.44,0.44,0.441,0.442,0.443,0.445,0.446,0.447,0.449,0.45,0.451,0.452,0.452,0.452,0.452,0.453,0.455,0.456,0.457,0.459,0.46,0.461,0.463,0.464,0.464,0.465,0.465,0.466,0.468,0.469,0.471,0.472,0.474,0.476,0.477,0.477,0.477,0.479,0.48,0.482,0.484,0.486,0.488,0.489,0.49,0.492,0.494,0.497,0.5,0.502,0.504,0.508,0.514,0.516,0.523,0.5284,0.539,0.555
성인,30,34,세,M,012,22779,-17.5,-14.9,-12.7,-11.0,-10.0,-8.7,-7.6,-6.5,-5.6,-4.8,-4.0,-3.1,-2.4,-1.8,-1.0,-0.5,0.0,0.6,1.0,1.5,2.0,2.3,2.7,3.1,3.5,3.8,4.2,4.5,4.8,5.1,5.3,5.6,5.8,6.1,6.3,6.5,6.8,7.0,7.3,7.5,7.7,8.0,8.2,8.5,8.7,8.9,9.1,9.4,9.6,9.8,10.0,10.2,10.4,10.6,10.8,11.0,11.2,11.4,11.6,11.8,12.0,12.2,12.4,12.6,12.9,13.1,13.3,13.5,13.8,14.0,14.2,14.4,14.6,14.8,15.0,15.2,15.4,15.6,15.8,16.0,16.2,16.5,16.7,16.9,17.2,17.4,17.7,18.0,18.4,18.7,19.1,19.6,20.0,20.5,21.2,21.9,22.7,23.7,25.3
성인,30,34,세,M,019,22785,1.0,15.0,20.0,22.0,23.0,25.0,26.0,27.0,28.0,29.0,29.0,30.0,30.0,31.0,32.0,32.0,33.0,33.0,34.0,34.0,35.0,35.0,35.0,35.0,36.0,36.0,36.0,37.0,37.0,37.0,38.0,38.0,39.0,39.0,39.0,40.0,40.0,40.0,40.0,41.0,41.0,41.0,41.0,42.0,42.0,42.0,42.0,43.0,43.0,43.0,44.0,44.0,44.0,44.0,45.0,45.0,45.0,45.0,46.0,46.0,46.0,47.0,47.0,47.0,47.0,47.0,48.0,48.0,48.0,48.0,49.0,49.0,49.0,50.0,50.0,50.0,50.0,50.0,51.0,51.0,51.0,52.0,52.0,52.0,53.0,53.0,54.0,54.0,54.0,55.0,55.0,56.0,57.0,57.0,58.0,59.0,60.0,61.0,64.0
성인,30,34,세,M,020,6817,0.0,5.0,10.0,14.0,16.0,17.0,18.12,20.0,20.0,21.0,22.0,22.0,23.0,24.0,24.0,25.0,26.0,26.0,27.0,28.0,29.0,29.0,30.0,30.0,31.0,31.0,31.0,31.0,32.0,32.0,32.0,32.0,33.0,33.0,33.0,34.0,34.0,34.0,35.0,35.0,36.0,36.0,37.0,38.0,39.0,40.0,40.0,40.0,40.0,40.0,40.0,41.0,41.0,41.0,41.0,42.0,42.0,42.0,43.0,43.0,44.0,44.0,45.0,46.0,46.0,47.0,48.0,49.0,49.0,49.0,49.0,50.0,50.0,50.0,50.0,50.0,50.0,50.0,51.0,51.0,51.0,52.0,52.0,52.0,53.0,54.0,54.0,55.0,56.0,58.0,60.0,60.0,61.0,62.0,64.0,66.0,70.0,73.0,79.0
성인,30,34,세,M,021,6320,9.2,9.3638,9.5,9.59,9.63,9.7,9.74,9.8,9.81,9.88,9.9,9.92,9.97,10.0,10.03,10.064,10.1,10.1,10.15,10.19,10.2,10.21,10.2443,10.28,10.3,10.3,10.33,10.36,10.4,10.4,10.41,10.44,10.47,10.5,10.5,10.51,10.54,10.57,10.6,10.6,10.6,10.63,10.67,10.7,10.7,10.72,10.76,10.78,10.8,10.81,10.84,10.87,10.9,10.9,10.91,10.94,10.97,11.0,11.01,11.04,11.08,11.1,11.11,11.15,11.17,11.2,11.2,11.24,11.28,11.3,11.31,11.35,11.38,11.4,11.44,11.49,11.5,11.53,11.58,11.6,11.64,11.7,11.72,11.8,11.8415,11.9,11.97,12.02,12.1,12.19,12.26,12.35,12.47,12.6,12.75,13.0124,13.43,13.8962,15.7234
성인,30,34,세,M,022,14364,139.0,153.0,161.0,166.0,169.0,172.0,175.0,178.0,180.0,181.0,183.0,184.0,185.0,187.0,188.0,190.0,190.0,192.0,193.0,194.0,195.0,196.0,197.0,198.0,198.0,199.0,200.0,201.0,201.27,202.0,203.0,204.0,204.0,205.0,205.0,206.0,207.0,207.94,208.0,209.0,210.0,210.0,210.0,211.0,212.0,212.0,213.0,213.0,214.0,214.0,215.0,215.0,216.0,216.0,217.0,217.0,218.0,218.0,219.0,220.0,220.0,220.06,221.0,222.0,222.0,222.0,223.0,224.0,224.0,225.0,225.0,226.0,226.0,227.0,228.0,228.0,229.0,230.0,230.0,231.0,232.0,232.0,233.0,234.0,235.0,235.0,237.0,238.0,239.0,240.0,241.0,242.0,243.0,245.0,247.0,250.0,252.11,256.0,262.0
성인,30,34,세,M,028,23162,37.7,40.9,42.6,43.9,45.0,45.9,46.6,47.4,48.1,48.7,49.3,49.8,50.3,50.8,51.2,51.6,52.0,52.4,52.8,53.1,53.4,53.7,54.1,54.4,54.7,55.0,55.3,55.5,55.8,56.1,56.4,56.652,56.9,57.2,57.5,57.7,57.9,58.2,58.4,58.7,58.9,59.2,59.4,59.6,59.9,60.1,60.4,60.6,60.8,61.0,61.3,61.5,61.8,62.094,62.3,62.6,62.8,63.0,63.3,63.5,63.8,64.0,64.3,64.6,64.8,65.0,65.3,65.6,65.8,66.1,66.4,66.6,66.9,67.2,67.5,67.8,68.1,68.5,68.8,69.2,69.6,69.9,70.3,70.7,71.2,71.6,72.1,72.6,73.2,73.8,74.4,75.1,75.9,76.7,77.7,78.9,80.1,81.978,85.1
성인,30,34,세,M,035,2781,29.5,31.7,32.9,33.6,34.4,35.0,35.4,35.8,36.3,36.7,37.0,37.3,37.5,37.7,37.9,38.1,38.2,38.4,38.6,38.7,38.8,39.0,39.1,39.3,39.4,39.6,39.7,39.9,40.0,40.1,40.2,40.3,40.4,40.5,40.6,40.7,40.86,40.9,41.1,41.2,41.3,41.4,41.5,41.6,41.7,41.8,41.9,42.0,42.2,42.3,42.4,42.5,42.6,42.7,42.8,42.9,43.0,43.1,43.2,43.3,43.4,43.5,43.6,43.7,43.8,43.9,44.0,44.1,44.2,44.3,44.4,44.5,44.6,44.7,44.9,45.0,45.1,45.2,45.3,45.5,45.7,45.8,46.0,46.1,46.3,46.4,46.6,46.8,47.1,47.3,47.5,47.7,48.0,48.22,48.6,49.18,49.66,50.44,52.36
성인,30,34,세,M,037,13552,32.0,33.6,34.5,35.1,35.7,36.1,36.5,36.9,37.2,37.5,37.8,38.0,38.2,38.4,38.7,38.9,39.1,39.3,39.4,39.6,39.7,39.8,40.0,40.1,40.3,40.4,40.5,40.6,40.7,40.9,41.0,41.1,41.2,41.4,41.4,41.6,41.7,41.8,41.9,42.0,42.1,42.2,42.3,42.4,42.5,42.6,42.6,42.8,42.9,43.0,43.0,43.1,43.2,43.3,43.4,43.5,43.6,43.7,43.8,43.9,44.0,44.1,44.2,44.3,44.4,44.5,44.6,44.7,44.8,44.9,45.0,45.1,45.2,45.3,45.4,45.5,45.6,45.7,45.9,46.0,46.1,46.3,46.4,46.5,46.7,46.8,47.0,47.1,47.3,47.5,47.7,47.9,48.1,48.3,48.6,48.9,49.3,49.8,50.6
성인,30,34,세,M,040,16427,0.248,0.259,0.266,0.271,0.275,0.279,0.282,0.285,0.288,0.29,0.292,0.294,0.295,0.297,0.299,0.3,0.302,0.303,0.305,0.306,0.308,0.309,0.311,0.312,0.313,0.314,0.316,0.317,0.318,0.319,0.32,0.322,0.323,0.324,0.325,0.326,0.327,0.328,0.329,0.33,0.331,0.333,0.334,0.335,0.336,0.337,0.338,0.339,0.34,0.341,0.342,0.343,0.344,0.345,0.346,0.347,0.348,0.349,0.351,0.352,0.353,0.354,0.355,0.356,0.357,0.359,0.36,0.361,0.362,0.363,0.365,0.367,0.368,0.369,0.371,0.372,0.374,0.376,0.3775,0.379,0.381,0.383,0.385,0.387,0.389,0.392,0.395,0.397,0.4,0.403,0.407,0.412,0.416,0.422,0.429,0.437,0.452,0.473,0.517
성인,30,34,세,M,041,8392,0.39,0.425,0.44,0.452,0.461,0.466,0.4744,0.477,0.48,0.485,0.489,0.49,0.493,0.496,0.5,0.502,0.502,0.504,0.507,0.51,0.513,0.514,0.514,0.515,0.517,0.52,0.522,0.524,0.526,0.527,0.527,0.528,0.53,0.532,0.534,0.536,0.538,0.539,0.539,0.54,0.542,0.544,0.546,0.548,0.55,0.551,0.551,0.552,0.553,0.554,0.556,0.558,0.56,0.562,0.563,0.564,0.564,0.565,0.567,0.569,0.571,0.573,0.575,0.576,0.576,0.577,0.578,0.58,0.582,0.584,0.587,0.588,0.589,0.589,0.591,0.593,0.596,0.598,0.6,0.601,0.601,0.603,0.605,0.609,0.612,0.613,0.614,0.617,0.62,0.624,0.626,0.628,0.633,0.638,0.643,0.6494,0.656,0.663,0.678
성인,30,34,세,F,012,8242,-11.818,-7.6,-5.1,-3.3,-1.7,-0.354,0.7,1.5,2.1,2.9,3.5,4.1,4.8,5.4,5.9,6.5,7.1,7.6,8.0,8.4,8.761,9.2,9.5,9.8,10.1,10.4,10.7,10.9,11.2,11.5,11.7,12.0,12.2,12.4,12.7,12.9,13.2,13.4,13.7,13.9,14.1,14.3,14.5,14.7,14.9,15.1,15.3,15.5,15.7,15.9,16.1,16.332,16.5,16.8,17.0,17.2,17.4,17.6,17.9,18.1,18.3,18.5,18.7,18.9,19.1,19.3,19.4,19.6,19.8,19.9,20.0,20.2,20.4,20.6,20.8,21.0,21.2,21.4,21.6,21.8,22.0,22.3,22.5,22.8,23.1,23.4,23.6,23.9,24.2,24.5,24.8,25.1,25.5,26.1,26.6,27.2,27.9,29.0,30.1
성인,30,34,세,F,019,8235,0.0,0.0,3.0,5.0,7.0,9.0,10.0,11.0,12.0,13.0,14.0,14.0,15.0,15.0,16.0,17.0,17.0,17.0,18.0,19.0,19.0,19.0,20.0,20.0,20.0,21.0,21.0,21.0,22.0,22.0,23.0,23.0,23.0,24.0,24.0,24.0,25.0,25.0,25.0,25.0,26.0,26.0,26.0,27.0,27.0,27.0,27.0,28.0,28.0,28.0,29.0,29.0,29.0,30.0,30.0,30.0,30.0,31.0,31.0,31.0,31.0,32.0,32.0,32.0,32.0,33.0,33.0,33.0,33.0,34.0,34.0,34.0,35.0,35.0,35.0,35.0,36.0,36.0,37.0,37.0,37.0,38.0,38.0,39.0,39.0,40.0,40.0,41.0,41.0,42.0,43.0,43.0,44.0,45.0,46.0,47.0,49.0,51.0,54.0
성인,30,34,세,F,020,1531,0.0,1.6,5.0,6.0,7.0,8.0,9.0,10.0,10.0,10.0,11.0,11.0,12.0,12.0,12.0,13.0,13.0,14.0,14.0,14.0,15.0,15.0,15.0,15.0,15.0,15.0,16.0,16.0,16.0,16.0,16.0,16.0,16.0,17.0,17.0,17.0,17.0,17.0,18.0,18.0,18.0,18.0,19.0,19.0,20.0,20.0,20.0,20.0,20.0,21.0,21.0,21.0,22.0,22.0,22.0,22.0,22.0,23.0,23.0,23.0,24.0,24.0,24.0,25.0,25.0,25.0,26.0,26.0,26.0,26.0,26.0,26.0,27.0,27.0,28.0,28.0,28.0,28.0,29.0,30.0,30.0,30.0,30.0,31.0,31.0,32.0,32.0,33.0,34.0,35.0,36.0,37.6,39.0,40.0,42.0,43.0,44.1,48.0,51.0
성인,30,34,세,F,021,1600,10.4,10.7,10.9294,11.0992,11.2,11.3,11.4293,11.5,11.55,11.6,11.65,11.7,11.7587,11.8,11.81,11.87,11.9,11.93,11.97,12.0,12.02,12.06,12.1,12.1,12.1375,12.17,12.2,12.2072,12.25,12.3,12.32,12.36,12.38,12.4,12.4,12.43,12.47,12.5,12.53,12.58,12.6,12.6,12.6457,12.67,12.7,12.71,12.75,12.7752,12.8,12.8,12.84,12.88,12.9,12.91,12.95,12.99,13.0,13.01,13.0541,13.09,13.1,13.12,13.1837,13.2,13.24,13.3,13.32,13.36,13.4,13.41,13.4629,13.5,13.52,13.57,13.6,13.6524,13.7,13.77,13.8,13.87,13.9,13.9518,14.0217,14.1,14.2,14.2714,14.3013,14.4,14.5211,14.691,14.8,14.9416,15.1042,15.2624,15.534,16.0,16.4727,17.4902,19.1921
성인,30,34,세,F,022,4303,78.0,95.08,103.0,108.0,111.0,114.0,117.0,119.0,120.0,122.0,124.0,125.0,126.0,127.0,129.0,130.0,131.0,132.0,133.0,134.0,135.0,136.0,136.0,137.48,138.0,139.0,140.0,141.0,142.0,142.0,143.0,144.0,145.0,145.0,146.0,146.0,147.0,148.0,148.0,149.0,150.0,150.0,150.0,151.0,152.0,153.0,153.0,153.0,154.0,154.0,155.0,155.0,156.0,157.0,157.0,158.0,158.0,159.0,159.0,160.0,160.0,161.0,162.0,162.0,162.0,163.0,164.0,164.0,165.0,165.0,166.0,166.0,167.0,167.0,168.0,169.0,170.0,170.0,171.0,171.0,172.0,173.0,174.0,175.0,175.0,176.0,177.0,178.0,179.0,180.0,181.82,182.0,184.0,186.0,188.0,190.0,192.0,197.0,204.0
성인,30,34,세,F,028,8747,26.346,29.5,31.438,32.7,33.7,34.4,35.2,35.8,36.3,36.9,37.4,37.9,38.3,38.7,39.0,39.4,39.8,40.1,40.5,40.8,41.1,41.4,41.7,42.0,42.2,42.5,42.8,43.0,43.3,43.6,43.826,44.1,44.3,44.5,44.8,45.0,45.2,45.5,45.7,45.9,46.1,46.3,46.5,46.7,46.9,47.2,47.4,47.6,47.8,48.0,48.3,48.5,48.8,49.0,49.2,49.476,49.7,49.8,50.1,50.3,50.5,50.7,50.9,51.2,51.4,51.6,51.9,52.1,52.3,52.6,52.9,53.1,53.4,53.6,53.9,54.1,54.4,54.7,55.0,55.2,55.5,55.9,56.2,56.6,57.1,57.4,57.8,58.2,58.7,59.3,59.8,60.4,61.0,61.7,62.6,63.5,64.9,66.508,69.554
성인,30,34,세,F,035,1752,27.004,28.2,29.1,29.904,30.4,30.9,31.3,31.608,32.0,32.3,32.6,32.7,32.9,33.1,33.3,33.5,33.7,33.9,34.0,34.2,34.3,34.4,34.6,34.6,34.7,34.8,34.9,35.1,35.2,35.3,35.4,35.5,35.6,35.7,35.785,35.836,35.9,36.0,36.1,36.1,36.2,36.3,36.4,36.4,36.5,36.6,36.7,36.8,36.9,37.0,37.1,37.1,37.2,37.3,37.305,37.4,37.5,37.6,37.6,37.7,37.8,37.9,37.9,38.0,38.1,38.1,38.2,38.4,38.4,38.5,38.6,38.7,38.8,38.9,39.025,39.176,39.3,39.4,39.4,39.5,39.6,39.7,39.9,40.0,40.1,40.2,40.3,40.4,40.5,40.7,40.8,40.9,41.1,41.4,41.6,41.9,42.3,42.8,44.0
성인,30,34,세,F,037,5449,24.948,26.8,27.9,28.8,29.4,29.9,30.4,30.7,31.2,31.4,31.6,31.8,32.1,32.3,32.5,32.7,32.8,33.0,33.1,33.3,33.4,33.5,33.6,33.7,33.8,33.9,34.0,34.1,34.2,34.3,34.4,34.5,34.6,34.7,34.8,34.9,35.0,35.1,35.2,35.3,35.4,35.5,35.5,35.7,35.7,35.8,35.9,35.9,36.0,36.1,36.1,36.2,36.3,36.4,36.5,36.5,36.6,36.7,36.8,36.9,36.9,37.0,37.1,37.2,37.3,37.4,37.4,37.5,37.6,37.7,37.8,37.9,38.0,38.1,38.1,38.248,38.3,38.4,38.5,38.6,38.7,38.8,38.9,39.0,39.1,39.228,39.4,39.5,39.7,39.8,40.0,40.2,40.3,40.6,40.8,41.2,41.6,42.0,42.752
성인,30,34,세,F,040,6614,0.27,0.283,0.292,0.298,0.3027,0.306,0.309,0.312,0.315,0.318,0.321,0.323,0.326,0.328,0.33,0.332,0.334,0.3353,0.337,0.339,0.34,0.342,0.344,0.345,0.347,0.348,0.35,0.351,0.353,0.354,0.355,0.357,0.358,0.36,0.361,0.363,0.364,0.365,0.367,0.368,0.369,0.371,0.372,0.373,0.375,0.376,0.378,0.379,0.381,0.382,0.383,0.384,0.386,0.387,0.388,0.39,0.391,0.393,0.394,0.396,0.397,0.399,0.4,0.402,0.404,0.406,0.408,0.409,0.411,0.413,0.415,0.417,0.419,0.421,0.423,0.425,0.427,0.43,0.432,0.435,0.438,0.441,0.443,0.445,0.448,0.452,0.455,0.458,0.462,0.467,0.471,0.478,0.485,0.4922,0.505,0.519,0.535,0.559,0.609
성인,30,34,세,F,041,3914,0.297,0.328,0.34,0.352,0.36,0.365,0.369,0.375,0.378,0.381,0.385,0.3896,0.39,0.3908,0.394,0.397,0.4,0.402,0.402,0.403,0.403,0.406,0.407,0.41,0.412,0.414,0.415,0.415,0.415,0.417,0.418,0.42,0.421,0.423,0.425,0.427,0.427,0.427,0.428,0.428,0.43,0.431,0.433,0.435,0.437,0.438,0.439,0.439,0.44,0.44,0.44,0.442,0.443,0.445,0.446,0.447,0.449,0.4505,0.452,0.452,0.452,0.452,0.453,0.454,0.456,0.457,0.4597,0.461,0.463,0.464,0.464,0.465,0.465,0.466,0.468,0.47,0.471,0.4731,0.476,0.477,0.477,0.477,0.479,0.482,0.484,0.486,0.4883,0.489,0.49,0.493,0.497,0.501,0.502,0.504,0.51,0.514,0.518,0.5267,0.541
성인,35,39,세,M,012,14794,-17.6,-14.514,-12.5,-10.5,-9.3,-8.0,-7.0,-6.056,-5.1,-4.5,-3.677,-2.9,-2.1,-1.4,-0.9,-0.2,0.3,0.8,1.2,1.7,2.1,2.4,2.8,3.2,3.6,3.9,4.3,4.6,4.8,5.1,5.4,5.7,5.9,6.1,6.4,6.6,6.9,7.1,7.4,7.6,7.9,8.1,8.3,8.5,8.7,9.0,9.2,9.4,9.6,9.8,10.0,10.2,10.4,10.6,10.8,11.0,11.1,11.3,11.5,11.8,12.0,12.2,12.4,12.6,12.8,13.0,13.3,13.5,13.7,14.0,14.103,14.3,14.5,14.7,14.9,15.1,15.3,15.5,15.7,15.9,16.1,16.4,16.6,16.9,17.1,17.4,17.7,18.0,18.3,18.7,19.1,19.6,20.1,20.6,21.2,22.0,22.7,23.814,25.5
성인,35,39,세,M,019,14806,0.0,11.0,16.0,20.0,21.0,23.0,24.0,25.0,26.0,27.0,28.0,28.0,29.0,30.0,30.0,31.0,31.0,32.0,32.0,33.0,33.0,33.0,34.0,34.0,34.0,35.0,35.0,35.0,36.0,36.0,36.0,36.0,37.0,37.0,37.0,38.0,38.0,39.0,39.0,39.0,39.0,40.0,40.0,40.0,40.0,41.0,41.0,41.0,41.0,42.0,42.0,42.0,43.0,43.0,43.0,44.0,44.0,44.0,44.0,45.0,45.0,45.0,45.0,45.0,46.0,46.0,46.0,46.0,47.0,47.0,47.0,47.0,48.0,48.0,48.0,49.0,49.0,49.0,50.0,50.0,50.0,50.0,51.0,51.0,51.0,52.0,52.0,53.0,53.0,54.0,54.0,55.0,56.0,56.0,57.0,58.0,59.0,61.0,63.0
성인,35,39,세,M,020,4203,0.0,3.0,10.0,12.0,15.0,16.0,17.0,18.0,19.0,20.0,21.0,21.0,22.0,23.0,23.0,24.0,24.0,25.0,25.0,26.0,26.0,27.0,28.0,28.0,28.0,29.0,29.0,29.0,30.0,30.0,30.0,30.0,31.0,31.0,32.0,32.0,32.0,33.0,33.0,34.0,34.0,35.0,35.0,36.0,36.0,37.0,37.0,37.0,38.0,38.0,38.0,39.0,39.0,40.0,40.0,40.0,41.0,41.0,42.0,42.0,42.0,43.0,44.0,44.0,45.0,45.0,45.0,45.0,45.0,45.0,46.0,46.0,46.0,46.0,46.0,46.52,47.0,48.0,48.0,49.0,50.0,50.0,50.0,51.0,51.0,51.0,52.0,52.0,54.0,55.0,56.0,58.0,60.0,61.0,62.0,64.0,68.0,71.0,75.98
성인,35,39,세,M,021,3821,9.3102,9.5,9.596,9.678,9.75,9.8,9.84,9.9,9.9,9.94,10.0,10.0,10.04,10.09,10.1,10.13,10.17,10.2,10.2,10.21,10.242,10.28,10.3,10.308,10.35,10.37,10.4,10.4,10.43,10.46,10.49,10.5,10.51,10.54,10.57,10.6,10.6,10.61,10.64,10.66,10.7,10.7,10.72,10.75,10.78,10.8,10.8,10.81,10.85,10.88,10.9,10.91,10.94,10.97,11.0,11.0,11.02,11.06,11.09,11.1,11.12,11.15,11.19,11.2,11.22,11.25,11.28,11.3,11.328,11.38,11.4,11.42,11.47,11.5,11.53,11.59,11.6,11.65,11.7,11.72,11.77,11.8,11.84,11.9,11.92,12.0,12.0216,12.1,12.16,12.22,12.3,12.4,12.518,12.69,12.8,13.06,13.4,13.78,15.008
성인,35,39,세,M,022,9499,137.98,153.0,161.0,166.0,170.0,172.0,175.0,177.0,179.0,181.0,182.0,183.0,185.0,186.0,188.0,189.0,190.0,190.0,192.0,193.0,194.0,195.0,195.0,197.0,197.0,198.0,199.0,200.0,200.0,200.0,201.0,202.0,202.0,203.0,203.0,204.0,205.0,205.0,206.0,206.0,207.0,208.0,209.0,209.0,210.0,210.0,211.0,211.0,212.0,212.0,213.0,213.0,214.0,214.0,215.0,215.0,215.0,216.0,216.0,217.0,217.0,218.0,218.0,219.0,220.0,220.0,220.0,221.0,222.0,222.0,222.0,223.0,224.0,224.0,225.0,225.0,226.0,226.0,227.0,228.0,229.0,229.0,230.0,230.0,231.0,232.0,233.0,234.0,235.0,236.0,237.0,238.0,240.0,241.0,243.0,245.0,248.0,251.0,257.0
성인,35,39,세,M,028,15119,36.618,40.4,42.354,43.9,45.0,45.9,46.8,47.5,48.162,48.8,49.4,49.9,50.4,50.7,51.2,51.6,52.0,52.3,52.7,53.1,53.4,53.8,54.0,54.3,54.6,54.9,55.1,55.4,55.7,56.0,56.2,56.5,56.7,57.0,57.2,57.5,57.7,58.0,58.3,58.5,58.7,59.0,59.3,59.5,59.8,60.1,60.3,60.5,60.7,61.0,61.2,61.4,61.7,61.9,62.1,62.4,62.6,62.9,63.1,63.4,63.6,63.9,64.1,64.4,64.6,64.9,65.2,65.4,65.7,66.0,66.3,66.5,66.9,67.2,67.5,67.8,68.1,68.4,68.8,69.1,69.6,70.0,70.4,70.8,71.2,71.6,72.1,72.684,73.2,73.8,74.5,75.2,75.9,76.892,77.8,78.9,80.1,82.0,84.882
성인,35,39,세,M,035,1701,28.4,30.1,31.2,31.9,32.5,33.2,33.4,34.1,34.4,34.7,35.2,35.6,35.9,36.1,36.4,36.6,36.9,37.1,37.2,37.4,37.6,37.7,37.8,38.0,38.2,38.4,38.5,38.6,38.8,38.9,39.0,39.2,39.4,39.5,39.5,39.6,39.7,39.9,40.0,40.1,40.2,40.3,40.4,40.5,40.6,40.7,40.8,40.9,41.1,41.2,41.2,41.3,41.4,41.5,41.6,41.7,41.8,41.9,42.0,42.1,42.2,42.3,42.4,42.5,42.6,42.7,42.9,43.0,43.1,43.3,43.4,43.5,43.7,43.8,44.0,44.1,44.2,44.3,44.5,44.7,44.8,45.0,45.1,45.3,45.4,45.6,45.8,46.0,46.1,46.3,46.6,46.8,47.2,47.5,48.1,48.8,49.6,50.5,51.4
성인,35,39,세,M,037,9205,30.204,32.2,33.3,33.9,34.4,34.9,35.3,35.7,36.0,36.2,36.5,36.7,36.9,37.1,37.3,37.5,37.7,37.8,38.0,38.2,38.3,38.4,38.6,38.7,38.9,39.0,39.1,39.3,39.3,39.5,39.6,39.7,39.832,39.9,40.1,40.2,40.3,40.4,40.5,40.6,40.7,40.8,40.9,41.0,41.1,41.2,41.3,41.4,41.5,41.6,41.7,41.8,41.9,42.0,42.1,42.2,42.3,42.4,42.5,42.6,42.7,42.8,42.9,43.0,43.1,43.2,43.3,43.4,43.5,43.6,43.7,43.8,43.9,44.0,44.1,44.3,44.4,44.5,44.6,44.7,44.9,45.0,45.2,45.3,45.5,45.6,45.8,45.9,46.1,46.3,46.5,46.7,46.9,47.2,47.5,47.9,48.2,48.7,49.5
성인,35,39,세,M,040,10952,0.249,0.26,0.267,0.272,0.276,0.279,0.282,0.285,0.287,0.29,0.292,0.294,0.296,0.297,0.299,0.3,0.302,0.303,0.305,0.306,0.308,0.309,0.31,0.312,0.313,0.314,0.316,0.317,0.318,0.32,0.321,0.322,0.323,0.324,0.325,0.327,0.328,0.329,0.33,0.331,0.332,0.333,0.334,0.335,0.336,0.337,0.339,0.34,0.341,0.342,0.343,0.344,0.345,0.346,0.347,0.348,0.35,0.351,0.352,0.353,0.355,0.356,0.357,0.358,0.36,0.361,0.362,0.363,0.365,0.366,0.367,0.369,0.37,0.371,0.373,0.3748,0.376,0.377,0.379,0.381,0.383,0.385,0.387,0.389,0.3914,0.394,0.396,0.399,0.402,0.406,0.41,0.415,0.42,0.426,0.4324,0.441,0.453,0.472,0.5095
성인,35,39,세,M,041,5272,0.3601,0.4124,0.4271,0.44,0.452,0.457,0.464,0.468,0.473,0.477,0.48,0.486,0.489,0.49,0.493,0.4974,0.5,0.502,0.502,0.505,0.508,0.511,0.514,0.514,0.514,0.516,0.518,0.521,0.524,0.526,0.526,0.527,0.527,0.53,0.531,0.533,0.535,0.537,0.539,0.539,0.539,0.539,0.541,0.543,0.545,0.546,0.548,0.55,0.551,0.551,0.552,0.552,0.554,0.556,0.558,0.56,0.562,0.563,0.564,0.564,0.565,0.567,0.568,0.571,0.572,0.574,0.576,0.576,0.577,0.5777,0.579,0.581,0.584,0.586,0.588,0.589,0.589,0.591,0.594,0.597,0.599,0.601,0.601,0.603,0.605,0.608,0.613,0.614,0.615,0.619,0.624,0.626,0.628,0.634,0.638,0.644,0.65,0.659,0.6723
성인,35,39,세,F,012,5524,-12.731,-8.2,-5.9,-4.2,-3.0,-1.6,0.0,0.7,1.5,2.23,3.053,3.6,4.0,4.522,5.1,5.7,6.391,6.8,7.2,7.5,8.0,8.2,8.6,9.0,9.4,9.798,10.1,10.4,10.6,11.0,11.3,11.5,11.7,12.0,12.2,12.5,12.8,13.0,13.2,13.5,13.7,14.0,14.2,14.4,14.6,14.8,15.0,15.2,15.4,15.6,15.8,16.0,16.2,16.4,16.6,16.8,17.0,17.3,17.5,17.7,17.9,18.1,18.3,18.5,18.7,18.9,19.1,19.264,19.4,19.6,19.7,19.9,20.1,20.2,20.4,20.6,20.8,21.0,21.1,21.3,21.6,21.7,22.0,22.3,22.5,22.8,23.0,23.3,23.6,23.8,24.1,24.5,25.0,25.4,26.0,26.6,27.4,28.3,29.5
성인,35,39,세,F,019,5519,0.0,0.0,1.0,3.0,5.0,6.0,8.0,9.0,10.0,11.0,12.0,12.0,13.0,14.0,14.0,15.0,15.0,16.0,16.0,17.0,17.0,18.0,18.0,18.0,19.0,19.0,20.0,20.0,20.0,20.0,21.0,21.0,21.0,22.0,22.0,22.0,23.0,23.0,23.0,23.0,24.0,24.0,24.0,25.0,25.0,25.0,26.0,26.0,26.0,27.0,27.0,27.0,27.0,28.0,28.0,28.0,29.0,29.0,29.0,30.0,30.0,30.0,30.0,31.0,31.0,31.0,32.0,32.0,32.0,32.0,33.0,33.0,33.0,34.0,34.0,34.0,35.0,35.0,35.0,35.0,36.0,36.0,37.0,37.0,37.0,38.0,39.0,39.0,40.0,41.0,41.0,42.0,43.0,44.0,45.0,46.0,48.0,50.0,53.0
성인,35,39,세,F,020,1075,0.0,0.0,2.0,5.0,6.7,7.0,7.0,8.0,8.0,9.0,9.0,9.0,10.0,10.0,10.0,11.0,11.0,11.0,12.0,12.0,12.0,12.0,13.0,13.0,13.0,14.0,14.0,14.0,15.0,15.0,15.0,15.0,15.0,15.0,15.0,15.0,16.0,16.0,16.0,16.0,16.0,16.0,17.0,17.0,17.0,17.0,17.0,18.0,18.0,18.0,18.0,19.0,19.0,20.0,20.0,20.0,20.0,20.0,20.66,21.0,21.0,22.0,22.0,22.0,23.0,23.0,23.58,24.0,24.0,25.0,25.0,25.0,25.0,25.0,26.0,26.0,26.0,26.0,27.0,28.0,28.0,28.68,30.0,30.0,30.0,31.0,31.0,32.0,32.0,32.6,33.34,35.0,36.0,37.0,40.0,41.0,42.0,44.52,50.0
성인,35,39,세,F,021,1075,10.7074,10.9844,11.0766,11.1996,11.3,11.5,11.6,11.6484,11.7,11.764,11.8,11.8388,11.8924,11.91,12.0,12.02,12.0758,12.1,12.12,12.16,12.2,12.2,12.25,12.29,12.3,12.35,12.3998,12.4,12.41,12.44,12.4994,12.5,12.53,12.56,12.6,12.6,12.6538,12.69,12.7,12.74,12.79,12.8,12.8,12.8256,12.863,12.9,12.9,12.9304,12.9626,13.0,13.0,13.03,13.07,13.1,13.1035,13.14,13.16,13.1992,13.2066,13.22,13.2614,13.2988,13.3,13.3136,13.38,13.4,13.46,13.5,13.53,13.56,13.58,13.6,13.64,13.68,13.725,13.78,13.8,13.8772,13.9,13.942,13.9794,14.0268,14.12,14.2,14.278,14.36,14.4438,14.5021,14.5986,14.75,14.84,15.0,15.0982,15.2,15.303,15.61,16.0702,16.9464,18.8
성인,35,39,세,F,022,2829,80.0,96.0,101.0,105.0,110.0,113.0,115.0,117.24,120.0,121.0,122.0,123.0,125.0,125.92,126.0,127.0,128.0,130.0,130.0,131.0,132.0,133.0,134.0,135.0,135.0,136.0,137.0,138.0,138.0,139.0,140.0,141.0,141.0,142.0,142.0,143.0,144.0,144.0,145.0,145.0,146.0,146.0,147.0,147.0,148.0,149.0,150.0,150.0,150.0,151.0,152.0,152.0,153.0,153.0,154.0,154.0,155.0,155.0,156.0,156.0,157.0,158.0,158.0,158.0,159.0,159.48,160.0,161.0,161.0,162.0,162.0,163.0,164.0,164.0,165.0,165.28,166.0,167.0,168.0,168.0,169.0,170.0,170.0,171.0,172.0,173.0,174.0,175.0,175.0,177.0,178.0,180.0,181.0,182.0,184.0,186.88,190.0,193.0,200.0
성인,35,39,세,F,028,5961,25.4,28.92,30.6,31.6,32.8,33.6,34.2,34.9,35.5,36.0,36.5,36.9,37.4,37.8,38.2,38.5,38.9,39.2,39.5,39.9,40.2,40.5,40.8,41.1,41.4,41.7,42.0,42.3,42.54,42.8,43.0,43.3,43.5,43.8,44.0,44.2,44.4,44.6,44.8,45.0,45.2,45.5,45.7,45.9,46.1,46.3,46.5,46.7,47.0,47.2,47.5,47.7,47.9,48.1,48.3,48.5,48.8,48.9,49.1,49.4,49.7,50.0,50.2,50.5,50.7,51.0,51.22,51.6,51.8,52.1,52.3,52.6,52.8,53.1,53.4,53.7,53.9,54.2,54.5,54.7,55.1,55.4,55.8,56.1,56.5,56.8,57.3,57.68,58.1,58.6,59.0,59.5,60.3,61.1,62.0,63.0,64.2,66.2,68.84
성인,35,39,세,F,035,1170,25.814,27.438,28.5,29.1,29.6,29.9,30.2,30.5,30.9,31.2,31.4,31.6,31.8,32.1,32.4,32.504,32.7,32.8,33.0,33.08,33.2,33.318,33.5,33.6,33.7,33.8,34.0,34.1,34.1,34.27,34.3,34.4,34.5,34.6,34.7,34.8,34.9,35.0,35.1,35.2,35.3,35.4,35.5,35.6,35.6,35.7,35.8,35.8,35.9,36.0,36.1,36.1,36.2,36.4,36.495,36.5,36.6,36.7,36.8,36.9,36.9,37.0,37.1,37.2,37.285,37.4,37.4,37.6,37.6,37.7,37.8,37.9,38.0,38.1,38.2,38.3,38.4,38.5,38.6,38.7,38.8,39.0,39.2,39.4,39.5,39.6,39.7,39.9,40.0,40.3,40.4,40.6,40.717,41.1,41.455,41.9,42.2,42.7,44.131
성인,35,39,세,F,037,3705,23.4,25.4,26.8,27.7,28.3,28.8,29.3,29.7,29.936,30.2,30.4,30.7,30.9,31.156,31.3,31.5,31.7,31.8,32.0,32.18,32.3,32.4,32.6,32.7,32.8,32.9,33.0,33.1,33.2,33.3,33.4,33.5,33.6,33.7,33.8,33.9,34.0,34.1,34.2,34.2,34.3,34.4,34.5,34.6,34.7,34.8,34.9,35.0,35.1,35.2,35.2,35.3,35.4,35.5,35.6,35.7,35.8,35.9,35.9,36.0,36.1,36.2,36.3,36.4,36.46,36.5,36.6,36.7,36.8,36.9,37.0,37.1,37.1,37.2,37.3,37.4,37.5,37.6,37.7,37.8,37.9,38.0,38.1,38.2,38.3,38.4,38.5,38.7,38.9,39.0,39.2,39.4,39.5,39.7,39.9,40.2,40.6,40.892,41.596
성인,35,39,세,F,040,4419,0.2702,0.283,0.2925,0.299,0.303,0.308,0.312,0.314,0.317,0.32,0.323,0.325,0.328,0.33,0.332,0.333,0.335,0.337,0.339,0.34,0.342,0.344,0.345,0.347,0.349,0.35,0.352,0.353,0.354,0.356,0.357,0.359,0.36,0.361,0.363,0.364,0.365,0.366,0.368,0.369,0.3704,0.372,0.374,0.375,0.376,0.378,0.379,0.38,0.382,0.383,0.385,0.386,0.388,0.389,0.391,0.393,0.394,0.396,0.397,0.398,0.399,0.4,0.402,0.403,0.405,0.407,0.409,0.41,0.411,0.413,0.415,0.417,0.419,0.421,0.424,0.426,0.428,0.43,0.433,0.4354,0.439,0.441,0.444,0.447,0.45,0.453,0.457,0.4628,0.467,0.472,0.477,0.482,0.49,0.5019,0.5121,0.5263,0.545,0.5686,0.6466
성인,35,39,세,F,041,2662,0.287,0.3204,0.334,0.344,0.351,0.3537,0.3593,0.365,0.366,0.371,0.375,0.377,0.378,0.378,0.383,0.387,0.39,0.39,0.39,0.394,0.396,0.3984,0.4,0.402,0.402,0.403,0.403,0.405,0.407,0.4083,0.4109,0.412,0.413,0.414,0.415,0.415,0.415,0.417,0.419,0.421,0.422,0.423,0.425,0.426,0.427,0.427,0.427,0.428,0.428,0.43,0.432,0.433,0.434,0.436,0.4376,0.439,0.439,0.44,0.44,0.44,0.441,0.443,0.444,0.446,0.447,0.449,0.451,0.452,0.452,0.452,0.453,0.4549,0.457,0.458,0.461,0.462,0.464,0.465,0.465,0.465,0.4694,0.472,0.475,0.476,0.477,0.477,0.478,0.48,0.484,0.487,0.489,0.491,0.496,0.501,0.502,0.5066,0.514,0.5238,0.5398
성인,40,44,세,M,012,12218,-17.883,-14.2,-12.1,-10.6,-9.5,-8.098,-7.0,-6.0,-5.047,-4.3,-3.513,-2.8,-2.1,-1.3,-0.5,0.0,0.589,1.0,1.5,2.0,2.4,2.8,3.1,3.5,3.9,4.2,4.6,4.9,5.1,5.4,5.6,5.9,6.2,6.4,6.6,6.9,7.1,7.3,7.6,7.8,8.0,8.3,8.5,8.7,8.9,9.1,9.4,9.6,9.8,10.0,10.2,10.4,10.6,10.8,11.0,11.2,11.4,11.6,11.9,12.1,12.3,12.6,12.7,13.0,13.2,13.4,13.6,13.8,14.0,14.3,14.5,14.7,14.9,15.0,15.2,15.4,15.6,15.8,16.0,16.2,16.5,16.7,16.9,17.1,17.4,17.7,18.0,18.2,18.5,18.9,19.3,19.7,20.2,20.7,21.2,22.0,22.749,23.866,25.5
성인,40,44,세,M,019,12222,0.0,4.0,11.0,16.0,18.05,20.0,22.0,22.0,24.0,24.0,25.0,26.0,26.0,27.0,28.0,28.0,29.0,29.0,30.0,30.0,31.0,31.0,31.0,32.0,32.0,32.0,32.0,33.0,33.0,33.0,34.0,34.0,34.0,35.0,35.0,35.0,35.0,36.0,36.0,36.0,37.0,37.0,37.0,37.24,38.0,38.0,38.0,38.0,39.0,39.0,39.0,40.0,40.0,40.0,40.0,41.0,41.0,41.0,42.0,42.0,42.0,43.0,43.0,43.0,44.0,44.0,44.0,44.0,44.0,45.0,45.0,45.0,45.0,45.0,46.0,46.0,46.0,46.0,47.0,47.0,48.0,48.0,48.0,49.0,49.0,50.0,50.0,50.0,51.0,51.0,52.0,53.0,53.0,54.0,55.0,56.0,57.0,59.0,61.0
성인,40,44,세,M,020,3246,0.0,1.0,5.0,10.0,12.0,14.0,15.0,16.0,17.0,18.0,19.0,20.0,20.0,21.0,22.0,22.0,23.0,23.0,24.0,24.0,24.0,25.0,26.0,26.0,26.0,27.0,27.0,27.0,28.0,28.0,28.0,28.0,29.0,30.0,30.0,30.0,30.0,31.0,31.0,32.0,32.0,32.0,32.0,33.0,33.0,34.0,34.0,34.0,35.0,35.0,35.0,36.0,36.0,36.0,36.0,37.0,37.0,38.0,38.55,39.0,40.0,40.0,41.0,41.0,42.0,42.0,42.0,42.0,42.0,43.0,43.0,43.0,44.0,44.0,44.0,44.0,45.0,45.0,46.0,46.0,46.0,47.0,48.0,50.0,50.0,50.0,51.0,52.0,52.0,53.0,54.0,55.0,56.0,59.0,60.0,61.2,63.0,66.0,74.0
성인,40,44,세,M,021,3003,9.5,9.7,9.8,9.85,9.9,9.97,10.02,10.0716,10.1,10.132,10.2,10.21,10.25,10.3,10.3,10.32,10.37,10.4,10.41,10.47,10.5,10.5,10.53,10.57,10.6,10.6,10.62,10.65,10.69,10.7,10.72,10.75,10.78,10.8,10.8,10.8172,10.85,10.88,10.9,10.9,10.94,10.96,10.98,11.0,11.0,11.02,11.0497,11.07,11.1,11.1,11.11,11.15,11.18,11.2,11.21,11.24,11.2714,11.3,11.3,11.32,11.36,11.39,11.4,11.42,11.46,11.5,11.5,11.51,11.55,11.59,11.6,11.61,11.6646,11.7,11.71,11.7552,11.79,11.8056,11.85,11.9,11.91,11.97,12.0,12.0668,12.1,12.19,12.24,12.3,12.3778,12.43,12.53,12.6,12.75,12.89,13.019,13.2592,13.53,13.9688,15.0
성인,40,44,세,M,022,7902,123.01,149.0,157.0,163.0,167.0,170.0,173.0,175.0,178.0,180.0,181.0,182.0,183.0,185.0,186.0,187.0,188.0,189.0,190.0,191.0,192.0,193.0,194.0,194.0,195.0,196.0,197.0,197.0,198.0,199.0,200.0,200.0,200.0,201.0,202.0,202.0,203.0,204.0,204.0,205.0,205.0,206.0,206.0,207.0,207.0,208.0,209.0,209.0,210.0,210.0,210.0,210.0,211.0,211.0,212.0,212.0,213.0,213.0,214.0,214.0,214.0,215.0,215.0,216.0,216.0,217.0,217.0,218.0,218.0,219.0,220.0,220.0,220.0,221.0,222.0,222.0,222.0,223.0,224.0,224.0,225.0,225.0,226.0,227.0,227.0,228.0,229.0,230.0,230.0,232.0,233.0,234.0,235.0,237.0,239.0,240.0,243.0,245.98,250.0
성인,40,44,세,M,028,12624,37.546,40.9,42.969,44.4,45.5,46.5,47.3,48.0,48.6,49.2,49.8,50.3,50.7,51.2,51.6,52.0,52.4,52.8,53.1,53.4,53.8,54.1,54.4,54.7,55.0,55.3,55.6,55.9,56.1,56.4,56.7,57.0,57.3,57.6,57.8,58.1,58.3,58.6,58.8,59.1,59.2,59.5,59.7,60.0,60.2,60.4,60.7,60.9,61.1,61.4,61.6,61.896,62.1,62.4,62.6,62.8,63.1,63.3,63.5,63.8,64.1,64.2,64.5,64.7,65.0,65.3,65.5,65.8,66.0,66.3,66.6,66.9,67.2,67.5,67.8,68.1,68.4,68.7,69.0,69.3,69.7,70.0,70.4,70.8,71.2,71.6,72.001,72.6,73.1,73.7,74.2,74.9,75.6,76.4,77.3,78.2,79.4,81.1,84.0
성인,40,44,세,M,035,1428,28.2,29.954,31.781,32.708,33.335,33.862,34.3,34.6,34.943,35.2,35.4,35.6,35.8,35.978,36.1,36.2,36.4,36.5,36.7,36.84,36.9,37.1,37.221,37.4,37.6,37.702,37.9,38.0,38.1,38.2,38.3,38.4,38.5,38.7,38.8,38.9,38.9,39.0,39.1,39.2,39.4,39.5,39.6,39.7,39.8,39.9,40.0,40.1,40.2,40.3,40.4,40.6,40.6,40.7,40.8,40.9,41.0,41.1,41.1,41.2,41.3,41.5,41.5,41.7,41.8,42.0,42.1,42.1,42.263,42.4,42.5,42.6,42.7,42.8,42.925,43.1,43.3,43.4,43.5,43.6,43.7,43.8,43.941,44.2,44.4,44.6,44.8,45.0,45.3,45.6,45.8,46.1,46.6,46.8,47.2,47.492,48.019,48.8,49.719
성인,40,44,세,M,037,7937,30.636,32.3,33.0,33.5,33.98,34.4,34.8,35.1,35.3,35.6,35.9,36.1,36.3,36.5,36.6,36.8,37.0,37.1,37.3,37.4,37.5,37.7,37.8,38.0,38.1,38.2,38.3,38.4,38.6,38.6,38.8,38.852,38.988,39.1,39.2,39.3,39.4,39.5,39.6,39.7,39.8,39.9,40.0,40.1,40.2,40.3,40.3,40.4,40.5,40.6,40.7,40.8,40.9,41.0,41.1,41.2,41.3,41.4,41.4,41.5,41.6,41.7,41.8,41.9,42.0,42.1,42.2,42.3,42.4,42.5,42.6,42.7,42.8,42.9,43.0,43.136,43.3,43.4,43.5,43.7,43.8,43.9,44.1,44.2,44.3,44.5,44.6,44.8,45.0,45.1,45.3,45.6,45.8,46.1,46.3,46.6,47.1,47.6,48.3
성인,40,44,세,M,040,9214,0.249,0.26,0.267,0.272,0.276,0.28,0.284,0.286,0.289,0.291,0.293,0.296,0.298,0.299,0.301,0.303,0.305,0.306,0.307,0.309,0.31,0.311,0.312,0.314,0.315,0.316,0.318,0.319,0.32,0.321,0.322,0.323,0.324,0.326,0.327,0.328,0.329,0.33,0.331,0.332,0.333,0.335,0.3356,0.337,0.338,0.339,0.34,0.341,0.342,0.343,0.344,0.345,0.346,0.348,0.349,0.35,0.351,0.352,0.353,0.355,0.356,0.357,0.358,0.359,0.361,0.362,0.363,0.364,0.366,0.367,0.368,0.37,0.371,0.372,0.374,0.375,0.377,0.378,0.38,0.382,0.384,0.386,0.388,0.39,0.393,0.395,0.397,0.4,0.403,0.406,0.41,0.414,0.42,0.426,0.433,0.441,0.453,0.473,0.5109
성인,40,44,세,M,041,4309,0.3501,0.4,0.415,0.428,0.441,0.452,0.453,0.459,0.464,0.467,0.474,0.477,0.477,0.481,0.484,0.489,0.489,0.491,0.493,0.497,0.501,0.502,0.502,0.503,0.506,0.509,0.512,0.514,0.514,0.514,0.515,0.517,0.519,0.521,0.524,0.526,0.526,0.527,0.527,0.527,0.529,0.531,0.533,0.535,0.536,0.538,0.539,0.539,0.54,0.542,0.543,0.546,0.548,0.55,0.551,0.551,0.551,0.552,0.552,0.554,0.556,0.558,0.56,0.562,0.563,0.564,0.564,0.564,0.567,0.5686,0.57,0.572,0.574,0.576,0.576,0.577,0.579,0.581,0.583,0.586,0.588,0.589,0.589,0.592,0.595,0.598,0.601,0.601,0.6041,0.61,0.613,0.614,0.618,0.623,0.626,0.633,0.639,0.647,0.6609
성인,40,44,세,F,012,6497,-12.3,-8.608,-5.9,-4.5,-2.92,-1.5,-0.3,0.8,1.5,2.3,3.0,3.7,4.3,4.7,5.3,5.7,6.2,6.6,7.0,7.3,7.7,8.1,8.5,8.9,9.2,9.5,9.8,10.0,10.3,10.5,10.8,11.0,11.3,11.5,11.7,12.0,12.2,12.4,12.7,12.94,13.2,13.4,13.6,13.8,14.0,14.3,14.5,14.8,15.0,15.2,15.4,15.6,15.8,16.0,16.2,16.4,16.6,16.8,17.0,17.2,17.5,17.7,17.9,18.1,18.3,18.5,18.7,18.9,19.1,19.2,19.4,19.6,19.8,20.0,20.1,20.3,20.5,20.7,20.9,21.0,21.3,21.5,21.7,22.0,22.2,22.5,22.8,23.1,23.5,23.84,24.1,24.6,25.0,25.424,25.9,26.4,27.0,27.9,29.0
성인,40,44,세,F,019,6491,0.0,0.0,1.0,3.0,4.0,6.0,7.0,8.0,9.0,10.0,10.0,11.0,12.0,13.0,13.0,14.0,14.0,15.0,15.0,15.0,16.0,16.0,17.0,17.0,18.0,18.0,18.0,19.0,19.0,19.0,20.0,20.0,20.0,20.0,21.0,21.0,21.0,22.0,22.0,22.0,22.0,23.0,23.0,23.0,24.0,24.0,24.0,24.0,25.0,25.0,25.0,25.0,26.0,26.0,26.0,26.0,27.0,27.0,27.0,28.0,28.0,28.0,29.0,29.0,29.0,30.0,30.0,30.0,30.0,30.0,31.0,31.0,31.0,32.0,32.0,32.0,33.0,33.0,33.0,34.0,34.0,34.0,35.0,35.0,36.0,36.0,36.0,37.0,37.0,38.0,39.0,39.0,40.0,41.0,42.0,43.0,44.0,46.0,49.0
성인,40,44,세,F,020,1311,0.0,0.0,1.0,4.0,6.0,7.0,7.0,7.8,8.0,8.0,8.0,9.0,9.0,9.4,10.0,10.0,10.0,11.0,11.0,11.0,11.0,12.0,12.0,12.0,13.0,13.0,13.0,13.0,13.0,14.0,14.0,14.0,15.0,15.0,15.0,15.0,15.0,15.0,15.0,15.0,15.0,16.0,16.0,16.0,16.0,16.0,16.0,16.0,17.0,17.0,17.0,17.0,17.0,18.0,18.0,18.0,18.0,18.0,18.0,19.0,19.0,19.2,20.0,20.0,20.0,20.0,20.0,21.0,21.0,22.0,22.0,22.0,23.0,23.0,24.0,24.0,24.0,24.0,24.0,25.0,25.0,26.0,26.0,26.0,27.0,28.0,28.0,29.0,30.0,30.0,31.0,32.0,33.0,35.0,36.0,38.6,41.0,45.0,50.0
성인,40,44,세,F,021,1251,11.245,11.4,11.565,11.66,11.715,11.8,11.81,11.88,11.9,12.0,12.0,12.09,12.1,12.12,12.2,12.26,12.3,12.323,12.38,12.4,12.455,12.5,12.5,12.51,12.58,12.6,12.65,12.69,12.71,12.75,12.79,12.8,12.84,12.87,12.9,12.9,12.94,12.96,12.995,13.0,13.03,13.08,13.1,13.13,13.17,13.2,13.21,13.26,13.3,13.3,13.33,13.38,13.4,13.43,13.5,13.5,13.54,13.6,13.6,13.66,13.695,13.7,13.72,13.77,13.8,13.85,13.9,13.92,13.945,13.99,14.0,14.01,14.1,14.13,14.2,14.21,14.3,14.34,14.385,14.4,14.46,14.5,14.6,14.7,14.72,14.79,14.85,14.93,15.07,15.24,15.36,15.5,15.805,16.05,16.185,16.5,16.925,17.5,18.88
성인,40,44,세,F,022,3493,78.92,94.84,100.0,105.0,108.0,110.0,112.0,114.0,115.0,117.0,119.0,120.0,121.0,122.0,123.0,124.0,125.0,126.0,127.0,128.0,129.0,130.0,130.0,131.0,132.0,133.0,133.0,134.0,135.0,135.0,136.0,137.0,137.0,138.0,139.0,139.0,140.0,140.0,141.0,142.0,142.72,143.0,144.0,144.0,145.0,146.0,146.0,147.0,147.0,148.0,149.0,149.0,150.0,150.0,151.0,151.0,152.0,152.0,152.0,153.0,154.0,154.0,154.0,155.0,155.0,156.0,156.64,157.0,158.0,158.0,159.0,159.24,160.0,161.0,161.0,162.0,162.0,163.0,164.0,164.0,165.0,166.0,166.0,167.0,168.0,169.0,170.0,170.0,171.0,173.0,174.0,175.0,177.0,178.0,180.0,182.0,184.0,187.0,193.0
성인,40,44,세,F,028,7118,26.5,29.1,30.6,32.0,33.0,33.9,34.6,35.1,35.8,36.2,36.8,37.2,37.521,37.9,38.4,38.7,39.0,39.4,39.8,40.1,40.4,40.6,40.9,41.2,41.4,41.8,42.0,42.3,42.6,42.9,43.2,43.4,43.6,43.9,44.1,44.3,44.5,44.7,44.9,45.2,45.4,45.6,45.8,46.0,46.2,46.4,46.6,46.8,47.1,47.3,47.5,47.7,48.0,48.2,48.4,48.6,48.8,49.1,49.3,49.5,49.8,50.0,50.2,50.4,50.6,50.8,51.1,51.3,51.6,51.9,52.1,52.424,52.7,53.1,53.3,53.7,53.9,54.2,54.5,54.8,55.1,55.5,55.8,56.1,56.5,57.0,57.3,57.7,58.2,58.6,59.1,59.8,60.6,61.2,62.0,62.9,64.1,65.7,68.566
성인,40,44,세,F,035,1312,25.411,26.4,27.1,28.044,28.6,29.1,29.5,29.888,30.3,30.7,31.0,31.1,31.4,31.6,31.765,31.9,32.1,32.2,32.4,32.5,32.7,32.9,33.0,33.1,33.1,33.2,33.3,33.408,33.5,33.6,33.7,33.9,33.9,34.0,34.2,34.2,34.3,34.4,34.5,34.6,34.651,34.7,34.8,34.8,34.9,35.0,35.1,35.2,35.3,35.4,35.4,35.5,35.6,35.6,35.7,35.8,35.9,35.938,36.1,36.2,36.2,36.3,36.4,36.5,36.6,36.7,36.8,36.9,37.0,37.1,37.181,37.2,37.3,37.5,37.6,37.7,37.8,37.9,38.1,38.2,38.4,38.5,38.7,38.824,39.0,39.1,39.2,39.3,39.579,39.7,39.9,40.1,40.4,40.7,41.0,41.6,42.0,42.878,44.389
성인,40,44,세,F,037,4480,23.9,25.058,26.1,26.8,27.4,27.9,28.3,28.7,28.9,29.2,29.5,29.7,29.9,30.1,30.3,30.5,30.6,30.8,30.9,31.1,31.3,31.4,31.6,31.7,31.8,32.0,32.1,32.2,32.3,32.4,32.5,32.6,32.7,32.8,32.9,33.0,33.1,33.2,33.3,33.4,33.4,33.5,33.6,33.7,33.8,33.9,34.0,34.0,34.1,34.2,34.3,34.4,34.4,34.5,34.6,34.7,34.8,34.8,34.9,35.0,35.1,35.1,35.2,35.3,35.4,35.5,35.6,35.7,35.8,35.9,36.0,36.1,36.1,36.2,36.3,36.4,36.5,36.6,36.741,36.9,37.0,37.1,37.2,37.3,37.4,37.5,37.7,37.8,37.931,38.1,38.3,38.4,38.6,38.8,39.0,39.3,39.6,40.1,40.8
성인,40,44,세,F,040,5220,0.27,0.283,0.292,0.3,0.303,0.308,0.313,0.315,0.318,0.321,0.324,0.327,0.329,0.3317,0.334,0.335,0.338,0.34,0.342,0.343,0.345,0.347,0.348,0.349,0.351,0.352,0.354,0.355,0.357,0.358,0.36,0.361,0.363,0.364,0.365,0.367,0.368,0.37,0.371,0.373,0.375,0.376,0.377,0.379,0.38,0.382,0.383,0.384,0.386,0.387,0.388,0.389,0.391,0.392,0.393,0.395,0.397,0.398,0.4,0.401,0.4026,0.404,0.406,0.407,0.409,0.411,0.412,0.414,0.416,0.418,0.42,0.422,0.424,0.426,0.428,0.431,0.4326,0.434,0.437,0.439,0.442,0.445,0.449,0.452,0.454,0.458,0.461,0.466,0.47,0.474,0.479,0.484,0.49,0.5,0.5101,0.523,0.539,0.5632,0.6178
성인,40,44,세,F,041,2967,0.289,0.3123,0.328,0.339,0.341,0.349,0.353,0.353,0.357,0.362,0.365,0.365,0.367,0.37,0.374,0.377,0.377,0.378,0.38,0.382,0.385,0.3875,0.39,0.39,0.39,0.392,0.394,0.395,0.398,0.4,0.401,0.402,0.402,0.403,0.403,0.404,0.406,0.407,0.409,0.411,0.412,0.414,0.4144,0.415,0.415,0.415,0.417,0.419,0.42,0.422,0.423,0.425,0.426,0.427,0.427,0.427,0.428,0.428,0.43,0.431,0.433,0.435,0.437,0.438,0.439,0.44,0.44,0.44,0.44,0.442,0.444,0.445,0.447,0.449,0.451,0.452,0.452,0.452,0.4531,0.456,0.458,0.46,0.463,0.464,0.465,0.465,0.467,0.47,0.473,0.477,0.477,0.48,0.484,0.488,0.489,0.493,0.501,0.504,0.5203
성인,45,49,세,M,012,10618,-18.0,-14.4,-12.4,-10.6,-9.0,-8.0,-6.9,-6.0,-5.0,-4.4,-3.5,-2.7,-2.0,-1.4,-0.6,0.0,0.5,1.0,1.5,1.9,2.3,2.6,3.0,3.3,3.7,4.0,4.4,4.7,5.0,5.2,5.5,5.8,6.0,6.4,6.6,6.9,7.1,7.3,7.5,7.7,7.9,8.2,8.4,8.7,8.9,9.1,9.3,9.5,9.7,9.9,10.0,10.2,10.4,10.6,10.8,11.0,11.2,11.4,11.6,11.8,12.0,12.2,12.4,12.6,12.8,13.0,13.2,13.5,13.6,13.8,14.0,14.2,14.4,14.6,14.8,15.0,15.1,15.3,15.5,15.7,15.9,16.1,16.4,16.6,16.9,17.2,17.5,17.8,18.1,18.5,18.9,19.3,19.7,20.3,20.9,21.5,22.3,23.6,25.1
성인,45,49,세,M,019,10611,0.0,4.0,10.0,15.0,17.0,19.0,20.0,21.0,22.0,23.0,23.0,24.0,25.0,25.0,26.0,26.0,27.0,27.0,28.0,28.0,29.0,29.0,30.0,30.0,30.0,30.0,30.0,31.0,31.0,31.0,32.0,32.0,32.0,32.0,33.0,33.0,33.0,34.0,34.0,34.0,34.0,35.0,35.0,35.0,36.0,36.0,36.0,36.0,37.0,37.0,37.0,38.0,38.0,38.0,38.0,39.0,39.0,39.0,40.0,40.0,40.0,40.0,41.0,41.0,41.0,41.0,41.0,42.0,42.0,42.0,42.0,43.0,43.0,43.0,43.0,44.0,44.0,44.0,45.0,45.0,45.0,46.0,46.0,46.0,47.0,47.0,48.0,48.0,49.0,49.0,50.0,50.0,51.0,52.0,53.0,54.0,55.0,57.0,59.0
성인,45,49,세,M,020,2945,0.0,0.0,5.0,8.0,11.0,12.0,14.0,15.0,15.0,16.0,16.0,17.0,18.0,19.0,20.0,20.0,21.0,22.0,22.0,22.0,23.0,23.0,24.0,24.0,24.0,24.0,24.0,24.0,25.0,25.0,25.0,25.0,26.0,26.0,26.0,26.0,27.0,27.0,28.0,28.0,29.0,30.0,30.0,30.0,31.0,31.0,32.0,32.0,32.0,32.0,32.0,32.0,32.0,33.0,33.0,33.0,34.0,34.0,34.0,34.0,35.0,35.0,36.0,36.0,37.0,38.0,39.0,40.0,40.0,40.0,40.0,40.0,40.12,41.0,41.0,41.0,42.0,42.0,42.0,42.0,43.0,43.0,44.0,44.96,45.0,46.0,47.0,48.0,50.0,50.0,51.0,52.0,52.0,55.0,56.0,60.0,62.0,66.0,73.0
성인,45,49,세,M,021,2478,9.7154,9.89,10.0,10.07,10.11,10.19,10.21,10.29,10.3,10.35,10.4,10.4224,10.47,10.5,10.5,10.56,10.6,10.6,10.62,10.66,10.69,10.7,10.75,10.7843,10.8,10.82,10.87,10.9,10.9,10.91,10.96,11.0,11.0,11.02,11.06,11.09,11.1,11.1026,11.15,11.1798,11.2,11.2034,11.24,11.2588,11.29,11.3,11.31,11.34,11.37,11.4,11.4,11.41,11.46,11.4758,11.5,11.5,11.53,11.56,11.59,11.6,11.6,11.63,11.6651,11.7,11.7,11.72,11.76,11.8,11.81,11.85,11.88,11.9,11.93,11.97,12.0,12.01,12.0529,12.1,12.1583,12.2,12.22,12.28,12.3,12.38,12.44,12.5,12.57,12.6,12.7,12.78,12.8407,12.9484,13.0661,13.2,13.443,13.6892,13.9138,14.34,15.4938
성인,45,49,세,M,022,6946,120.45,145.0,153.0,159.0,163.0,166.0,169.0,170.0,172.0,174.0,176.0,177.0,178.0,180.0,181.0,182.0,182.0,184.0,185.0,185.0,186.0,187.0,188.0,188.0,189.0,190.0,190.0,190.0,191.0,192.0,193.0,193.0,194.0,195.0,195.0,196.0,197.0,197.0,198.0,198.0,199.0,199.0,200.0,200.0,200.0,201.0,202.0,202.0,202.0,203.0,203.0,204.0,204.0,205.0,205.0,205.2,206.0,206.0,207.0,208.0,208.0,209.0,209.0,210.0,210.0,210.0,211.0,211.0,212.0,212.0,213.0,213.0,214.0,214.0,215.0,215.0,215.0,216.0,217.0,217.0,218.0,219.0,219.0,220.0,221.0,222.0,223.0,223.0,224.0,225.0,226.0,227.0,229.0,230.0,232.0,234.0,236.0,239.0,245.0
성인,45,49,세,M,028,11016,37.915,40.93,42.8,44.1,45.2,46.1,46.8,47.6,48.2,48.8,49.3,49.8,50.2,50.7,51.1,51.5,51.9,52.3,52.6,53.0,53.3,53.6,53.9,54.2,54.4,54.79,55.0,55.3,55.6,55.9,56.1,56.3,56.6,56.8,57.0,57.3,57.5,57.7,58.0,58.2,58.5,58.63,58.9,59.16,59.4,59.7,59.9,60.2,60.4,60.7,60.9,61.1,61.4,61.6,61.9,62.1,62.3,62.6,62.8,63.0,63.2,63.5,63.7,63.9,64.2,64.4,64.7,64.9,65.2,65.5,65.7,66.0,66.3,66.6,66.9,67.2,67.5,67.8,68.1,68.4,68.7,69.0,69.4,69.7,70.2,70.6,71.1,71.6,72.1,72.7,73.3,73.98,74.6,75.3,76.3,77.4,78.7,80.47,83.1
성인,45,49,세,M,035,1243,29.8,31.384,31.726,32.4,32.7,33.152,33.8,34.036,34.3,34.6,34.8,34.9,35.1,35.3,35.4,35.6,35.8,35.9,36.0,36.1,36.2,36.424,36.6,36.8,36.9,37.0,37.1,37.176,37.3,37.4,37.5,37.6,37.6,37.8,37.9,38.0,38.1,38.296,38.4,38.5,38.6,38.7,38.8,38.9,38.9,39.0,39.174,39.3,39.4,39.5,39.6,39.7,39.8,39.9,40.01,40.2,40.2,40.3,40.4,40.5,40.662,40.8,40.9,40.9,41.0,41.2,41.3,41.5,41.6,41.7,41.8,42.0,42.1,42.208,42.4,42.5,42.6,42.7,42.8,43.0,43.1,43.3,43.4,43.5,43.77,44.0,44.1,44.3,44.4,44.6,44.7,45.1,45.406,46.0,46.3,46.632,47.274,47.6,49.616
성인,45,49,세,M,037,6818,30.317,31.6,32.3,32.8,33.2,33.6,33.9,34.2,34.5,34.7,35.0,35.2,35.5,35.6,35.8,36.0,36.1,36.3,36.4,36.5,36.7,36.8,37.0,37.1,37.2,37.3,37.4,37.5,37.6,37.8,37.9,38.0,38.1,38.2,38.3,38.4,38.5,38.6,38.7,38.8,38.9,39.0,39.1,39.2,39.3,39.3,39.4,39.5,39.6,39.7,39.8,39.9,40.0,40.1,40.2,40.3,40.4,40.4,40.5,40.6,40.7,40.8,40.9,41.0,41.1,41.2,41.3,41.4,41.5,41.6,41.7,41.7,41.8,42.0,42.1,42.2,42.3,42.4,42.5,42.66,42.8,42.9,43.1,43.2,43.4,43.6,43.8,43.9,44.1,44.3,44.5,44.7,44.9,45.2,45.5,45.9,46.3,46.8,47.6
성인,45,49,세,M,040,8135,0.253,0.265,0.272,0.278,0.282,0.285,0.288,0.291,0.294,0.296,0.298,0.3,0.302,0.304,0.305,0.307,0.308,0.31,0.311,0.3128,0.314,0.315,0.316,0.317,0.319,0.32,0.321,0.322,0.323,0.324,0.3255,0.327,0.328,0.329,0.33,0.331,0.332,0.334,0.334,0.336,0.336,0.338,0.339,0.34,0.341,0.342,0.343,0.345,0.346,0.347,0.348,0.349,0.35,0.351,0.352,0.354,0.355,0.356,0.357,0.358,0.359,0.36,0.362,0.363,0.364,0.365,0.367,0.368,0.369,0.371,0.372,0.374,0.375,0.377,0.378,0.38,0.382,0.383,0.385,0.387,0.389,0.391,0.394,0.396,0.399,0.401,0.404,0.407,0.411,0.415,0.419,0.424,0.4306,0.437,0.444,0.453,0.47,0.497,0.534
성인,45,49,세,M,041,3659,0.3187,0.3783,0.4,0.413,0.427,0.4355,0.44,0.4466,0.452,0.454,0.46,0.464,0.465,0.469,0.473,0.477,0.477,0.478,0.482,0.485,0.488,0.489,0.49,0.491,0.4935,0.496,0.499,0.501,0.501,0.502,0.502,0.503,0.504,0.507,0.509,0.51,0.5125,0.514,0.514,0.514,0.515,0.516,0.518,0.519,0.521,0.5237,0.526,0.526,0.527,0.527,0.528,0.529,0.531,0.532,0.534,0.536,0.537,0.539,0.539,0.539,0.539,0.541,0.543,0.545,0.547,0.549,0.551,0.551,0.552,0.553,0.555,0.557,0.559,0.561,0.563,0.564,0.564,0.566,0.568,0.57,0.572,0.574,0.576,0.576,0.577,0.579,0.582,0.585,0.588,0.589,0.593,0.597,0.601,0.603,0.609,0.614,0.621,0.63,0.643
성인,45,49,세,F,012,7153,-11.0,-7.5,-5.5,-3.7,-2.3,-1.0,0.2,1.016,1.8,2.4,3.0,3.7,4.3,4.8,5.3,5.7,6.2,6.6,6.9,7.2,7.6,8.0,8.4,8.7,9.1,9.352,9.7,10.0,10.3,10.5,10.9,11.0,11.3,11.5,11.7,12.0,12.2,12.5,12.7,12.9,13.1,13.4,13.6,13.8,14.0,14.2,14.4,14.6,14.8,15.0,15.1,15.3,15.5,15.608,15.86,16.0,16.2,16.4,16.6,16.8,17.0,17.2,17.4,17.6,17.8,18.0,18.1,18.3,18.5,18.8,19.0,19.1,19.3,19.5,19.7,19.9,20.0,20.2,20.4,20.6,20.9,21.0,21.3,21.5,21.7,22.0,22.124,22.4,22.8,23.0,23.4,23.784,24.2,24.7,25.3,26.0,26.6,27.6,29.5
성인,45,49,세,F,019,7145,0.0,0.0,0.0,1.0,2.0,3.0,4.0,5.0,6.0,7.0,8.0,8.0,9.0,10.0,10.0,11.0,11.0,12.0,12.0,13.0,14.0,14.0,15.0,15.0,15.0,16.0,16.0,17.0,17.0,17.0,18.0,18.0,18.0,19.0,19.0,20.0,20.0,20.0,20.0,21.0,21.0,21.0,22.0,22.0,22.0,22.0,23.0,23.0,23.0,23.0,24.0,24.0,24.0,25.0,25.0,25.0,25.0,26.0,26.0,26.0,27.0,27.0,27.0,28.0,28.0,28.0,28.0,29.0,29.0,29.0,30.0,30.0,30.0,30.0,30.0,31.0,31.0,31.0,32.0,32.0,32.0,33.0,33.0,34.0,34.0,34.0,35.0,35.0,36.0,37.0,37.0,38.0,39.0,40.0,41.0,42.0,43.0,45.0,47.0
성인,45,49,세,F,020,1356,0.0,0.0,1.0,2.0,5.0,6.0,7.0,7.0,7.0,7.0,8.0,8.0,8.0,8.0,9.0,9.0,9.0,10.0,10.0,10.0,10.0,10.0,10.0,11.0,11.0,11.0,12.0,12.0,12.0,12.0,12.0,12.0,12.0,13.0,13.0,13.0,13.0,14.0,14.0,14.0,14.0,14.0,14.0,14.0,14.0,14.0,15.0,15.0,15.0,15.0,15.0,15.0,15.0,15.0,16.0,16.0,16.0,16.0,16.0,16.0,17.0,17.0,17.0,17.0,18.0,18.0,18.0,18.0,18.0,18.0,19.0,19.0,20.0,20.0,20.0,20.0,21.0,21.0,22.0,22.0,22.0,23.0,23.0,23.0,24.0,24.0,24.0,25.0,26.0,26.0,27.0,28.0,29.0,30.0,32.0,32.8,34.0,36.0,40.0
성인,45,49,세,F,021,1353,11.2252,11.4508,11.5543,11.65,11.706,11.8,11.8728,12.0,12.0468,12.1,12.2,12.25,12.3,12.35,12.398,12.4,12.5,12.55,12.5788,12.6,12.6292,12.69,12.7,12.71,12.77,12.8,12.8304,12.88,12.9,12.94,13.0,13.0,13.0716,13.1,13.12,13.1472,13.18,13.2,13.2,13.24,13.2932,13.3084,13.37,13.4,13.43,13.4892,13.5,13.5492,13.6,13.6,13.6504,13.7,13.7112,13.7508,13.8,13.8,13.87,13.9,13.9168,13.962,14.0,14.0,14.0376,14.0928,14.1,14.15,14.1984,14.22,14.2888,14.31,14.3592,14.4,14.4396,14.5,14.52,14.58,14.6,14.67,14.7,14.75,14.8112,14.9,15.0,15.06,15.142,15.2472,15.3024,15.4,15.54,15.65,15.8032,15.9984,16.0936,16.27,16.454,16.8552,17.2,17.8788,19.412
성인,45,49,세,F,022,3738,78.85,95.0,101.0,104.0,107.0,109.0,111.0,113.0,115.0,116.0,118.0,119.0,120.0,121.0,122.0,123.0,124.0,125.0,126.0,126.0,127.0,128.0,129.0,129.0,130.0,130.0,131.0,132.0,133.0,133.0,134.0,135.0,135.0,136.0,136.0,137.0,137.0,138.0,138.0,139.0,139.0,140.0,140.0,141.0,141.0,142.0,142.0,143.0,143.0,144.0,145.0,145.0,146.0,146.0,147.0,148.0,149.0,149.0,150.0,150.0,151.0,151.0,152.0,152.0,153.0,153.0,154.0,154.0,154.0,155.0,155.0,156.0,157.0,157.0,158.0,158.0,159.0,160.0,160.0,161.0,162.0,162.0,163.0,164.0,164.45,165.0,166.0,167.0,168.0,169.0,170.0,171.0,173.0,174.0,176.0,178.0,180.0,183.0,187.0
성인,45,49,세,F,028,7820,26.019,29.3,31.2,32.3,33.2,33.9,34.6,35.3,35.9,36.4,36.8,37.2,37.7,38.066,38.4,38.9,39.2,39.5,39.8,40.1,40.4,40.6,40.9,41.2,41.4,41.7,41.9,42.2,42.4,42.6,42.8,43.0,43.2,43.4,43.6,43.9,44.1,44.4,44.6,44.8,45.0,45.2,45.4,45.6,45.8,46.0,46.3,46.4,46.6,46.8,47.0,47.3,47.5,47.7,47.9,48.1,48.3,48.5,48.7,48.9,49.1,49.3,49.5,49.7,50.0,50.2,50.5,50.792,51.0,51.2,51.5,51.7,51.9,52.2,52.5,52.8,53.1,53.4,53.7,54.0,54.3,54.6,54.9,55.3,55.6,56.0,56.5,56.9,57.3,57.9,58.4,59.0,59.6,60.4,61.4,62.4,63.343,65.2,68.181
성인,45,49,세,F,035,1456,25.4,27.21,27.8,28.3,28.675,29.0,29.3,29.5,29.895,30.1,30.3,30.4,30.6,30.7,30.9,31.1,31.3,31.4,31.6,31.7,31.8,31.9,32.0,32.1,32.2,32.3,32.4,32.5,32.6,32.7,32.8,32.9,32.9,33.0,33.2,33.2,33.3,33.4,33.5,33.6,33.7,33.71,33.8,33.9,34.0,34.1,34.1,34.2,34.3,34.4,34.5,34.6,34.6,34.7,34.8,34.9,35.0,35.1,35.1,35.2,35.3,35.4,35.5,35.6,35.7,35.8,35.9,36.0,36.0,36.1,36.2,36.3,36.4,36.47,36.6,36.6,36.735,36.9,37.0,37.0,37.2,37.4,37.5,37.5,37.7,37.8,37.9,38.1,38.3,38.4,38.605,38.9,39.0,39.3,39.6,39.9,40.1,40.59,41.5
성인,45,49,세,F,037,4992,23.982,25.4,26.0,26.564,27.055,27.5,27.9,28.128,28.4,28.7,28.9,29.1,29.3,29.5,29.6,29.9,30.0,30.2,30.3,30.5,30.6,30.7,30.9,31.0,31.1,31.2,31.3,31.4,31.5,31.6,31.7,31.8,31.9,32.0,32.1,32.2,32.3,32.4,32.5,32.6,32.6,32.7,32.8,32.9,33.0,33.1,33.2,33.2,33.3,33.4,33.5,33.5,33.6,33.7,33.8,33.896,33.9,34.0,34.1,34.1,34.2,34.3,34.4,34.5,34.6,34.7,34.8,34.8,34.9,35.0,35.1,35.2,35.3,35.4,35.5,35.5,35.7,35.7,35.9,36.0,36.1,36.2,36.3,36.5,36.6,36.7,36.9,37.0,37.2,37.3,37.5,37.6,37.8,38.0,38.2,38.5,38.8,39.3,40.009
성인,45,49,세,F,040,5747,0.2725,0.286,0.295,0.301,0.3053,0.308,0.312,0.315,0.318,0.321,0.324,0.326,0.329,0.331,0.333,0.335,0.338,0.34,0.342,0.344,0.346,0.347,0.349,0.351,0.353,0.355,0.357,0.358,0.36,0.361,0.363,0.364,0.366,0.367,0.369,0.37,0.372,0.373,0.374,0.376,0.377,0.378,0.38,0.381,0.382,0.384,0.385,0.386,0.388,0.389,0.391,0.392,0.393,0.395,0.396,0.3978,0.399,0.4,0.402,0.403,0.405,0.407,0.409,0.41,0.412,0.414,0.415,0.417,0.419,0.421,0.423,0.426,0.427,0.43,0.4315,0.434,0.436,0.438,0.441,0.443,0.446,0.448,0.451,0.454,0.457,0.46,0.464,0.468,0.473,0.478,0.482,0.489,0.494,0.5002,0.511,0.527,0.542,0.5682,0.6105
성인,45,49,세,F,041,3359,0.278,0.3002,0.315,0.3253,0.3309,0.34,0.344,0.348,0.352,0.353,0.356,0.36,0.3635,0.365,0.365,0.368,0.37,0.373,0.375,0.377,0.377,0.378,0.38,0.381,0.384,0.386,0.388,0.39,0.39,0.39,0.39,0.392,0.393,0.395,0.396,0.398,0.4,0.401,0.402,0.402,0.403,0.403,0.404,0.405,0.407,0.408,0.41,0.411,0.412,0.413,0.414,0.415,0.415,0.415,0.416,0.417,0.419,0.421,0.422,0.423,0.425,0.427,0.427,0.427,0.427,0.428,0.429,0.43,0.432,0.434,0.436,0.437,0.439,0.439,0.44,0.44,0.441,0.443,0.445,0.4474,0.45,0.452,0.452,0.452,0.455,0.457,0.46,0.463,0.465,0.466,0.469,0.474,0.477,0.478,0.482,0.489,0.4953,0.502,0.514
성인,50,54,세,M,012,9739,-16.5,-13.4,-11.5,-9.9,-8.7,-7.472,-6.434,-5.4,-4.858,-4.0,-3.1,-2.4,-1.7,-1.0,-0.5,0.0,0.5,1.0,1.4,1.8,2.2,2.7,3.0,3.3,3.6,3.988,4.3,4.6,4.9,5.1,5.3,5.5,5.7,6.0,6.2,6.5,6.7,6.9,7.1,7.3,7.558,7.8,8.0,8.2,8.4,8.6,8.9,9.1,9.3,9.5,9.7,9.9,10.0,10.2,10.4,10.6,10.8,11.0,11.1,11.3,11.6,11.7,12.0,12.1,12.3,12.5,12.7,13.0,13.2,13.4,13.7,13.9,14.1,14.2,14.4,14.6,14.8,15.0,15.3,15.5,15.7,15.9,16.2,16.4,16.6,16.9,17.2,17.5,17.9,18.2,18.6,19.0,19.5,20.0,20.5,21.0,21.8,22.8,24.6
성인,50,54,세,M,019,9733,0.0,2.0,9.0,12.0,14.0,16.0,17.0,18.0,19.0,20.0,20.0,21.0,22.0,22.0,23.0,24.0,24.0,25.0,25.0,25.0,26.0,26.0,26.0,26.0,27.0,27.0,27.0,28.0,28.0,28.0,29.0,29.0,29.0,30.0,30.0,30.0,30.0,30.0,31.0,31.0,31.0,32.0,32.0,32.0,32.0,32.0,33.0,33.0,33.0,33.0,34.0,34.0,34.0,34.0,35.0,35.0,35.0,35.0,36.0,36.0,36.0,37.0,37.0,37.0,38.0,38.0,38.0,38.0,38.0,39.0,39.0,39.0,39.0,40.0,40.0,40.0,40.0,40.0,40.0,41.0,41.0,41.0,42.0,42.0,43.0,43.0,44.0,44.0,45.0,45.0,46.0,46.0,47.0,48.0,49.0,50.0,52.0,53.0,56.0
성인,50,54,세,M,020,2531,0.0,0.0,1.0,5.0,8.0,9.0,10.0,12.0,12.0,13.0,14.0,15.0,15.0,16.0,16.0,16.0,17.0,17.0,18.0,18.0,19.0,20.0,20.0,20.0,21.0,21.0,21.0,21.0,21.0,22.0,22.0,22.0,22.0,22.0,22.0,22.0,23.0,23.0,23.0,23.0,24.0,24.0,24.0,24.0,25.0,25.0,26.0,26.0,26.0,26.0,27.0,28.0,28.0,28.0,28.0,28.0,29.0,29.0,29.0,30.0,30.0,30.0,30.0,31.0,31.0,31.0,32.0,32.0,32.0,32.0,33.0,34.0,34.0,35.0,35.0,35.0,36.0,36.0,36.0,36.0,36.0,37.0,37.0,38.0,38.0,39.0,40.0,40.0,41.0,41.0,42.0,42.0,44.0,46.0,47.0,50.0,51.1,54.0,60.0
성인,50,54,세,M,021,2166,10.073,10.246,10.33,10.4,10.49,10.56,10.6,10.62,10.69,10.705,10.75,10.8,10.8245,10.861,10.9,10.9,10.95,10.99,11.0,11.03,11.07,11.1,11.1,11.13,11.1725,11.2,11.24,11.28,11.3,11.3,11.32,11.34,11.38,11.4,11.4,11.41,11.44,11.47,11.5,11.5,11.53,11.57,11.6,11.6,11.62,11.65,11.68,11.7,11.7,11.74,11.7615,11.8,11.8,11.83,11.85,11.88,11.9,11.91,11.94,11.98,12.0,12.013,12.05,12.08,12.1,12.119,12.1555,12.19,12.2,12.23,12.28,12.3,12.32,12.38,12.4,12.434,12.49,12.51,12.57,12.6,12.63,12.68,12.7095,12.79,12.8,12.88,12.931,13.0,13.08,13.19,13.2915,13.38,13.5,13.641,13.8,13.9624,14.3005,14.756,15.9765
성인,50,54,세,M,022,6589,115.0,135.0,145.0,151.0,155.0,158.0,160.0,162.0,164.0,165.0,167.0,169.0,170.0,170.0,172.0,173.0,174.0,174.0,175.0,176.0,177.0,178.0,179.0,180.0,180.0,181.0,181.0,182.0,182.0,183.0,184.0,185.0,185.0,185.0,186.0,187.0,187.0,188.0,188.0,189.0,190.0,190.0,190.0,191.0,191.0,192.0,192.0,193.0,193.0,194.0,194.0,195.0,195.0,196.0,196.0,197.0,197.0,197.0,198.0,198.0,199.0,199.0,200.0,200.0,200.0,201.0,202.0,202.0,202.0,203.0,203.0,204.0,204.0,205.0,205.0,206.0,206.0,207.0,208.0,208.0,209.0,210.0,210.0,211.0,212.0,212.0,213.0,214.0,214.0,215.0,216.0,218.0,218.0,220.0,221.0,223.0,225.0,228.0,232.0
성인,50,54,세,M,028,10155,37.9,40.8,42.6,44.0,44.9,45.8,46.6,47.2,48.0,48.5,49.1,49.6,50.1,50.5,50.9,51.2,51.7,52.0,52.4,52.7,53.0,53.288,53.6,53.9,54.2,54.4,54.7,55.0,55.2,55.5,55.774,56.0,56.2,56.4,56.7,56.9,57.1,57.4,57.6,57.9,58.1,58.3,58.5,58.7,59.0,59.2,59.4,59.6,59.8,60.0,60.2,60.5,60.7,60.9,61.1,61.3,61.5,61.8,62.0,62.3,62.5,62.7,62.9,63.2,63.4,63.6,63.9,64.2,64.5,64.7,65.0,65.2,65.4,65.7,66.0,66.3,66.6,66.9,67.3,67.6,67.9,68.2,68.5,68.9,69.3,69.644,70.0,70.5,70.9,71.4,72.0,72.6,73.3,74.2,75.13,76.284,77.538,79.2,81.4
성인,50,54,세,M,035,1325,28.448,29.944,31.0,31.7,32.4,32.6,33.0,33.292,33.5,33.7,33.964,34.2,34.4,34.6,34.8,34.984,35.1,35.2,35.3,35.4,35.6,35.7,35.8,35.9,36.0,36.1,36.2,36.372,36.5,36.52,36.7,36.868,37.0,37.016,37.2,37.3,37.4,37.5,37.6,37.6,37.7,37.8,37.9,38.0,38.1,38.2,38.3,38.4,38.5,38.6,38.7,38.8,38.9,39.0,39.1,39.144,39.3,39.3,39.4,39.5,39.6,39.7,39.8,39.9,40.0,40.184,40.3,40.4,40.5,40.6,40.7,40.8,40.9,41.1,41.2,41.3,41.5,41.572,41.7,41.8,41.9,42.1,42.2,42.4,42.5,42.7,42.9,43.0,43.2,43.4,43.6,44.0,44.3,44.7,44.9,45.3,46.028,46.9,48.58
성인,50,54,세,M,037,6288,29.4,30.7,31.5,32.1,32.5,32.8,33.1,33.4,33.6,33.9,34.1,34.3,34.4,34.6,34.8,35.0,35.2,35.3,35.453,35.6,35.7,35.9,36.0,36.1,36.2,36.3,36.4,36.6,36.7,36.8,36.897,37.0,37.1,37.2,37.2,37.3,37.4,37.5,37.6,37.7,37.8,37.9,38.0,38.1,38.2,38.3,38.4,38.5,38.6,38.7,38.7,38.8,38.9,39.0,39.1,39.2,39.3,39.4,39.5,39.6,39.7,39.8,39.9,40.0,40.1,40.2,40.3,40.4,40.5,40.6,40.7,40.8,40.9,41.0,41.1,41.2,41.399,41.5,41.6,41.7,41.847,42.0,42.1,42.3,42.4,42.5,42.7,42.8,43.0,43.2,43.4,43.7,43.9,44.1,44.5,44.7,45.0,45.6,46.4
성인,50,54,세,M,040,7564,0.259,0.2693,0.277,0.281,0.286,0.29,0.293,0.296,0.298,0.301,0.303,0.304,0.307,0.309,0.31,0.312,0.314,0.316,0.317,0.318,0.32,0.321,0.323,0.324,0.325,0.327,0.328,0.329,0.33,0.331,0.333,0.334,0.335,0.336,0.337,0.339,0.34,0.341,0.342,0.343,0.344,0.345,0.346,0.347,0.349,0.35,0.351,0.352,0.354,0.354,0.356,0.357,0.358,0.359,0.36,0.361,0.362,0.363,0.365,0.366,0.367,0.368,0.3697,0.371,0.372,0.373,0.374,0.375,0.377,0.378,0.38,0.382,0.383,0.385,0.386,0.388,0.39,0.391,0.393,0.395,0.397,0.399,0.402,0.405,0.407,0.411,0.413,0.416,0.42,0.424,0.428,0.433,0.4386,0.446,0.454,0.466,0.482,0.5067,0.5464
성인,50,54,세,M,041,3131,0.3063,0.357,0.378,0.398,0.4055,0.415,0.4241,0.431,0.438,0.44,0.444,0.449,0.452,0.452,0.455,0.458,0.461,0.464,0.465,0.466,0.469,0.472,0.475,0.477,0.477,0.477,0.48,0.482,0.484,0.486,0.488,0.489,0.489,0.49,0.49,0.492,0.494,0.496,0.498,0.5,0.501,0.502,0.502,0.502,0.504,0.505,0.507,0.508,0.51,0.512,0.513,0.514,0.514,0.515,0.5155,0.517,0.519,0.52,0.522,0.524,0.525,0.526,0.526,0.527,0.527,0.528,0.53,0.532,0.534,0.536,0.538,0.539,0.539,0.539,0.5405,0.542,0.544,0.546,0.548,0.55,0.551,0.552,0.554,0.556,0.56,0.562,0.564,0.564,0.566,0.57,0.573,0.576,0.576,0.5792,0.587,0.5898,0.598,0.604,0.6147
성인,50,54,세,F,012,9838,-9.963,-5.8,-3.5,-1.2,0.3,1.5,2.3,3.2,4.0,4.7,5.2,5.9,6.3,6.8,7.3,7.7,8.0,8.5,8.8,9.2,9.6,10.0,10.2,10.5,10.9,11.2,11.5,11.7,11.9,12.1,12.3,12.5,12.7,13.0,13.1,13.3,13.5,13.7,13.9,14.0,14.2,14.4,14.6,14.8,14.9,15.1,15.2,15.4,15.6,15.8,16.0,16.1,16.3,16.4,16.6,16.8,17.0,17.1,17.3,17.5,17.6,17.8,18.0,18.1,18.3,18.5,18.6,18.8,19.0,19.2,19.4,19.6,19.7,19.9,20.0,20.2,20.3,20.5,20.7,20.9,21.0,21.2,21.4,21.7,21.9,22.1,22.4,22.7,23.0,23.3,23.7,24.0,24.4,24.8,25.2,25.8,26.5,27.3,28.6
성인,50,54,세,F,019,9781,0.0,0.0,0.0,0.0,0.0,1.0,1.0,2.0,3.0,4.0,4.0,5.0,6.0,6.0,7.0,8.0,8.0,9.0,9.0,10.0,10.0,10.0,11.0,11.0,12.0,12.0,13.0,13.0,13.0,14.0,14.0,14.0,15.0,15.0,15.0,16.0,16.0,16.0,17.0,17.0,17.0,18.0,18.0,18.0,18.0,19.0,19.0,19.0,19.0,20.0,20.0,20.0,20.0,21.0,21.0,21.0,22.0,22.0,22.0,23.0,23.0,23.0,24.0,24.0,24.0,24.0,25.0,25.0,25.0,25.0,26.0,26.0,27.0,27.0,27.0,28.0,28.0,28.0,29.0,29.0,30.0,30.0,30.0,30.0,31.0,31.0,32.0,32.0,33.0,33.0,34.0,35.0,36.0,36.0,37.0,39.0,40.0,42.0,44.0
성인,50,54,세,F,020,1970,0.0,0.0,2.0,4.0,6.0,7.0,7.0,7.0,7.0,8.0,8.0,8.0,8.0,8.0,9.0,9.0,9.0,9.0,10.0,10.0,10.0,10.0,10.0,11.0,11.0,11.0,11.0,11.0,11.0,11.0,12.0,12.0,12.0,12.0,12.0,12.0,12.0,12.0,12.91,13.0,13.0,13.0,13.0,14.0,14.0,14.0,14.0,14.0,14.0,15.0,15.0,15.0,15.0,15.0,15.0,16.0,16.0,16.0,16.0,16.0,16.0,16.0,16.0,16.0,17.0,17.0,17.0,17.0,17.0,18.0,18.0,18.0,18.0,19.0,19.0,20.0,20.0,20.0,21.0,21.0,21.0,22.0,22.0,22.0,22.0,23.0,23.0,23.0,24.0,25.0,25.0,26.0,27.0,28.0,30.0,31.0,32.0,34.0,37.31
성인,50,54,세,F,021,1719,11.5,11.8616,11.9554,12.0672,12.2,12.3,12.34,12.4,12.47,12.5122,12.6,12.62,12.7,12.76,12.8,12.8888,12.92,12.9724,13.0,13.03,13.09,13.1,13.17,13.2,13.22,13.25,13.3,13.3,13.34,13.4,13.4,13.44,13.5,13.5,13.513,13.56,13.5966,13.6,13.63,13.662,13.6938,13.7,13.7474,13.79,13.8,13.8328,13.88,13.9,13.91,13.95,13.98,14.0,14.04,14.0872,14.1,14.14,14.19,14.2,14.2162,14.258,14.28,14.3,14.3334,14.3652,14.4,14.45,14.5,14.53,14.6,14.61,14.68,14.7396,14.7914,14.8132,14.88,14.91,14.96,15.0,15.03,15.1,15.1558,15.2404,15.3,15.35,15.403,15.5,15.59,15.6584,15.7504,15.832,15.97,16.08,16.2648,16.4492,16.69,16.8856,17.1584,17.7328,18.6174
성인,50,54,세,F,022,5869,77.68,90.0,96.0,100.0,102.0,105.0,107.0,109.0,110.0,112.0,113.0,114.0,115.0,116.0,117.0,118.0,120.0,120.0,121.0,121.0,122.0,123.0,123.0,124.0,125.0,126.0,126.0,127.0,128.0,129.0,129.0,130.0,130.0,131.0,131.0,132.0,132.0,133.0,134.0,134.0,135.0,135.0,135.0,136.0,136.0,137.0,137.0,138.0,138.0,139.0,139.0,140.0,140.0,141.0,142.0,142.0,142.0,143.0,143.0,144.0,144.0,145.0,145.0,146.0,146.0,147.0,147.0,148.0,149.0,149.0,150.0,150.0,151.0,151.0,152.0,153.0,153.0,154.0,154.0,155.0,156.0,156.0,157.0,158.0,158.0,159.0,160.0,161.0,162.0,162.0,163.0,165.0,166.0,167.0,169.0,170.0,173.0,175.0,180.0
성인,50,54,세,F,028,10610,26.309,28.8,30.3,31.6,32.5,33.1,33.9,34.5,35.1,35.6,36.1,36.5,36.8,37.2,37.6,38.0,38.3,38.7,39.0,39.3,39.5,39.8,40.1,40.3,40.6,40.8,41.1,41.3,41.5,41.8,42.0,42.2,42.4,42.6,42.8,43.0,43.3,43.5,43.7,43.9,44.1,44.3,44.5,44.7,44.9,45.1,45.3,45.5,45.7,46.0,46.2,46.3,46.5,46.8,47.0,47.2,47.4,47.6,47.8,48.0,48.2,48.4,48.6,48.8,49.0,49.3,49.5,49.7,49.9,50.1,50.4,50.6,50.9,51.1,51.4,51.7,52.0,52.3,52.6,52.8,53.1,53.4,53.7,54.0,54.3,54.7,55.1,55.5,55.9,56.3,56.8,57.3,58.0,58.646,59.5,60.4,61.6,63.0,65.3
성인,50,54,세,F,035,2135,25.5,26.268,27.1,27.5,27.9,28.2,28.4,28.8,29.1,29.3,29.5,29.7,29.9,30.0,30.2,30.4,30.5,30.6,30.7,30.9,31.0,31.1,31.2,31.3,31.3,31.4,31.5,31.6,31.7,31.82,31.9,32.1,32.1,32.256,32.3,32.4,32.4,32.5,32.6,32.6,32.7,32.8,32.8,32.9,33.0,33.1,33.2,33.3,33.3,33.4,33.5,33.6,33.7,33.7,33.8,33.9,34.0,34.0,34.1,34.2,34.2,34.3,34.4,34.5,34.6,34.7,34.7,34.8,34.9,35.0,35.1,35.2,35.3,35.5,35.5,35.6,35.7,35.8,35.9,36.0,36.2,36.3,36.422,36.6,36.7,36.9,37.0,37.2,37.3,37.5,37.6,37.8,38.0,38.3,38.6,39.0,39.4,40.2,41.0
성인,50,54,세,F,037,6466,23.0,24.6,25.3,25.8,26.3,26.7,27.1,27.32,27.6,27.8,28.1,28.3,28.4,28.6,28.8,29.0,29.1,29.3,29.4,29.6,29.7,29.8,29.9,30.1,30.2,30.3,30.4,30.5,30.6,30.7,30.8,30.9,31.0,31.1,31.2,31.2,31.3,31.4,31.5,31.6,31.7,31.8,31.9,31.9,32.0,32.1,32.2,32.3,32.4,32.4,32.5,32.6,32.7,32.7,32.8,32.9,33.0,33.1,33.135,33.2,33.3,33.4,33.5,33.6,33.7,33.7,33.8,33.9,34.0,34.1,34.1,34.2,34.3,34.4,34.5,34.6,34.7,34.8,34.9,35.0,35.1,35.2,35.3,35.5,35.6,35.7,35.9,36.0,36.1,36.3,36.4,36.7,36.9,37.2,37.5,37.8,38.1,38.5,39.2
성인,50,54,세,F,040,7972,0.272,0.285,0.294,0.3,0.305,0.31,0.314,0.317,0.32,0.323,0.326,0.329,0.331,0.333,0.336,0.338,0.34,0.342,0.344,0.345,0.3479,0.349,0.351,0.353,0.355,0.357,0.358,0.359,0.361,0.362,0.363,0.365,0.366,0.367,0.369,0.37,0.371,0.373,0.374,0.376,0.377,0.378,0.38,0.381,0.382,0.384,0.385,0.387,0.388,0.389,0.39,0.391,0.393,0.395,0.396,0.397,0.399,0.4,0.402,0.403,0.405,0.406,0.408,0.409,0.411,0.412,0.414,0.416,0.418,0.42,0.421,0.423,0.425,0.427,0.428,0.43,0.433,0.435,0.438,0.439,0.442,0.446,0.448,0.452,0.455,0.458,0.462,0.466,0.47,0.474,0.479,0.484,0.491,0.499,0.509,0.522,0.539,0.5616,0.6063
성인,50,54,세,F,041,3822,0.2714,0.291,0.303,0.3148,0.32,0.327,0.329,0.3347,0.3399,0.3401,0.3423,0.346,0.35,0.352,0.353,0.354,0.358,0.36,0.362,0.364,0.365,0.365,0.366,0.368,0.37,0.3725,0.374,0.376,0.377,0.378,0.378,0.378,0.38,0.3811,0.384,0.385,0.387,0.388,0.39,0.39,0.39,0.39,0.391,0.392,0.3935,0.395,0.397,0.398,0.4,0.401,0.402,0.402,0.403,0.403,0.404,0.406,0.408,0.409,0.411,0.412,0.413,0.414,0.415,0.415,0.415,0.415,0.417,0.419,0.42,0.422,0.424,0.425,0.427,0.427,0.427,0.428,0.43,0.431,0.434,0.436,0.438,0.439,0.44,0.44,0.443,0.445,0.4473,0.451,0.452,0.453,0.456,0.46,0.464,0.465,0.47,0.476,0.479,0.49,0.502
성인,55,59,세,M,012,8792,-17.327,-13.4,-11.1,-9.2,-7.9,-6.654,-5.7,-4.9,-4.1,-3.5,-2.7,-2.0,-1.3,-0.6,0.0,0.4,0.9,1.3,1.7,2.0,2.4,2.8,3.0,3.4,3.775,4.0,4.2,4.5,4.8,5.0,5.2,5.5,5.8,6.0,6.2925,6.5,6.8,7.0,7.2,7.5,7.7,7.9,8.1,8.3,8.5,8.8,9.0,9.1,9.3,9.5,9.8,9.9,10.1,10.3,10.5,10.7,10.9,11.0,11.2,11.4,11.6,11.8,12.0,12.2,12.5,12.606,12.9,13.1,13.3,13.47,13.6,13.852,14.0,14.2,14.4,14.6,14.8,15.0,15.2,15.4,15.6,15.9,16.1,16.4,16.7,16.9,17.2,17.6,17.999,18.3,18.6,19.1,19.5,20.0,20.5,21.2,22.027,23.2,24.809
성인,55,59,세,M,019,8796,0.0,3.0,7.0,10.0,12.0,13.0,14.0,15.0,16.0,17.0,18.0,18.0,19.0,20.0,20.0,20.0,21.0,21.0,22.0,22.0,23.0,23.0,23.0,24.0,24.0,24.0,25.0,25.0,25.0,25.0,26.0,26.0,26.0,27.0,27.0,27.0,27.0,28.0,28.0,28.0,29.0,29.0,29.0,29.0,30.0,30.0,30.0,30.0,30.0,31.0,31.0,31.0,31.0,32.0,32.0,32.0,32.0,33.0,33.0,33.0,33.0,34.0,34.0,34.0,35.0,35.0,35.0,35.0,35.0,36.0,36.0,36.0,36.0,37.0,37.0,37.0,38.0,38.0,38.0,39.0,39.0,39.0,40.0,40.0,40.0,41.0,41.0,42.0,43.0,43.0,44.0,44.0,45.0,46.0,47.0,48.0,50.0,51.1,54.0
성인,55,59,세,M,020,2290,0.0,0.0,2.0,6.0,8.0,9.0,10.0,11.0,12.0,13.0,13.0,14.0,14.0,15.0,15.0,16.0,16.0,16.0,17.0,17.0,17.0,18.0,18.0,18.0,18.0,18.0,18.0,19.0,19.0,19.0,19.0,20.0,20.0,20.0,20.0,20.0,21.0,21.0,21.0,22.0,22.0,22.0,22.0,22.0,23.0,23.0,23.0,24.0,24.0,24.0,24.0,25.0,25.0,25.0,25.0,25.0,25.0,26.0,26.0,26.0,26.0,26.0,27.0,27.0,28.0,28.0,28.0,29.0,30.0,30.0,30.0,31.0,31.0,31.0,31.0,32.0,32.0,32.0,32.0,32.0,32.0,32.0,33.0,33.0,34.0,34.0,35.0,36.0,36.0,37.0,39.0,40.0,41.0,42.0,43.0,45.0,48.0,51.0,54.0
성인,55,59,세,M,021,1979,10.3,10.5468,10.7,10.8,10.85,10.9,10.96,11.0,11.06,11.1,11.1158,11.19,11.21,11.28,11.3,11.35,11.4,11.4004,11.44,11.48,11.5,11.5,11.53,11.57,11.6,11.6,11.64,11.68,11.7,11.714,11.75,11.7896,11.8,11.81,11.84,11.87,11.9,11.9,11.92,11.96,11.98,12.0,12.0,12.0132,12.07,12.09,12.1,12.11,12.1322,12.16,12.19,12.2,12.21,12.25,12.28,12.3,12.32,12.3624,12.4,12.4,12.44,12.47,12.5,12.51,12.5528,12.6,12.6,12.6504,12.7,12.706,12.75,12.7916,12.8,12.8572,12.9,12.9028,12.9506,13.0,13.05,13.1,13.1218,13.19,13.21,13.2852,13.323,13.39,13.44,13.5,13.6,13.734,13.8098,13.9328,14.0454,14.12,14.3,14.6376,14.9566,15.3552,16.4452
성인,55,59,세,M,022,5792,110.0,126.0,135.0,141.0,146.0,150.0,151.0,153.0,155.0,156.0,158.0,160.0,160.0,162.0,163.0,164.0,165.0,166.0,166.0,167.0,168.0,169.0,170.0,170.0,170.0,172.0,172.0,173.0,174.0,174.0,175.0,175.0,176.0,177.0,178.0,178.0,178.0,179.0,180.0,180.0,180.0,181.0,182.0,182.0,183.0,183.0,184.0,184.0,185.0,185.0,185.0,186.0,186.0,187.0,187.0,188.0,188.0,189.0,189.0,190.0,190.0,190.0,191.0,191.0,192.0,192.0,193.0,193.0,194.0,195.0,195.0,196.0,197.0,197.0,198.0,198.0,199.0,199.0,200.0,200.0,201.0,202.0,202.0,203.0,204.0,205.0,205.0,206.0,206.0,208.0,209.0,210.0,211.0,212.0,214.0,215.0,218.0,221.0,225.0
성인,55,59,세,M,028,9257,37.256,40.6,42.2,43.3,44.5,45.3,45.9,46.6,47.3,47.9,48.3,48.8,49.2,49.7,50.1,50.5,50.8,51.2,51.564,51.9,52.1,52.5,52.8,53.1,53.3,53.6,53.9,54.2,54.4,54.7,54.9,55.2,55.4,55.6,55.8,56.016,56.3,56.5,56.7,56.9,57.1,57.3,57.5,57.7,57.9,58.2,58.4,58.7,58.9,59.1,59.3,59.6,59.8,60.0,60.3,60.5,60.7,61.0,61.3,61.4,61.7,61.9,62.1,62.3,62.6,62.8,63.1,63.3,63.6,63.8,64.1,64.4,64.6,64.9,65.2,65.5,65.8,66.1,66.4,66.8,67.2,67.4,67.8,68.1,68.5,68.8,69.2,69.6,70.284,70.8,71.4,72.1,72.7,73.6,74.5,75.5,76.9,78.5,81.044
성인,55,59,세,M,035,1323,28.6,29.8,30.466,31.2,31.51,31.8,32.1,32.4,32.6,32.8,33.1,33.3,33.4,33.6,33.8,34.0,34.1,34.3,34.4,34.5,34.6,34.7,34.9,35.0,35.1,35.2,35.4,35.5,35.6,35.6,35.7,35.9,36.0,36.1,36.2,36.3,36.4,36.5,36.5,36.6,36.7,36.8,37.0,37.0,37.1,37.2,37.3,37.4,37.5,37.6,37.7,37.8,37.9,38.0,38.1,38.1,38.2,38.3,38.4,38.4,38.6,38.664,38.786,38.8,38.9,39.0,39.1,39.1,39.3,39.4,39.5,39.6,39.7,39.8,39.9,40.072,40.2,40.4,40.5,40.6,40.7,40.8,40.926,41.1,41.3,41.5,41.714,41.936,42.158,42.4,42.7,42.9,43.2,43.5,43.7,44.3,44.8,45.956,47.3
성인,55,59,세,M,037,5620,28.419,30.0,30.8,31.2,31.7,32.1,32.4,32.6,32.8,33.0,33.3,33.5,33.7,33.8,34.0,34.1,34.3,34.4,34.6,34.7,34.8,35.0,35.1,35.2,35.3,35.4,35.5,35.6,35.7,35.8,35.9,36.0,36.1,36.2,36.3,36.4,36.5,36.6,36.6,36.7,36.8,36.9,37.0,37.1,37.2,37.3,37.4,37.5,37.6,37.7,37.8,37.9,37.9,38.0,38.1,38.2,38.3,38.4,38.5,38.5,38.6,38.7,38.8,38.9,39.0,39.1,39.2,39.3,39.4,39.5,39.6,39.7,39.8,39.9,40.0,40.1,40.2,40.3,40.5,40.6,40.7,40.8,41.0,41.1,41.2,41.4,41.553,41.7,41.9,42.1,42.3,42.6,42.8,43.0,43.3,43.8,44.2,44.8,45.7
성인,55,59,세,M,040,6775,0.265,0.278,0.285,0.291,0.295,0.299,0.3012,0.304,0.307,0.309,0.312,0.314,0.315,0.317,0.319,0.32,0.322,0.324,0.326,0.327,0.329,0.33,0.332,0.333,0.335,0.336,0.337,0.339,0.34,0.341,0.342,0.344,0.345,0.347,0.348,0.349,0.35,0.351,0.352,0.353,0.354,0.356,0.357,0.358,0.359,0.36,0.361,0.362,0.364,0.365,0.366,0.367,0.369,0.37,0.371,0.372,0.374,0.375,0.377,0.378,0.379,0.38,0.381,0.383,0.3841,0.386,0.387,0.388,0.39,0.392,0.393,0.395,0.397,0.398,0.4,0.402,0.404,0.406,0.408,0.41,0.413,0.415,0.4184,0.421,0.425,0.428,0.432,0.435,0.4389,0.444,0.45,0.456,0.464,0.472,0.482,0.496,0.515,0.5465,0.6023
성인,55,59,세,M,041,2953,0.2845,0.325,0.352,0.366,0.378,0.39,0.3936,0.402,0.404,0.412,0.415,0.418,0.421,0.426,0.427,0.428,0.4328,0.435,0.438,0.44,0.44,0.443,0.446,0.449,0.452,0.452,0.452,0.454,0.456,0.458,0.4591,0.461,0.463,0.464,0.465,0.465,0.468,0.47,0.473,0.475,0.477,0.477,0.477,0.478,0.4794,0.481,0.4824,0.484,0.486,0.488,0.489,0.489,0.49,0.49,0.4916,0.493,0.495,0.497,0.499,0.501,0.502,0.502,0.502,0.502,0.504,0.506,0.508,0.509,0.511,0.512,0.514,0.514,0.515,0.516,0.518,0.52,0.522,0.524,0.526,0.527,0.527,0.528,0.5302,0.533,0.537,0.539,0.539,0.541,0.544,0.548,0.551,0.552,0.557,0.562,0.564,0.57,0.576,0.58,0.5925
성인,55,59,세,F,012,10113,-9.388,-3.876,-1.364,0.148,1.6,2.6,3.5,4.3,5.1,5.7,6.3,6.8,7.3,7.768,8.1,8.4,8.8,9.2,9.5,9.9,10.2,10.5,10.8,11.1,11.4,11.7,11.9,12.0,12.2,12.4,12.6,12.9,13.0,13.3,13.5,13.7,13.9,14.1,14.3,14.5,14.7,14.9,15.0,15.2,15.4,15.6,15.8,16.0,16.1,16.2,16.4,16.6,16.8,16.9,17.1,17.3,17.4,17.6,17.8,18.0,18.1,18.3,18.5,18.6,18.8,19.0,19.104,19.3,19.5,19.6,19.8,20.0,20.1,20.2,20.4,20.5,20.7,20.9,21.0,21.2,21.4,21.6,21.8,22.0,22.2,22.4,22.7,23.0,23.2,23.5,23.8,24.1,24.5,24.9,25.4,25.9,26.5,27.376,28.6
성인,55,59,세,F,019,10066,0.0,0.0,0.0,0.0,0.0,0.0,0.0,0.0,0.0,1.0,1.0,2.0,2.0,3.0,3.0,4.0,4.0,5.0,5.0,6.0,6.0,7.0,7.0,8.0,8.0,9.0,9.0,9.0,10.0,10.0,10.0,11.0,11.0,11.0,12.0,12.0,13.0,13.0,13.0,14.0,14.0,14.0,15.0,15.0,15.0,16.0,16.0,16.0,16.0,17.0,17.0,17.0,18.0,18.0,18.0,19.0,19.0,19.0,20.0,20.0,20.0,20.0,20.0,21.0,21.0,21.0,22.0,22.0,22.0,23.0,23.0,23.0,24.0,24.0,24.0,25.0,25.0,25.0,26.0,26.0,27.0,27.0,27.0,28.0,28.0,29.0,29.0,30.0,30.0,31.0,31.0,32.0,33.0,34.0,35.0,36.0,37.0,39.0,41.0
성인,55,59,세,F,020,1865,0.0,0.0,0.0,2.0,3.0,5.0,6.0,6.0,7.0,7.0,7.0,7.0,8.0,8.0,8.0,8.0,8.0,8.0,8.0,9.0,9.0,9.0,9.0,9.0,9.0,10.0,10.0,10.0,10.0,10.0,10.0,11.0,11.0,11.0,11.0,11.0,11.0,11.0,12.0,12.0,12.0,12.0,12.0,12.0,12.0,12.0,13.0,13.0,13.0,13.0,14.0,14.0,14.0,14.0,14.0,14.0,14.0,14.0,15.0,15.0,15.0,15.0,15.0,15.0,15.0,16.0,16.0,16.0,16.0,16.0,16.0,17.0,17.0,17.0,18.0,18.0,18.0,18.0,18.0,19.0,19.0,19.0,20.0,20.0,20.4,21.0,21.0,22.0,22.0,23.0,24.0,24.0,25.0,26.0,27.0,29.0,31.0,32.0,36.0
성인,55,59,세,F,021,1558,11.99,12.3,12.5,12.6828,12.7685,12.83,12.9,13.0,13.08,13.107,13.15,13.2,13.2,13.25,13.2855,13.31,13.37,13.4,13.43,13.47,13.5,13.56,13.6,13.6468,13.68,13.7,13.7,13.75,13.78,13.81,13.8567,13.8824,13.91,13.97,14.0,14.01,14.07,14.0966,14.1,14.128,14.19,14.2,14.22,14.26,14.3,14.31,14.36,14.4,14.4,14.425,14.4607,14.5,14.51,14.5478,14.6,14.6,14.62,14.66,14.69,14.7,14.7677,14.79,14.8,14.8448,14.8905,14.92,15.0,15.02,15.06,15.1,15.1047,15.1804,15.2361,15.29,15.3175,15.38,15.43,15.49,15.5503,15.6,15.6717,15.73,15.8,15.88,15.9345,16.0,16.09,16.138,16.2946,16.4,16.5,16.6088,16.8,17.0432,17.2575,17.5672,18.0087,18.7672,20.086
성인,55,59,세,F,022,6041,71.0,84.0,90.0,95.0,99.0,101.0,103.0,105.0,106.0,107.0,108.0,110.0,110.0,111.0,112.0,113.0,114.0,115.0,115.0,116.0,117.0,118.0,119.0,119.6,120.0,120.0,121.0,122.0,122.0,123.0,124.0,124.0,125.0,125.0,126.0,126.0,127.0,127.0,128.0,128.0,129.0,130.0,130.0,130.0,130.0,131.0,131.0,132.0,132.0,133.0,134.0,134.0,134.0,135.0,135.0,136.0,136.0,137.0,137.0,138.0,138.0,139.0,139.0,140.0,140.0,141.0,141.0,142.0,142.0,143.0,144.0,144.0,145.0,145.0,146.0,146.0,147.0,148.0,148.0,149.0,150.0,150.0,151.0,152.0,153.0,154.0,154.0,155.0,156.0,157.0,158.0,159.0,160.0,162.0,163.0,165.0,167.0,170.0,174.6
성인,55,59,세,F,028,11232,25.6,28.0,29.8,30.9,31.9,32.8,33.4,34.0,34.5,35.0,35.4,35.8,36.3,36.7,37.0,37.4,37.7,38.0,38.3,38.6,38.9,39.2,39.4,39.6,39.9,40.1,40.4,40.6,40.8,41.0,41.3,41.5,41.723,42.0,42.2,42.4,42.6,42.8,43.0,43.2,43.4,43.6,43.8,44.0,44.2,44.4,44.6,44.788,44.9,45.1,45.3,45.5,45.8,45.9,46.1,46.4,46.6,46.8,47.0,47.2,47.4,47.7,47.9,48.1,48.3,48.5,48.7,48.9,49.1,49.3,49.5,49.8,50.0,50.2,50.4,50.7,50.9,51.2,51.5,51.7,52.0,52.4,52.673,53.0,53.3,53.6,54.0,54.4,54.8,55.2,55.7,56.3,56.9,57.7,58.5,59.3,60.8,62.5,65.2
성인,55,59,세,F,035,2053,24.804,26.0,26.6,27.008,27.4,27.7,27.9,28.1,28.4,28.6,28.8,29.0,29.1,29.3,29.4,29.5,29.7,29.8,29.9,30.0,30.192,30.3,30.4,30.5,30.5,30.6,30.7,30.8,30.9,30.9,31.0,31.1,31.2,31.3,31.4,31.5,31.6,31.7,31.8,31.8,31.9,32.0,32.1,32.1,32.2,32.3,32.3,32.4,32.5,32.6,32.6,32.704,32.8,32.9,33.0,33.0,33.1,33.2,33.3,33.4,33.5,33.6,33.676,33.8,33.8,33.9,33.984,34.0,34.1,34.2,34.3,34.4,34.4,34.5,34.6,34.7,34.8,34.9,35.0,35.1,35.2,35.3,35.4,35.5,35.62,35.7,35.9,36.076,36.2,36.3,36.5,36.7,36.9,37.2,37.5,37.8,38.2,38.9,40.048
성인,55,59,세,F,037,7259,21.158,23.8,24.7,25.4,25.9,26.3,26.5,26.764,27.0,27.3,27.5,27.7,27.8,27.9,28.1,28.3,28.4,28.5,28.6,28.76,28.818,29.0,29.1,29.2,29.3,29.4,29.6,29.7,29.8,29.9,30.0,30.0,30.1,30.2,30.3,30.4,30.5,30.6,30.7,30.8,30.8,30.9,31.0,31.1,31.2,31.2,31.3,31.4,31.5,31.6,31.6,31.7,31.8,31.9,32.0,32.0,32.1,32.2,32.3,32.4,32.5,32.5,32.6,32.7,32.8,32.9,33.0,33.1,33.102,33.3,33.3,33.5,33.5,33.6,33.7,33.8,33.9,34.0,34.1,34.2,34.3,34.4,34.6,34.7,34.8,34.9,35.1,35.2,35.3,35.5,35.6,35.8,36.0,36.2,36.4,36.7,37.0,37.5,38.242
성인,55,59,세,F,040,8367,0.277,0.291,0.299,0.305,0.31,0.314,0.318,0.322,0.326,0.329,0.332,0.335,0.337,0.34,0.342,0.344,0.347,0.348,0.35,0.352,0.354,0.356,0.358,0.359,0.361,0.363,0.364,0.366,0.367,0.369,0.37,0.372,0.373,0.375,0.376,0.377,0.379,0.38,0.381,0.383,0.384,0.386,0.387,0.389,0.39,0.391,0.393,0.394,0.395,0.397,0.398,0.4,0.401,0.403,0.405,0.406,0.407,0.409,0.41,0.412,0.414,0.415,0.417,0.418,0.42,0.422,0.423,0.425,0.427,0.429,0.431,0.433,0.435,0.437,0.439,0.441,0.443,0.446,0.449,0.451,0.453,0.456,0.459,0.462,0.465,0.469,0.473,0.477,0.481,0.486,0.492,0.498,0.506,0.514,0.5257,0.5374,0.559,0.5987,0.6763
성인,55,59,세,F,041,3873,0.241,0.2624,0.279,0.289,0.299,0.303,0.311,0.316,0.32,0.3232,0.328,0.328,0.333,0.3361,0.34,0.341,0.342,0.344,0.346,0.349,0.352,0.353,0.353,0.355,0.357,0.359,0.36,0.362,0.364,0.365,0.365,0.366,0.367,0.369,0.371,0.373,0.374,0.375,0.377,0.377,0.378,0.378,0.379,0.38,0.382,0.383,0.385,0.3866,0.388,0.389,0.39,0.39,0.39,0.39,0.392,0.393,0.395,0.397,0.398,0.399,0.401,0.402,0.402,0.403,0.403,0.404,0.406,0.407,0.409,0.411,0.413,0.414,0.415,0.415,0.415,0.416,0.418,0.419,0.422,0.423,0.426,0.427,0.427,0.4285,0.431,0.433,0.436,0.439,0.44,0.441,0.445,0.448,0.452,0.452,0.4564,0.461,0.465,0.476,0.4873
성인,60,64,세,M,012,16740,-14.0,-10.6,-8.8,-6.9,-5.5,-4.366,-3.3,-2.5,-1.6,-0.8,0.0,0.6,1.1,1.6,2.2,2.5,2.8,3.1,3.4,3.7,3.9,4.2,4.5,4.7,5.0,5.2,5.5,5.7,6.0,6.2,6.4,6.7,6.9,7.1,7.3,7.4,7.6,7.8,8.0,8.2,8.4,8.5,8.7,8.9,9.1,9.2,9.4,9.5,9.7,9.9,10.1,10.3,10.467,10.6,10.8,11.0,11.2,11.4,11.5,11.7,11.9,12.0,12.2,12.3,12.5,12.6,12.8,13.0,13.1,13.2,13.4,13.6,13.8,14.0,14.2,14.4,14.6,14.8,15.0,15.2,15.4,15.6,15.9,16.1,16.4,16.6,16.9,17.2,17.5,17.8,18.2,18.5,19.0,19.5,20.0,20.7,21.5,22.6,24.2
성인,60,64,세,M,019,16749,2.0,6.0,8.0,10.0,11.0,13.0,14.0,14.0,15.0,16.0,16.0,17.0,18.0,18.0,19.0,19.0,19.0,20.0,20.0,20.0,20.08,21.0,21.0,21.0,22.0,22.0,22.0,23.0,23.0,23.0,23.0,24.0,24.0,24.0,25.0,25.0,25.0,25.0,25.0,26.0,26.0,26.0,26.0,27.0,27.0,27.0,27.0,27.0,28.0,28.0,28.0,28.0,29.0,29.0,29.0,30.0,30.0,30.0,30.0,31.0,31.0,31.0,31.0,31.0,31.0,32.0,32.0,32.0,32.0,32.0,33.0,33.0,33.0,33.0,34.0,34.0,34.0,35.0,35.0,35.0,36.0,36.0,36.0,37.0,37.0,38.0,38.0,38.0,39.0,40.0,40.0,40.0,41.0,42.0,43.0,44.0,45.0,47.04,51.0
성인,60,64,세,M,020,4647,0.46,6.0,8.0,9.0,9.0,10.0,10.0,11.0,12.0,12.0,12.0,13.0,13.0,14.0,14.0,15.0,15.0,15.0,15.0,15.0,15.0,15.0,15.0,16.0,16.0,16.0,16.0,16.0,16.0,16.0,16.0,17.0,17.0,17.0,17.0,18.0,18.0,18.0,18.0,19.0,19.0,20.0,20.0,20.0,20.0,20.0,20.0,20.0,20.0,20.0,20.0,20.0,20.0,21.0,21.0,21.0,21.0,21.0,22.0,22.0,22.0,22.0,22.0,23.0,23.0,23.0,23.0,24.0,24.0,24.0,25.0,25.0,26.0,26.0,26.0,26.0,26.0,26.0,26.0,26.0,26.0,27.0,27.0,27.0,28.0,28.0,28.0,29.0,30.0,30.0,30.0,31.0,32.0,32.0,33.0,35.0,36.0,40.0,43.0
성인,60,64,세,M,021,4350,10.622,10.85,11.0,11.1,11.1945,11.29,11.3143,11.38,11.41,11.48,11.51,11.58,11.61,11.65,11.7,11.72,11.78,11.8,11.82,11.87,11.9,11.91,11.96,12.0,12.0,12.03,12.07,12.1,12.1,12.13,12.18,12.2,12.23,12.26,12.29,12.3,12.31,12.35,12.38,12.4,12.42,12.46,12.49,12.5,12.51,12.56,12.58,12.6,12.6,12.64,12.68,12.7,12.71,12.74,12.7795,12.8,12.81,12.84,12.88,12.9,12.92,12.95,12.99,13.0,13.06,13.09,13.1,13.12,13.16,13.2,13.22,13.28,13.3,13.34,13.39,13.41,13.48,13.5,13.56,13.6,13.64,13.7,13.7567,13.82,13.9,13.98,14.04,14.12,14.2,14.3,14.4,14.57,14.6957,14.8606,15.0455,15.3,15.6053,16.0002,17.2902
성인,60,64,세,M,022,11520,107.0,117.0,124.0,130.0,134.0,137.0,140.0,143.0,145.0,147.0,149.0,150.0,152.0,153.0,154.0,155.0,156.0,157.0,158.0,158.0,159.0,160.0,161.0,162.0,162.0,163.0,163.0,164.0,165.0,165.0,166.0,166.0,167.0,167.0,168.0,168.0,169.0,170.0,170.0,170.0,171.0,171.0,172.0,172.0,173.0,173.0,174.0,174.0,174.0,175.0,175.0,176.0,176.0,177.0,177.0,178.0,178.0,178.0,179.0,179.0,180.0,180.0,181.0,181.0,182.0,182.0,182.0,183.0,183.0,184.0,185.0,185.0,186.0,186.0,186.0,187.0,188.0,188.0,189.0,190.0,190.0,191.0,191.0,192.0,193.0,194.0,194.0,195.0,197.0,197.0,198.0,200.0,201.0,202.0,204.0,205.0,208.0,211.0,216.0
성인,60,64,세,M,028,17266,38.2,41.1,42.9,44.4,45.4,46.2,46.9,47.6,48.085,48.6,49.1,49.68,50.1,50.4,50.8,51.1,51.4,51.7,52.0,52.3,52.6,52.9,53.1,53.4,53.6,53.9,54.2,54.4,54.6,54.9,55.1,55.3,55.5,55.8,56.0,56.2,56.4,56.7,56.8,57.0,57.2,57.4,57.6,57.8,58.1,58.3,58.5,58.7,58.8,59.1,59.3,59.5,59.7,59.9,60.1,60.3,60.5,60.7,60.9,61.1,61.4,61.6,61.8,62.0,62.3,62.5,62.8,63.0,63.3,63.5,63.8,64.0,64.3,64.6,64.8,65.1,65.4,65.7,65.9,66.2,66.6,66.9,67.2,67.6,68.0,68.4,68.8,69.3,69.7,70.2,70.8,71.4,72.0,72.8,73.5,74.7,75.9,77.6,80.535
성인,60,64,세,M,035,3112,27.7,28.922,29.6,30.2,30.5,30.8,31.2,31.5,31.7,31.9,32.2,32.4,32.6,32.8,32.9,33.1,33.2,33.3,33.4,33.5,33.6,33.8,33.9,34.0,34.2,34.3,34.4,34.5,34.6,34.7,34.8,34.9,34.9,35.0,35.1,35.2,35.3,35.4,35.5,35.5,35.6,35.7,35.8,35.9,35.9,36.0,36.1,36.2,36.3,36.3,36.4,36.5,36.6,36.7,36.8,36.9,37.0,37.1,37.2,37.3,37.4,37.4,37.5,37.6,37.7,37.8,37.9,38.0,38.2,38.3,38.3,38.5,38.6,38.7,38.8,38.9,39.0,39.1,39.2,39.4,39.5,39.7,39.8,39.9,40.1,40.3,40.5,40.7,40.9,41.1,41.4,41.612,41.8,42.1,42.5,43.1,43.9,44.7,45.989
성인,60,64,세,M,037,9473,27.872,29.2,29.9,30.488,30.8,31.1,31.4,31.7,31.9,32.2,32.3,32.5,32.7,32.8,32.9,33.1,33.2,33.3,33.5,33.6,33.7,33.8,33.9,34.0,34.1,34.2,34.3,34.4,34.5,34.6,34.7,34.8,34.9,35.0,35.0,35.1,35.2,35.3,35.4,35.5,35.5,35.6,35.7,35.8,35.9,36.0,36.1,36.2,36.2,36.3,36.4,36.5,36.6,36.7,36.7,36.8,36.9,37.0,37.1,37.2,37.3,37.4,37.5,37.6,37.6,37.7,37.8,37.9,38.0,38.1,38.2,38.3,38.4,38.5,38.6,38.7,38.8,38.9,39.0,39.1,39.3,39.4,39.5,39.7,39.8,39.9,40.1,40.3,40.5,40.6,40.8,41.1,41.3,41.5,41.8,42.1,42.4,43.0,43.8
성인,60,64,세,M,040,12330,0.273,0.284,0.293,0.298,0.302,0.305,0.308,0.312,0.315,0.317,0.319,0.321,0.324,0.325,0.327,0.329,0.33,0.332,0.333,0.335,0.336,0.338,0.339,0.341,0.342,0.343,0.345,0.346,0.347,0.348,0.349,0.35,0.351,0.353,0.354,0.355,0.356,0.358,0.359,0.36,0.361,0.362,0.363,0.364,0.365,0.367,0.367,0.368,0.37,0.371,0.372,0.373,0.374,0.375,0.376,0.378,0.379,0.38,0.381,0.383,0.384,0.385,0.386,0.388,0.389,0.39,0.392,0.393,0.394,0.396,0.397,0.399,0.4,0.402,0.404,0.406,0.408,0.41,0.412,0.414,0.416,0.419,0.422,0.425,0.427,0.43,0.433,0.436,0.44,0.445,0.449,0.455,0.46,0.468,0.477,0.49,0.5061,0.531,0.5987
성인,60,64,세,M,041,5151,0.287,0.321,0.3405,0.352,0.364,0.372,0.378,0.383,0.389,0.391,0.396,0.402,0.403,0.407,0.4105,0.415,0.415,0.418,0.421,0.424,0.427,0.427,0.4285,0.431,0.433,0.436,0.438,0.44,0.44,0.441,0.443,0.445,0.447,0.449,0.451,0.452,0.452,0.453,0.455,0.456,0.458,0.459,0.461,0.463,0.464,0.464,0.465,0.466,0.467,0.469,0.471,0.473,0.474,0.476,0.477,0.477,0.477,0.477,0.479,0.481,0.482,0.483,0.485,0.486,0.488,0.489,0.489,0.49,0.491,0.493,0.494,0.496,0.498,0.5,0.501,0.502,0.502,0.503,0.505,0.507,0.51,0.512,0.514,0.514,0.515,0.517,0.52,0.523,0.526,0.527,0.529,0.533,0.537,0.539,0.545,0.551,0.5565,0.564,0.577
성인,60,64,세,F,012,9485,-7.0,-2.632,-0.1,1.0,2.2,3.1,4.0,4.9,5.6,6.1,6.7,7.1,7.6,8.0,8.56,9.0,9.4,9.8,10.1,10.4,10.8,11.0,11.3,11.6,11.9,12.1,12.3,12.5,12.7,12.9,13.1,13.3,13.5,13.7,13.9,14.1,14.3,14.5,14.7,14.9,15.0,15.2,15.4,15.6,15.8,15.9,16.0,16.2,16.4,16.5,16.7,16.9,17.0,17.2,17.3,17.5,17.7,17.872,18.0,18.1,18.3,18.4,18.6,18.7,18.9,19.0,19.2,19.4,19.5,19.7,19.8,20.0,20.1,20.3,20.5,20.6,20.8,20.952,21.1,21.3,21.5,21.7,21.9,22.1,22.3,22.6,22.9,23.1,23.4,23.6,24.0,24.4,24.8,25.2,25.7,26.2,26.9,27.8,29.0
성인,60,64,세,F,019,9354,0.0,0.0,0.0,0.0,0.0,0.0,0.0,0.0,0.0,0.0,0.0,0.0,1.0,1.0,1.0,2.0,2.0,3.0,3.0,3.0,4.0,4.0,4.0,5.0,5.0,6.0,6.0,6.0,7.0,7.0,7.0,7.0,8.0,8.0,8.0,9.0,9.0,10.0,10.0,10.0,10.0,11.0,11.0,11.0,12.0,12.0,12.0,12.0,13.0,13.0,13.0,14.0,14.0,14.0,14.0,15.0,15.0,15.0,16.0,16.0,16.0,17.0,17.0,17.0,17.0,18.0,18.0,18.0,19.0,19.0,19.0,20.0,20.0,20.0,20.0,21.0,21.0,22.0,22.0,22.0,23.0,23.0,24.0,24.0,25.0,25.0,25.0,26.0,26.0,27.0,28.0,29.0,30.0,30.0,31.0,33.0,34.0,36.0,39.0
성인,60,64,세,F,020,1847,0.0,0.0,0.0,0.0,0.0,0.0,0.0,1.0,3.0,4.0,5.0,5.0,6.0,6.0,6.0,7.0,7.0,7.0,7.0,7.0,7.0,7.0,7.0,8.0,8.0,8.0,8.0,8.0,8.0,8.0,8.0,8.0,8.0,8.0,9.0,9.0,9.0,9.0,9.0,9.0,9.0,9.0,10.0,10.0,10.0,10.0,10.0,10.0,10.0,10.0,10.0,10.0,11.0,11.0,11.0,11.0,11.0,12.0,12.0,12.0,12.0,12.0,12.0,12.0,12.0,12.0,12.0,13.0,13.0,13.0,13.66,14.0,14.0,14.0,14.0,14.96,15.0,15.0,15.0,15.0,16.0,16.0,16.0,16.0,16.0,17.0,17.0,18.0,18.0,18.0,19.0,20.0,20.0,21.0,22.0,23.0,25.0,27.0,32.54
성인,60,64,세,F,021,1443,12.3,12.6084,12.82,12.9872,13.07,13.1552,13.2194,13.3272,13.4,13.472,13.51,13.59,13.62,13.69,13.723,13.8,13.8314,13.8856,13.9,13.94,14.0,14.03,14.08,14.1,14.13,14.1792,14.2,14.22,14.26,14.3,14.31,14.3544,14.39,14.41,14.43,14.46,14.48,14.5,14.52,14.568,14.6,14.62,14.6706,14.7,14.75,14.8,14.85,14.8716,14.9,14.91,14.96,14.9984,15.0,15.0368,15.091,15.1,15.12,15.18,15.2,15.24,15.26,15.3,15.3446,15.39,15.41,15.4744,15.5,15.58,15.6,15.68,15.7482,15.8,15.85,15.9,15.94,16.03,16.1034,16.19,16.2436,16.35,16.4302,16.5,16.57,16.68,16.78,16.87,16.95,17.03,17.1138,17.298,17.3388,17.5664,17.7306,17.9444,18.3,18.7384,19.284,20.0016,21.5432
성인,60,64,세,F,022,5235,60.0,70.0,74.0,79.0,82.0,85.0,87.0,90.0,90.06,93.0,95.0,96.0,98.0,99.0,100.0,101.0,102.0,103.0,104.0,105.0,106.0,106.0,107.0,108.0,109.0,109.0,110.0,110.0,110.86,111.0,112.0,112.88,113.0,114.0,114.0,115.0,115.0,116.0,117.0,117.0,118.0,118.0,119.0,120.0,120.0,121.0,121.0,122.0,122.0,123.0,123.0,124.0,124.0,125.0,125.0,126.0,126.0,127.0,127.0,128.0,128.0,129.0,130.0,130.0,130.0,131.0,132.0,132.0,133.0,133.0,134.0,134.0,135.0,136.0,136.0,137.0,138.0,138.0,139.0,140.0,140.0,141.0,142.0,143.0,143.0,144.0,145.0,146.0,146.26,148.0,149.0,150.0,152.0,153.0,155.0,158.0,160.0,162.0,168.66
성인,60,64,세,F,028,10710,25.6,28.418,30.1,31.1,32.1,32.9,33.5,34.0,34.5,34.9,35.3,35.8,36.1,36.5,36.8,37.1,37.4,37.7,38.0,38.3,38.5,38.8,39.1,39.3,39.6,39.8,40.0,40.2,40.4,40.6,40.9,41.1,41.3,41.5,41.7,41.9,42.1,42.3,42.5,42.7,42.9,43.1,43.3,43.5,43.7,43.9,44.0,44.2,44.441,44.6,44.8,45.0,45.2,45.4,45.6,45.8,46.0,46.2,46.4,46.6,46.8,47.0,47.2,47.4,47.6,47.8,48.0,48.2,48.5,48.7,48.9,49.1,49.4,49.6,49.8,50.1,50.3,50.6,50.9,51.2,51.4,51.7,52.1,52.4,52.7,53.1,53.5,53.9,54.4,54.8,55.4,55.9,56.4,57.1,57.9,58.8,60.0,61.6,63.9
성인,60,64,세,F,035,1989,24.5,25.576,26.3,26.8,27.14,27.4,27.5,27.8,27.9,28.0,28.2,28.4,28.5,28.6,28.8,28.9,29.0,29.1,29.2,29.36,29.4,29.5,29.6,29.7,29.9,30.0,30.0,30.1,30.1,30.2,30.3,30.4,30.5,30.5,30.6,30.7,30.8,30.8,30.9,31.0,31.0,31.1,31.2,31.3,31.4,31.4,31.5,31.6,31.612,31.7,31.8,31.9,32.0,32.0,32.1,32.2,32.3,32.4,32.4,32.5,32.6,32.7,32.7,32.8,32.9,33.0,33.1,33.2,33.2,33.3,33.4,33.5,33.624,33.7,33.8,34.0,34.0,34.2,34.252,34.4,34.5,34.616,34.8,34.9,35.0,35.2,35.3,35.4,35.5,35.62,35.8,36.1,36.3,36.5,36.7,37.0,37.4,37.9,38.8
성인,60,64,세,F,037,6788,18.487,22.474,23.7,24.5,25.0,25.3,25.7,26.0,26.2,26.4,26.6,26.8,27.0,27.2,27.4,27.5,27.6,27.8,27.9,28.0,28.127,28.3,28.4,28.5,28.6,28.7,28.8,28.9,29.0,29.1,29.2,29.3,29.3,29.4,29.5,29.6,29.7,29.8,29.9,30.0,30.1,30.154,30.2,30.3,30.4,30.4,30.5,30.6,30.7,30.7,30.8,30.9,31.0,31.0,31.1,31.2,31.3,31.4,31.4,31.5,31.6,31.7,31.7,31.8,31.9,32.0,32.1,32.2,32.2,32.3,32.4,32.5,32.6,32.7,32.8,32.9,33.0,33.1,33.2,33.3,33.4,33.5,33.7,33.8,33.9,34.0,34.169,34.3,34.4,34.6,34.717,34.9,35.1,35.3,35.5,35.8,36.1,36.5,37.2
성인,60,64,세,F,040,7790,0.2809,0.295,0.305,0.311,0.318,0.323,0.328,0.331,0.334,0.338,0.34,0.343,0.346,0.349,0.351,0.353,0.355,0.357,0.359,0.361,0.363,0.365,0.366,0.368,0.37,0.3711,0.373,0.375,0.377,0.378,0.38,0.382,0.384,0.385,0.387,0.389,0.39,0.392,0.393,0.394,0.396,0.398,0.399,0.401,0.402,0.404,0.405,0.407,0.408,0.41,0.411,0.413,0.415,0.416,0.418,0.42,0.421,0.423,0.424,0.426,0.428,0.4292,0.432,0.433,0.435,0.437,0.438,0.44,0.442,0.444,0.446,0.448,0.45,0.453,0.455,0.457,0.459,0.461,0.464,0.466,0.469,0.473,0.476,0.4798,0.483,0.487,0.491,0.496,0.501,0.507,0.512,0.52,0.53,0.54,0.554,0.572,0.6003,0.638,0.733
성인,60,64,세,F,041,3971,0.241,0.249,0.266,0.2768,0.278,0.279,0.284,0.291,0.294,0.3,0.303,0.306,0.31,0.314,0.316,0.318,0.321,0.3246,0.327,0.328,0.329,0.332,0.334,0.336,0.338,0.34,0.34,0.341,0.342,0.344,0.346,0.348,0.35,0.352,0.352,0.353,0.353,0.3536,0.356,0.358,0.359,0.361,0.362,0.364,0.365,0.365,0.365,0.366,0.367,0.369,0.37,0.371,0.373,0.375,0.377,0.377,0.378,0.378,0.3783,0.38,0.382,0.384,0.385,0.387,0.388,0.39,0.39,0.39,0.39,0.392,0.393,0.395,0.397,0.399,0.4,0.402,0.402,0.403,0.403,0.405,0.407,0.408,0.41,0.412,0.415,0.415,0.416,0.418,0.421,0.424,0.427,0.428,0.43,0.435,0.44,0.442,0.45,0.454,0.4703
청소년,13,13,세,M,009,5350,1.0,4.0,6.0,8.0,9.0,10.0,12.0,13.0,13.0,14.0,15.0,16.0,17.0,18.0,18.0,19.0,20.0,20.0,20.0,21.0,21.0,22.0,22.0,23.0,23.0,24.0,24.0,25.0,25.0,26.0,27.0,27.0,28.0,28.0,29.0,29.0,30.0,30.0,30.0,31.0,31.0,32.0,32.0,33.0,33.0,34.0,34.0,35.0,35.0,36.0,37.0,37.0,38.0,39.0,40.0,40.0,41.0,41.0,42.0,43.0,44.0,45.0,46.0,48.0,49.0,50.0,50.0,51.0,52.0,53.0,55.0,57.0,59.0,60.0,61.0,63.0,65.0,68.0,70.0,74.0,80.0,80.0,80.0,80.0,80.0,80.0,80.0,80.0,80.0,80.0,80.0,80.0,80.0,90.0,90.0,90.0,90.0,90.0,93.02
청소년,13,13,세,M,010,5896,7.0,12.0,15.0,16.0,18.0,19.0,20.0,21.0,21.0,22.0,23.0,24.0,24.0,25.0,26.0,26.0,27.0,28.0,28.0,29.0,29.0,30.0,30.0,31.0,31.0,31.7,32.0,32.0,33.0,33.0,34.0,34.0,35.0,35.0,35.0,36.0,36.0,37.0,37.0,37.0,38.0,38.0,38.0,39.0,39.0,40.0,40.0,40.0,40.0,41.0,41.0,42.0,42.0,42.0,43.0,43.0,43.0,43.0,44.0,44.0,44.0,45.0,45.0,45.0,46.0,46.0,46.0,46.0,47.0,47.0,47.0,48.0,48.0,48.0,48.0,49.0,49.0,50.0,50.0,50.0,50.0,50.0,51.0,51.0,52.0,52.0,52.0,53.0,53.0,54.0,54.0,54.0,55.0,55.0,56.0,57.0,58.0,59.0,61.0
청소년,13,13,세,M,012,11276,-18.125,-15.0,-13.0,-12.0,-10.5,-10.0,-9.0,-8.3,-7.9,-7.0,-6.8,-6.0,-5.7,-5.0,-5.0,-4.3,-4.0,-3.5,-3.0,-2.6,-2.0,-1.8,-1.175,-1.0,-0.3,0.0,0.0,0.4,0.7,1.0,1.0,1.4,1.6,2.0,2.0,2.2,2.4,2.6,3.0,3.0,3.2,3.4,3.6,3.9,4.0,4.1,4.3,4.5,4.9,5.0,5.1,5.4,5.6,5.95,6.0,6.2,6.5,6.7,7.0,7.0,7.2,7.5,7.7,8.0,8.0,8.3,8.6,9.0,9.1,9.5,9.8,10.0,10.1,10.5,10.7,11.0,11.2,11.5,11.9,12.0,12.4,12.7,13.0,13.2,13.6,14.0,14.325,14.9,15.1,15.7,16.0,16.5,17.0,17.9,18.5,19.3,20.1,21.35,23.325
청소년,13,13,세,M,013,11182,16.66,16.9462,17.16,17.31,17.43,17.56,17.68,17.77,17.87,17.95,18.0,18.1,18.1853,18.25,18.31,18.39,18.44,18.5,18.56,18.622,18.69,18.74,18.8,18.85,18.9,18.9606,19.0,19.06,19.11,19.16,19.21,19.28,19.31,19.37,19.41,19.46,19.5,19.57,19.63,19.69,19.73,19.79,19.83,19.9,19.93,20.0,20.03,20.1,20.14,20.19,20.25,20.3,20.35,20.4,20.47,20.52,20.59,20.65,20.71,20.78,20.82,20.9,20.9403,21.0,21.09,21.14,21.2,21.26,21.34,21.4,21.47,21.55,21.63,21.7,21.79,21.88,21.97,22.05,22.14,22.25,22.37,22.48,22.5923,22.72,22.84,23.0,23.13,23.28,23.46,23.599,23.81,24.1,24.31,24.59,24.9095,25.3976,26.1757,27.359,29.3676
청소년,13,13,세,M,014,10393,0.3009,0.34,0.357,0.37,0.3786,0.39,0.397,0.402,0.406,0.414,0.415,0.42,0.427,0.427,0.43,0.436,0.439,0.44,0.442,0.448,0.452,0.452,0.453,0.457,0.462,0.464,0.465,0.465,0.468,0.471,0.475,0.477,0.477,0.477,0.479,0.483,0.487,0.489,0.489,0.49,0.49,0.494,0.497,0.5,0.501,0.502,0.502,0.502,0.503,0.506,0.51,0.513,0.514,0.514,0.514,0.516,0.519,0.523,0.526,0.526,0.527,0.527,0.529,0.532,0.536,0.538,0.539,0.539,0.539,0.541,0.545,0.5482,0.551,0.551,0.552,0.553,0.558,0.562,0.564,0.564,0.564,0.568,0.574,0.576,0.576,0.578,0.585,0.588,0.589,0.592,0.6,0.601,0.604,0.613,0.614,0.625,0.631,0.648,0.6691
청소년,13,13,세,M,017,10457,40.0682,41.5267,42.3455,42.9577,43.4498,44.0203,44.4799,44.8538,45.1522,45.4996,45.8246,46.131,46.4251,46.693,46.9334,47.18,47.4055,47.6461,47.8643,48.0864,48.3198,48.5353,48.7338,48.9324,49.121,49.3036,49.4591,49.6524,49.8555,50.0688,50.2504,50.4038,50.5145,50.629,50.7856,50.9668,51.1331,51.3423,51.4922,51.6374,51.784,51.9841,52.2,52.3946,52.569,52.687,52.8239,53.0086,53.1959,53.394,53.5711,53.7272,53.9237,54.1345,54.3564,54.518,54.6938,54.832,55.032,55.235,55.4342,55.6177,55.7936,56.0067,56.214,56.448,56.6665,56.922,57.0803,57.2914,57.525,57.703,57.944,58.129,58.326,58.542,58.7177,59.0197,59.23,59.4204,59.567,59.7058,59.9764,60.2682,60.5094,60.768,61.1622,61.6333,62.1,62.6692,63.3486,64.1016,64.9568,65.7882,66.9546,68.3903,70.329,72.9554,77.7826
청소년,13,13,세,M,020,11217,0.0,5.0,8.0,10.0,11.0,12.0,13.0,14.0,15.0,15.0,16.0,16.0,17.0,18.0,18.0,19.0,20.0,20.0,20.0,21.0,21.0,22.0,22.0,23.0,23.0,24.0,24.0,25.0,25.0,26.0,26.0,27.0,28.0,29.0,30.0,30.0,30.0,31.0,31.0,31.0,32.0,32.0,33.0,33.0,34.0,35.0,35.0,36.0,36.0,37.0,38.0,39.0,40.0,40.0,40.0,41.0,41.0,41.0,42.0,43.0,43.0,44.0,45.0,46.0,47.0,48.0,50.0,50.0,50.0,51.0,51.0,52.0,52.0,53.0,54.0,54.0,55.0,56.0,57.0,60.0,60.0,61.0,62.0,64.0,64.0,65.0,66.0,67.0,68.0,70.0,70.0,71.0,72.0,75.0,76.0,78.0,80.0,84.0,91.0
청소년,13,13,세,M,028,11354,25.253,28.106,29.6,31.0,32.1,33.1,34.0,34.6,35.3,36.0,36.583,37.1,37.6,38.1,38.6,39.1,39.6,40.0,40.4,40.8,41.2,41.6,42.0,42.4,42.7,43.1,43.5,43.8,44.2,44.6,45.0,45.4,45.8,46.1,46.5,46.8,47.1,47.5,47.8,48.1,48.4,48.8,49.2,49.5,49.8,50.1,50.4,50.7,51.0,51.3,51.7,51.9,52.3,52.6,53.0,53.3,53.7,54.074,54.4,54.68,55.1,55.3,55.7,56.1,56.5,56.8,57.2,57.6,58.0,58.5,58.8,59.2,59.6,60.0,60.4,60.7,61.1,61.6,62.1,62.4,62.9,63.5,64.0,64.5,65.0,65.6,66.2,66.8,67.4,68.1,68.8,69.7,70.629,71.6,72.6,74.0,75.5,77.7,81.0
청소년,13,13,세,M,035,41,32.54,33.18,33.5,33.5,33.5,34.74,35.98,37.06,37.98,38.9,39.06,39.22,39.5,39.9,40.3,41.18,42.06,42.52,42.56,42.6,43.0,43.4,43.66,43.78,43.9,44.1,44.3,44.5,44.7,44.9,44.9,44.9,44.9,44.9,44.9,44.94,44.98,45.06,45.18,45.3,45.3,45.3,45.36,45.48,45.6,45.68,45.76,45.86,45.98,46.1,46.38,46.66,46.86,46.98,47.1,47.1,47.1,47.16,47.28,47.4,47.44,47.48,47.52,47.56,47.6,47.64,47.68,47.76,47.88,48.0,48.04,48.08,48.1,48.1,48.1,48.26,48.42,48.5,48.5,48.5,48.62,48.74,48.8,48.8,48.8,48.8,48.8,48.82,48.86,48.9,49.74,50.58,51.0,51.0,51.0,51.72,52.44,53.62,55.26
청소년,13,13,세,M,037,53,39.856,40.004,40.056,40.26,41.3,42.124,42.228,42.396,42.708,42.94,43.044,43.124,43.176,43.284,43.44,43.5,43.5,43.752,44.116,44.6,45.12,45.552,45.968,46.048,46.1,46.256,46.404,46.456,46.524,46.68,46.824,46.928,47.096,47.408,47.68,47.888,48.024,48.076,48.156,48.26,48.428,48.636,48.772,48.876,48.98,49.084,49.232,49.388,49.4,49.4,49.452,49.5,49.5,49.516,49.62,49.712,49.764,49.864,50.072,50.26,50.416,50.5,50.5,50.584,50.74,50.832,50.884,51.008,51.164,51.24,51.292,51.344,51.396,51.496,51.6,51.6,51.616,51.824,52.0,52.0,52.024,52.128,52.216,52.268,52.3,52.3,52.372,52.528,52.628,52.68,52.732,52.784,53.124,53.592,53.7,53.7,53.964,54.276,54.636
청소년,13,13,세,F,009,4419,0.0,0.0,1.0,1.72,2.0,3.0,3.26,4.0,5.0,6.0,7.0,7.0,8.0,9.0,9.0,10.0,10.0,11.0,11.0,12.0,12.0,13.0,13.0,14.0,14.0,15.0,15.0,15.0,16.0,16.4,17.0,17.0,18.0,18.0,19.0,19.0,19.0,20.0,20.0,20.0,20.0,21.0,21.0,22.0,22.0,22.0,23.0,23.0,24.0,24.0,25.0,25.0,25.0,26.0,26.0,26.0,27.0,27.0,28.0,28.0,29.0,29.0,30.0,30.0,30.0,31.0,31.0,32.0,32.0,33.0,34.0,34.0,35.0,36.0,37.0,38.0,40.0,40.0,40.0,42.0,43.0,44.0,46.0,47.0,50.0,50.0,52.0,55.0,58.0,58.0,60.0,60.0,62.0,66.92,77.3,80.0,80.0,80.0,80.0
청소년,13,13,세,F,010,4521,5.0,8.2,10.0,11.0,12.0,13.0,13.0,14.0,15.0,15.0,16.0,16.0,17.0,17.0,17.0,18.0,18.0,18.0,19.0,19.0,20.0,20.0,20.0,21.0,21.0,21.0,22.0,22.0,22.0,23.0,23.0,23.0,23.0,24.0,24.0,24.0,24.0,25.0,25.0,25.0,26.0,26.0,26.0,26.0,27.0,27.0,27.0,28.0,28.0,28.0,29.0,29.0,29.0,30.0,30.0,30.0,30.0,31.0,31.0,31.0,32.0,32.0,32.0,32.0,33.0,33.0,34.0,34.0,35.0,35.0,35.0,35.0,36.0,36.0,37.0,37.0,38.0,38.0,38.0,39.0,39.0,40.0,40.0,41.0,41.0,42.0,42.0,43.0,43.0,44.0,45.0,46.0,47.0,47.0,48.0,50.0,51.0,52.0,54.0
청소년,13,13,세,F,012,8960,-15.0,-11.0,-9.223,-7.8,-6.8,-5.146,-4.5,-3.4,-2.5,-1.8,-0.751,0.0,0.3,1.0,1.3,2.0,2.2,2.7,3.0,3.3,3.7,4.0,4.3,4.716,5.0,5.3,5.7,6.0,6.3,6.5,6.929,7.0,7.4,7.6,8.0,8.1,8.5,8.8,9.0,9.2,9.5,9.8,10.0,10.2,10.5,10.8,11.0,11.166,11.5,11.7,12.0,12.0,12.4,12.5,13.0,13.0,13.3,13.5,13.8,14.0,14.1,14.5,14.9,15.0,15.2,15.5,15.8,16.0,16.2,16.5,16.8,17.0,17.3,17.5,18.0,18.0,18.4,18.7,19.0,19.3,19.6,20.0,20.2,20.6,21.0,21.2,21.6,22.0,22.4,23.0,23.2,23.9,24.2,24.9,25.3,26.1,27.0,28.0,30.0
청소년,13,13,세,F,013,8865,18.28,18.6328,18.88,19.1,19.23,19.4,19.5,19.6,19.7,19.8,19.91,20.0,20.1,20.17,20.23,20.31,20.4,20.47,20.53,20.6,20.68,20.75,20.81,20.89,20.96,21.0,21.1,21.14,21.2,21.28,21.32,21.37,21.42,21.48,21.53,21.6,21.65,21.71,21.78,21.83,21.9,21.94,21.99,22.04,22.11,22.16,22.22,22.29,22.34,22.4,22.47,22.52,22.6,22.64,22.7,22.78,22.82,22.9,22.97,23.01,23.1004,23.16,23.22,23.3,23.37,23.44,23.5,23.57,23.63,23.7,23.78,23.84,23.93,24.02,24.11,24.19,24.28,24.38,24.5,24.574,24.6884,24.79,24.9,25.0276,25.18,25.34,25.4968,25.66,25.8596,26.12,26.31,26.56,26.8,27.2416,27.71,28.23,28.8608,29.89,31.6836
청소년,13,13,세,F,014,8161,0.2586,0.2792,0.3018,0.315,0.328,0.336,0.341,0.346,0.353,0.354,0.3606,0.365,0.366,0.37,0.376,0.377,0.378,0.379,0.382,0.386,0.39,0.39,0.39,0.392,0.397,0.4006,0.402,0.402,0.403,0.403,0.407,0.41,0.413,0.414,0.415,0.415,0.415,0.417,0.42,0.423,0.425,0.427,0.427,0.427,0.428,0.429,0.432,0.435,0.437,0.439,0.439,0.44,0.44,0.44,0.441,0.444,0.446,0.449,0.452,0.452,0.452,0.452,0.454,0.457,0.459,0.463,0.464,0.464,0.465,0.465,0.466,0.469,0.472,0.474,0.477,0.477,0.477,0.477,0.48,0.484,0.488,0.489,0.49,0.491,0.495,0.5,0.502,0.502,0.5044,0.511,0.514,0.514,0.52,0.526,0.528,0.539,0.5452,0.558,0.588
청소년,13,13,세,F,017,8363,41.0901,42.6404,43.5117,44.3095,45.0543,45.7217,46.16,46.5658,46.937,47.265,47.6415,47.981,48.2991,48.6084,48.9219,49.1958,49.449,49.7063,49.9175,50.2268,50.4221,50.5799,50.7453,50.9648,51.2145,51.4488,51.6417,51.7967,52.0298,52.2496,52.4489,52.6,52.7505,52.914,53.1144,53.303,53.5169,53.7086,53.9224,54.169,54.3788,54.5292,54.701,54.8313,54.9924,55.2185,55.4381,55.5998,55.7771,55.968,56.1476,56.368,56.5386,56.6734,56.8742,57.0959,57.2527,57.449,57.6326,57.8328,58.05,58.1739,58.364,58.532,58.6768,58.8629,59.0441,59.2273,59.4098,59.525,59.6381,59.8678,60.095,60.338,60.483,60.617,60.781,61.0567,61.348,61.6724,62.0868,62.4612,62.7948,63.1422,63.6635,64.0726,64.5945,65.119,65.6351,66.302,67.1179,68.0032,69.0242,70.0211,71.2075,72.5294,74.7098,78.1303,83.9746
청소년,13,13,세,F,020,8908,0.0,5.0,8.0,9.0,10.0,10.0,11.0,11.0,11.0,12.0,12.0,12.0,13.0,13.0,14.0,14.0,14.0,15.0,15.0,15.0,15.0,16.0,16.0,16.0,16.0,16.0,17.0,17.0,17.0,17.0,18.0,18.0,18.0,18.0,19.0,19.0,19.0,20.0,20.0,20.0,20.0,20.0,21.0,21.0,21.0,21.0,21.0,21.0,22.0,22.0,22.0,22.0,23.0,23.0,23.0,24.0,24.0,24.0,25.0,25.0,25.0,26.0,26.0,26.0,26.0,27.0,27.0,28.0,28.0,29.0,30.0,30.0,30.0,31.0,31.0,31.0,32.0,32.0,33.0,34.0,35.0,35.0,36.0,36.0,36.0,37.0,39.0,40.0,40.0,41.0,41.0,42.0,43.0,45.0,46.0,50.0,51.0,54.0,61.93
청소년,13,13,세,F,028,8993,24.5,27.2,28.7,29.8,30.8,31.6,32.3,32.9,33.5,34.0,34.5,35.0,35.4,35.7,36.1,36.5,36.8,37.1,37.4,37.8,38.1,38.5,38.8,39.1,39.4,39.6,39.9,40.2,40.4,40.7,40.9,41.2,41.5,41.7,41.92,42.2,42.5,42.8,43.0,43.2,43.4,43.7,43.9,44.1,44.4,44.6,44.8,45.1,45.3,45.6,45.8,46.0,46.2,46.5,46.7,46.9,47.2,47.4,47.6,47.8,48.1,48.3,48.5,48.8,49.08,49.3,49.6,49.9,50.1,50.4,50.7,51.0,51.3,51.6,52.0,52.3,52.6,52.9,53.3,53.6,54.0,54.3,54.7,55.2,55.7,56.1,56.5,56.9,57.5,58.1,58.7,59.3,60.2,61.2,62.24,63.3,64.8,67.0,70.0
청소년,13,13,세,F,035,24,29.952,30.504,31.056,31.608,31.83,31.876,31.922,31.968,32.042,32.18,32.318,32.456,32.594,32.996,33.41,33.824,34.238,34.442,34.511,34.58,34.649,34.712,34.758,34.804,34.85,34.896,34.921,34.944,34.967,34.99,35.026,35.072,35.118,35.164,35.215,35.284,35.353,35.422,35.491,35.66,35.844,36.028,36.212,36.504,36.895,37.286,37.677,38.0,38.0,38.0,38.0,38.0,38.019,38.042,38.065,38.088,38.111,38.134,38.157,38.18,38.215,38.33,38.445,38.56,38.675,38.7,38.7,38.7,38.7,38.71,38.733,38.756,38.779,38.806,38.875,38.944,39.013,39.082,39.202,39.34,39.478,39.616,39.745,39.86,39.975,40.09,40.212,40.488,40.764,41.04,41.316,41.448,41.517,41.586,41.655,42.068,43.126,44.184,45.242
청소년,13,13,세,F,037,34,26.686,28.072,29.458,31.132,32.815,34.498,34.631,34.664,34.697,34.7,34.7,34.7,34.845,35.01,35.175,35.564,35.993,36.422,36.527,36.56,36.593,36.704,36.836,36.968,37.1,37.232,37.364,37.616,37.913,38.21,38.346,38.412,38.478,38.544,38.61,38.676,38.7,38.7,38.7,38.72,38.753,38.786,38.819,38.852,38.885,38.9,38.9,38.9,39.019,39.25,39.481,39.632,39.698,39.764,39.83,39.896,39.962,40.028,40.094,40.16,40.2,40.2,40.2,40.248,40.38,40.512,40.622,40.688,40.754,40.81,40.843,40.876,40.9,40.9,40.9,40.988,41.351,41.714,42.0,42.0,42.0,42.006,42.039,42.072,42.1,42.1,42.1,42.104,42.137,42.17,42.224,42.488,42.752,43.01,43.175,43.34,43.522,44.248,44.974
청소년,14,14,세,M,009,5391,2.0,4.0,6.0,8.0,10.0,11.0,12.0,13.0,14.0,15.0,16.0,16.0,17.0,18.0,19.0,20.0,20.0,20.0,21.0,21.0,22.0,22.0,23.0,23.0,24.0,24.0,25.0,25.0,26.0,26.0,27.0,27.0,28.0,28.0,29.0,29.0,30.0,30.0,30.0,31.0,31.0,31.0,32.0,32.0,33.0,33.0,34.0,35.0,35.0,36.0,37.0,37.0,38.0,39.0,40.0,40.0,41.0,41.0,42.0,43.0,44.0,45.0,46.0,48.0,49.0,50.0,50.0,51.0,51.0,53.0,54.0,55.0,57.0,60.0,60.0,62.0,64.0,66.0,70.0,71.0,75.0,80.0,80.0,80.0,80.0,80.0,80.0,80.0,80.0,80.0,80.0,80.0,80.0,80.0,80.0,90.0,90.0,90.0,90.0
청소년,14,14,세,M,010,5598,5.0,12.0,16.0,19.0,21.0,22.0,24.0,25.0,26.0,27.0,27.0,28.0,29.0,30.0,30.0,31.0,32.0,32.0,33.0,34.0,35.0,35.0,36.0,36.0,37.0,37.0,38.0,38.0,39.0,39.0,39.0,40.0,40.0,40.0,41.0,41.0,41.0,42.0,42.0,42.0,43.0,43.0,43.0,44.0,44.0,44.0,45.0,45.0,45.0,45.0,46.0,46.0,46.0,46.0,47.0,47.0,47.0,47.0,48.0,48.0,48.0,48.0,49.0,49.0,49.0,49.0,50.0,50.0,50.0,50.0,50.0,51.0,51.0,51.0,51.0,52.0,52.0,52.0,52.0,53.0,53.0,53.0,53.0,54.0,54.0,54.0,54.0,55.0,55.0,56.0,56.0,56.0,57.0,58.0,58.0,59.0,60.0,61.0,63.0
청소년,14,14,세,M,012,11021,-20.0,-15.0,-14.0,-12.5,-11.4,-10.0,-9.6,-8.7,-8.0,-7.2,-7.0,-6.4,-5.94,-5.1,-5.0,-4.48,-4.0,-3.3,-3.0,-2.1,-1.8,-1.0,-0.7,0.0,0.0,0.2,0.6,1.0,1.1,1.5,1.8,2.0,2.2,2.5,2.8,3.0,3.2,3.5,3.7,4.0,4.0,4.4,4.6,5.0,5.0,5.3,5.5,5.86,6.0,6.2,6.5,6.7,7.0,7.1,7.4,7.6,8.0,8.0,8.3,8.5,8.8,9.0,9.26,9.5,9.8,10.0,10.2,10.5,10.7,11.0,11.1,11.4,11.76,12.0,12.2,12.5,12.9,13.0,13.3,13.6,14.0,14.2,14.6,15.0,15.2,15.52,16.0,16.5,17.0,17.3,18.0,18.5,19.0,19.88,20.5,21.2,22.3,23.7,25.9
청소년,14,14,세,M,013,10943,16.3,16.5484,16.75,16.8868,17.0,17.1,17.2,17.3,17.4,17.5,17.56,17.62,17.7,17.78,17.83,17.9,17.96,18.0,18.09,18.12,18.18,18.22,18.28,18.33,18.39,18.44,18.5,18.53,18.6,18.64,18.7,18.75,18.8,18.85,18.9,18.94,19.0,19.03,19.1,19.15,19.2,19.25,19.31,19.36,19.4,19.45,19.5,19.54,19.6,19.66,19.72,19.77,19.82,19.89,19.94,20.0,20.04,20.1,20.16,20.2,20.25,20.32,20.38,20.4488,20.5,20.57,20.62,20.7,20.77,20.844,20.91,20.99,21.07,21.14,21.22,21.3,21.38,21.47,21.56,21.65,21.75,21.84,21.9586,22.0828,22.16,22.3,22.44,22.6,22.7738,22.91,23.12,23.35,23.6,23.9,24.31,24.78,25.3,26.3416,29.0448
청소년,14,14,세,M,014,10238,0.303,0.353,0.378,0.398,0.4049,0.415,0.422,0.427,0.434,0.44,0.4421,0.45,0.452,0.454,0.462,0.464,0.465,0.469,0.474,0.477,0.477,0.478,0.482,0.486,0.489,0.489,0.49,0.494,0.498,0.501,0.502,0.502,0.503,0.506,0.51,0.514,0.514,0.514,0.515,0.517,0.521,0.524,0.526,0.5263,0.527,0.527,0.53,0.533,0.536,0.539,0.539,0.539,0.539,0.54,0.543,0.547,0.55,0.551,0.551,0.552,0.553,0.556,0.559,0.563,0.564,0.564,0.564,0.565,0.568,0.571,0.575,0.576,0.576,0.577,0.577,0.581,0.584,0.588,0.589,0.589,0.592,0.597,0.601,0.601,0.602,0.607,0.613,0.613,0.614,0.62,0.626,0.626,0.6374,0.639,0.649,0.651,0.663,0.675,0.694
청소년,14,14,세,M,017,10324,37.3467,38.6438,39.4918,40.133,40.6303,41.0941,41.4802,41.836,42.2071,42.4793,42.7851,43.034,43.342,43.5822,43.8145,44.023,44.2496,44.4941,44.698,44.9156,45.068,45.2672,45.5223,45.715,45.8795,46.071,46.2825,46.48,46.6537,46.818,47.0201,47.204,47.4156,47.596,47.7651,47.9463,48.126,48.283,48.447,48.6182,48.7633,48.9183,49.071,49.2295,49.3933,49.518,49.6718,49.837,49.996,50.196,50.3495,50.462,50.5876,50.7164,50.8357,51.0278,51.2041,51.3657,51.524,51.7098,51.8901,52.0963,52.328,52.537,52.688,52.8427,53.0628,53.2959,53.5326,53.7348,53.9943,54.2751,54.519,54.741,54.9865,55.235,55.524,55.7909,56.078,56.4128,56.7336,57.0183,57.3275,57.6143,57.901,58.1328,58.416,58.6402,58.9993,59.397,59.5639,59.8888,60.3099,60.6839,61.5149,62.6872,64.2714,66.5917,70.9636
청소년,14,14,세,M,020,10967,1.0,6.0,10.0,11.0,12.0,13.0,15.0,16.0,16.0,17.0,18.0,20.0,20.0,21.0,21.0,21.0,22.0,22.0,23.0,24.0,25.0,25.0,26.0,27.0,27.0,29.0,30.0,30.0,31.0,31.0,31.0,31.0,32.0,32.0,33.0,34.0,35.0,36.0,36.0,37.0,38.0,40.0,40.0,40.0,41.0,41.0,41.0,41.0,42.0,42.0,43.0,44.0,44.0,45.0,46.0,47.0,48.0,50.0,50.0,50.0,51.0,51.0,51.0,52.0,52.0,53.0,54.0,55.0,56.0,56.0,58.0,59.0,60.0,61.0,61.0,62.0,63.0,64.0,65.0,66.0,67.0,68.0,68.0,69.0,70.0,70.0,71.0,71.0,72.0,74.0,75.0,77.0,80.0,80.0,81.0,84.0,90.0,94.0,100.0
청소년,14,14,세,M,028,11093,27.3,30.4,32.3,33.7,34.7,35.8,36.9,37.7,38.428,39.22,39.9,40.6,41.2,41.8,42.3,42.8,43.3,43.7,44.2,44.64,45.1,45.4,45.8,46.2,46.6,47.0,47.3,47.8,48.2,48.5,48.952,49.4,49.7,50.1,50.4,50.8,51.1,51.5,51.888,52.2,52.5,52.8,53.2,53.448,53.8,54.1,54.5,54.9,55.2,55.5,55.9,56.3,56.6,56.968,57.3,57.7,58.0,58.3,58.7,58.92,59.3,59.6,60.0,60.3,60.7,61.0,61.3,61.7,62.1,62.4,62.8,63.1,63.5,63.8,64.3,64.7,65.1,65.5,65.9,66.4,66.8,67.3,67.8,68.3,68.72,69.3,70.0,70.6,71.4,72.1,72.872,73.7,74.6,75.748,77.0,78.4,80.2,82.4,85.4
청소년,14,14,세,M,035,35,38.106,38.412,38.708,38.844,38.98,39.108,39.176,39.244,39.456,40.34,41.224,42.004,42.446,42.888,43.24,43.376,43.512,43.6,43.6,43.6,43.642,43.744,43.846,43.916,43.95,43.984,44.306,44.884,45.462,45.74,45.808,45.876,45.9,45.9,45.9,45.948,46.016,46.084,46.204,46.34,46.476,46.668,46.872,47.076,47.16,47.228,47.296,47.332,47.366,47.4,47.4,47.4,47.418,47.724,48.03,48.308,48.376,48.444,48.506,48.54,48.574,48.648,48.852,49.056,49.2,49.2,49.2,49.2,49.2,49.2,49.256,49.392,49.528,49.616,49.65,49.684,49.772,49.908,50.044,50.16,50.262,50.364,50.488,50.624,50.76,50.944,51.148,51.352,51.452,51.52,51.588,52.048,52.592,53.136,53.23,53.264,53.298,53.3,53.3
청소년,14,14,세,M,037,59,32.434,33.944,35.916,36.896,37.07,37.388,37.766,38.404,38.998,39.52,40.384,41.428,41.662,41.812,41.87,42.18,42.76,42.944,43.036,44.08,44.854,45.028,45.134,45.192,45.4,45.608,45.666,45.724,45.782,45.88,45.996,46.112,46.368,47.064,47.46,47.576,47.738,47.92,48.21,48.42,48.478,48.536,48.594,48.704,48.81,48.868,48.978,49.152,49.242,49.3,49.416,49.532,49.648,49.828,50.06,50.196,50.3,50.3,50.3,50.3,50.338,50.396,50.454,50.5,50.5,50.584,50.758,50.844,50.902,50.96,51.0,51.0,51.034,51.092,51.2,51.34,51.63,51.968,52.374,52.58,52.696,52.924,53.114,53.172,53.23,53.288,53.668,54.1,54.1,54.12,54.178,54.308,54.482,54.5,54.5,54.5,54.682,55.088,55.452
청소년,14,14,세,F,009,4458,0.0,0.0,0.0,1.0,2.0,2.0,3.0,4.0,4.0,5.0,5.0,6.0,7.0,7.0,8.0,8.0,9.0,10.0,10.0,10.0,11.0,11.0,12.0,12.0,13.0,13.0,13.0,14.0,14.0,15.0,15.0,15.0,16.0,17.0,17.0,17.0,18.0,18.0,18.0,19.0,19.0,20.0,20.0,20.0,20.0,21.0,21.0,21.0,22.0,22.0,22.0,23.0,23.0,24.0,24.0,24.0,25.0,25.0,26.0,26.0,27.0,27.0,28.0,28.0,29.0,30.0,30.0,30.0,31.0,31.0,32.0,32.0,33.0,34.0,35.0,36.0,37.0,38.0,40.0,40.0,41.0,42.0,43.0,45.0,47.0,50.0,50.0,52.0,53.0,58.0,58.0,60.0,60.0,61.0,66.0,80.0,80.0,80.0,80.0
청소년,14,14,세,F,010,3787,2.0,5.0,9.58,12.0,12.0,13.0,14.0,15.0,16.0,16.0,17.0,17.0,18.0,18.0,19.0,19.0,19.0,20.0,20.0,20.0,21.0,21.0,21.0,22.0,22.0,22.0,22.0,23.0,23.0,23.0,24.0,24.0,24.0,24.0,25.0,25.0,25.0,26.0,26.0,26.0,26.0,27.0,27.0,27.0,28.0,28.0,28.0,29.0,29.0,29.0,30.0,30.0,30.0,30.0,31.0,31.0,31.0,32.0,32.0,32.0,33.0,33.0,33.0,34.0,34.0,34.0,35.0,35.0,35.0,36.0,36.0,36.0,37.0,37.0,38.0,38.0,38.0,39.0,39.0,40.0,40.0,41.0,41.0,42.0,42.0,43.0,44.0,44.0,45.0,46.0,46.0,47.0,48.0,49.0,50.0,51.0,52.0,54.0,56.0
청소년,14,14,세,F,012,8267,-15.0,-11.8,-9.802,-8.0,-7.0,-5.5,-4.5,-3.3,-2.5,-1.7,-0.5,0.0,0.5,1.0,1.5,2.0,2.3,2.9,3.1,3.6,4.0,4.3,4.7,5.0,5.4,5.7,6.0,6.348,6.8,7.0,7.3,7.6,8.0,8.2,8.6,9.0,9.1,9.5,9.7,10.0,10.2,10.5,10.8,11.0,11.2,11.5,11.7,12.0,12.2,12.5,12.8,13.0,13.3,13.6,14.0,14.0,14.3,14.5,15.0,15.1,15.5,15.6,16.0,16.2,16.5,16.8,17.0,17.1,17.5,17.7,18.0,18.2,18.5,19.0,19.0,19.4,19.7,20.0,20.2,20.6,21.0,21.1,21.5,21.8,22.0,22.5,23.0,23.3,23.674,24.04,24.6,25.0,25.6,26.2,27.0,27.8,28.5,30.0,31.0
청소년,14,14,세,F,013,8212,18.14,18.5122,18.75,18.94,19.15,19.2966,19.4677,19.57,19.68,19.78,19.88,19.97,20.05,20.15,20.22,20.31,20.39,20.47,20.53,20.6,20.6731,20.74,20.8,20.87,20.9375,21.0,21.0697,21.12,21.19,21.22,21.2941,21.34,21.4,21.46,21.5,21.5896,21.63,21.7,21.75,21.81,21.88,21.9362,22.0,22.06,22.12,22.1706,22.22,22.29,22.34,22.4,22.44,22.5,22.58,22.64,22.7,22.76,22.8127,22.9,22.96,23.006,23.1,23.15,23.2,23.27,23.35,23.42,23.5,23.56,23.62,23.7,23.78,23.88,23.96,24.04,24.15,24.22,24.31,24.41,24.5069,24.61,24.72,24.82,24.94,25.09,25.2035,25.3746,25.5357,25.75,25.94,26.2,26.4101,26.7324,27.0746,27.4234,27.86,28.4356,29.1567,30.0,32.0
청소년,14,14,세,F,014,7610,0.2722,0.291,0.303,0.315,0.327,0.3345,0.341,0.346,0.3528,0.355,0.362,0.365,0.366,0.373,0.377,0.378,0.379,0.383,0.388,0.39,0.39,0.391,0.394,0.397,0.401,0.402,0.402,0.403,0.404,0.407,0.409,0.412,0.414,0.415,0.415,0.415,0.417,0.419,0.422,0.426,0.427,0.427,0.427,0.428,0.429,0.431,0.434,0.436,0.439,0.439,0.44,0.44,0.44,0.442,0.444,0.447,0.449,0.451,0.452,0.452,0.452,0.453,0.455,0.458,0.461,0.464,0.464,0.465,0.465,0.466,0.469,0.472,0.475,0.477,0.477,0.477,0.477,0.48,0.484,0.489,0.489,0.49,0.49,0.495,0.5,0.501,0.502,0.503,0.51,0.514,0.514,0.518,0.526,0.527,0.535,0.539,0.551,0.565,0.5929
청소년,14,14,세,F,017,7727,38.7504,40.4191,41.3397,42.1754,42.6206,43.0694,43.5933,43.945,44.3287,44.6736,44.9756,45.3382,45.6338,45.9042,46.1779,46.4376,46.6734,46.8797,47.1518,47.3982,47.6448,47.8367,48.073,48.269,48.4785,48.6938,48.8931,49.0853,49.2677,49.5156,49.694,49.891,50.065,50.3064,50.4721,50.622,50.7769,50.9626,51.1484,51.3504,51.5396,51.7187,51.9075,52.1436,52.3321,52.4948,52.646,52.795,52.9987,53.182,53.41,53.591,53.7903,53.9661,54.1998,54.4436,54.643,54.809,54.9754,55.1866,55.4109,55.6401,55.8851,56.0863,56.3386,56.5733,56.7924,56.98,57.1889,57.407,57.6159,57.8742,58.1038,58.2732,58.4465,58.6278,58.831,59.0558,59.2791,59.462,59.5971,59.8183,60.086,60.397,60.5906,60.8814,61.2949,61.7348,62.2456,62.7204,63.359,63.8817,64.7561,65.4505,66.5259,68.1416,69.5414,71.6904,77.5368
청소년,14,14,세,F,020,8230,0.0,5.0,7.0,8.0,9.0,10.0,10.0,10.0,11.0,11.0,11.0,12.0,12.0,12.0,12.0,13.0,13.0,13.0,14.0,14.0,14.0,15.0,15.0,15.0,15.0,16.0,16.0,16.0,16.0,16.0,17.0,17.0,17.0,17.0,18.0,18.0,18.0,19.0,19.0,19.0,20.0,20.0,20.0,20.0,20.0,21.0,21.0,21.0,21.0,21.0,21.0,22.0,22.0,22.0,22.0,23.0,23.0,23.0,24.0,24.0,24.0,25.0,25.0,25.0,25.0,26.0,26.0,26.0,27.0,27.0,28.0,29.0,30.0,30.0,30.0,31.0,31.0,31.0,32.0,32.0,33.0,34.0,34.0,35.0,36.0,37.0,38.0,40.0,40.0,41.0,41.0,42.0,44.0,45.0,46.0,48.0,51.0,53.42,62.0
청소년,14,14,세,F,028,8330,25.2,27.5,29.0,30.0,30.9,31.7,32.4,33.0,33.5,34.1,34.5,34.9,35.4,35.9,36.3,36.7,37.0,37.4,37.7,38.0,38.4,38.6,38.9,39.296,39.525,39.8,40.1,40.4,40.6,40.9,41.2,41.428,41.7,41.9,42.2,42.4,42.6,42.8,43.1,43.3,43.6,43.9,44.1,44.3,44.6,44.8,45.0,45.2,45.4,45.7,45.9,46.1,46.4,46.7,46.9,47.1,47.3,47.5,47.8,48.04,48.3,48.6,48.8,49.1,49.3,49.5,49.8,50.1,50.4,50.7,51.0,51.2,51.5,51.8,52.2,52.4,52.7,53.0,53.3,53.6,54.0,54.4,54.8,55.136,55.7,56.1,56.6,57.0,57.581,58.1,58.7,59.368,60.0,60.9,62.1,63.3,64.7,66.542,69.442
청소년,14,14,세,F,035,22,16.302,19.704,23.106,26.508,29.21,29.672,30.134,30.596,31.058,31.31,31.331,31.352,31.373,31.394,31.46,31.544,31.628,31.712,31.796,31.96,32.128,32.296,32.464,32.612,32.675,32.738,32.801,32.864,32.9,32.9,32.9,32.9,32.9,32.956,33.04,33.124,33.208,33.292,33.528,33.78,34.032,34.284,34.527,34.716,34.905,35.094,35.283,35.408,35.429,35.45,35.471,35.492,35.552,35.636,35.72,35.804,35.888,35.918,35.939,35.96,35.981,36.018,36.207,36.396,36.585,36.774,36.935,37.04,37.145,37.25,37.355,37.436,37.499,37.562,37.625,37.688,37.938,38.232,38.526,38.82,39.114,39.408,39.702,39.996,40.29,40.554,40.743,40.932,41.121,41.31,41.488,41.656,41.824,41.992,42.16,42.232,42.274,42.316,42.358
청소년,14,14,세,F,037,58,26.339,27.934,29.701,30.852,31.365,31.5,31.5,31.948,32.391,32.79,33.027,33.084,33.223,33.394,33.895,34.312,34.369,34.556,34.898,35.12,35.291,35.354,35.422,35.536,35.625,35.682,35.778,35.892,36.271,36.66,37.002,37.248,37.362,37.476,37.59,37.704,37.809,37.866,37.923,37.98,38.0,38.0,38.102,38.208,38.265,38.3,38.3,38.48,38.765,38.95,39.107,39.164,39.326,39.668,39.905,40.076,40.345,40.606,40.663,40.7,40.7,40.7,40.7,40.748,40.8,40.8,40.876,41.104,41.233,41.29,41.3,41.304,41.361,41.436,41.55,41.632,41.689,41.7,41.703,41.76,41.8,41.8,41.831,41.888,41.945,42.0,42.0,42.032,42.146,42.23,42.287,42.74,43.304,43.532,43.82,44.276,44.906,45.704,45.9
청소년,15,15,세,M,009,6881,1.0,4.0,6.0,8.0,10.0,10.0,12.0,13.0,14.0,15.0,15.0,16.0,17.0,18.0,19.0,19.0,20.0,20.0,20.0,20.0,21.0,21.0,22.0,22.0,23.0,23.0,24.0,24.0,25.0,25.0,25.0,26.0,26.0,27.0,27.0,28.0,28.0,29.0,30.0,30.0,30.0,30.0,30.0,31.0,31.0,32.0,32.0,32.0,33.0,34.0,34.0,35.0,35.0,36.0,37.0,37.0,38.0,39.0,40.0,40.0,40.0,41.0,41.4,42.0,43.0,44.0,45.0,46.0,48.0,49.0,50.0,50.0,51.0,52.0,53.0,55.0,56.0,58.0,60.0,61.0,62.0,64.6,68.0,70.0,74.0,80.0,80.0,80.0,80.0,80.0,80.0,80.0,80.0,80.0,90.0,90.0,95.0,100.0,100.0
청소년,15,15,세,M,010,9437,7.0,15.0,18.0,21.0,23.0,24.0,25.0,27.0,28.0,28.0,29.0,30.0,31.0,32.0,32.0,33.0,34.0,34.0,35.0,35.0,36.0,37.0,37.0,38.0,38.0,39.0,39.0,40.0,40.0,40.0,40.0,41.0,41.0,42.0,42.0,42.0,42.0,43.0,43.0,43.0,44.0,44.0,44.0,45.0,45.0,45.0,45.92,46.0,46.0,46.0,47.0,47.0,47.0,47.0,48.0,48.0,48.0,48.0,49.0,49.0,49.0,50.0,50.0,50.0,50.0,50.0,50.0,51.0,51.0,51.0,51.0,52.0,52.0,52.0,52.0,53.0,53.0,53.0,53.0,54.0,54.0,54.0,54.0,55.0,55.0,55.0,56.0,56.0,56.0,57.0,57.0,58.0,58.0,59.0,59.0,60.0,61.0,62.0,63.0
청소년,15,15,세,M,012,16381,-18.5,-15.0,-13.5,-12.0,-10.8,-10.0,-9.0,-8.0,-7.3,-7.0,-6.0,-5.4,-5.0,-4.5,-3.9,-3.0,-2.5,-2.0,-1.3,-1.0,-0.1,0.0,0.0,0.5,1.0,1.0,1.5,1.8,2.0,2.2,2.5,3.0,3.0,3.3,3.7,4.0,4.1,4.4,4.6,5.0,5.0,5.4,5.7,6.0,6.2,6.5,6.7,7.0,7.1,7.5,7.7,8.0,8.2,8.5,8.7,9.0,9.1,9.4,9.6,10.0,10.0,10.4,10.7,11.0,11.0,11.4,11.6,12.0,12.0,12.4,12.6,13.0,13.0,13.4,13.7,14.0,14.2,14.5,14.9,15.0,15.4,15.7,16.0,16.3,16.7,17.0,17.5,18.0,18.3,18.9,19.2,19.96,20.5,21.0,21.9,22.8,23.6,25.0,27.0
청소년,15,15,세,M,013,16262,16.0661,16.36,16.54,16.69,16.8,16.9,17.0,17.1,17.18,17.25,17.32,17.4,17.46,17.51,17.58,17.62,17.69,17.75,17.8,17.86,17.9,17.96,18.0,18.06,18.1,18.16,18.2,18.26,18.3,18.36,18.4,18.45,18.5,18.54,18.59,18.63,18.68,18.72,18.78,18.81,18.87,18.91,18.97,19.0,19.06,19.1,19.16,19.2,19.25,19.3,19.35,19.4,19.45,19.5,19.56,19.6,19.66,19.71,19.78,19.82,19.89,19.94,20.0,20.06,20.11,20.17,20.2287,20.3048,20.38,20.45,20.52,20.6,20.68,20.75,20.81,20.9,20.97,21.06,21.14,21.25,21.34,21.45,21.56,21.69,21.8,21.93,22.06,22.21,22.36,22.53,22.72,22.94,23.16,23.4634,23.7895,24.1856,24.8,25.81,27.8451
청소년,15,15,세,M,014,15520,0.3412,0.382,0.403,0.4178,0.428,0.439,0.443,0.452,0.457,0.464,0.467,0.472,0.477,0.477,0.482,0.488,0.489,0.492,0.497,0.501,0.502,0.502,0.506,0.51,0.513,0.514,0.514,0.516,0.519,0.522,0.525,0.526,0.527,0.527,0.5296,0.533,0.536,0.539,0.539,0.539,0.54,0.544,0.547,0.55,0.551,0.551,0.552,0.552,0.555,0.558,0.56,0.562,0.563,0.564,0.564,0.565,0.568,0.571,0.574,0.576,0.576,0.576,0.577,0.58,0.583,0.586,0.588,0.589,0.589,0.589,0.592,0.595,0.599,0.601,0.601,0.601,0.603,0.607,0.61,0.613,0.613,0.614,0.617,0.621,0.625,0.626,0.629,0.634,0.638,0.639,0.643,0.65,0.651,0.661,0.663,0.674,0.6814,0.6936,0.713
청소년,15,15,세,M,017,14835,36.4867,37.892,38.702,39.2614,39.7441,40.206,40.6294,40.9237,41.2482,41.5714,41.8487,42.1352,42.4034,42.672,42.8951,43.1088,43.324,43.5411,43.7309,43.9356,44.112,44.303,44.5188,44.714,44.904,45.1115,45.2912,45.4605,45.6099,45.785,45.934,46.115,46.2562,46.446,46.5809,46.7292,46.8956,47.0698,47.2335,47.3866,47.55,47.735,47.8906,48.07,48.2593,48.4326,48.607,48.7526,48.9377,49.102,49.2743,49.4467,49.613,49.7851,49.96,50.156,50.3234,50.4417,50.5711,50.7324,50.899,51.102,51.2954,51.4723,51.6622,51.8504,52.0676,52.2911,52.518,52.719,52.9416,53.1914,53.432,53.668,53.929,54.1738,54.4194,54.6541,54.8869,55.208,55.4991,55.7889,56.135,56.5071,56.8473,57.2025,57.561,58.0159,58.4468,58.942,59.3988,59.6758,60.1713,60.7238,61.5633,62.8214,64.4348,66.6326,71.0884
청소년,15,15,세,M,020,16179,0.0,5.0,10.0,11.0,12.0,14.0,15.0,16.0,17.0,18.0,20.0,20.0,21.0,21.0,22.0,22.0,23.0,24.0,24.0,25.0,26.0,26.0,27.0,28.0,29.0,30.0,30.0,31.0,31.0,31.0,32.0,32.0,32.0,33.0,34.0,35.0,36.0,36.0,37.0,38.0,40.0,40.0,40.0,41.0,41.0,41.0,42.0,42.0,43.0,43.0,44.0,44.0,45.0,46.0,46.0,47.0,48.0,49.0,50.0,50.0,51.0,51.0,51.0,52.0,52.0,53.0,54.0,55.0,56.0,56.0,57.0,58.0,59.0,60.0,61.0,61.0,61.0,62.0,63.0,64.0,65.0,67.0,68.0,69.0,70.0,70.0,70.0,71.0,71.0,72.0,73.0,75.0,77.0,80.0,80.0,82.0,84.0,90.0,100.0
청소년,15,15,세,M,028,16595,28.894,32.1,34.2,35.8,37.0,38.2,39.1,39.9,40.7,41.5,42.2,42.9,43.5,44.1,44.6,45.1,45.6,46.1,46.6,47.0,47.5,47.9,48.4,48.8,49.2,49.5,49.9,50.3,50.7,51.0,51.4,51.8,52.2,52.6,52.9,53.3,53.6,54.0,54.366,54.7,55.1,55.448,55.8,56.1,56.4,56.8,57.1,57.4,57.706,58.1,58.4,58.7,59.0,59.4,59.7,60.0,60.4,60.7,61.0,61.4,61.7,62.1,62.4,62.7,63.1,63.4,63.7,64.1,64.4,64.8,65.1,65.568,65.9,66.2,66.6,67.0,67.5,67.8,68.2,68.7,69.1,69.6,70.1,70.6,71.1,71.6,72.2,72.9,73.7,74.3,74.954,75.8,76.6,77.7,78.9,80.3,82.018,84.5,88.0
청소년,15,15,세,M,035,52,37.202,37.32,37.83,38.368,39.235,40.03,40.285,40.556,40.913,41.21,41.261,41.3,41.3,41.342,41.495,41.616,41.667,41.736,41.838,41.98,42.184,42.322,42.373,42.616,43.075,43.352,43.454,43.78,44.29,44.53,44.581,44.664,44.766,44.834,44.885,45.044,45.248,45.338,45.389,45.4,45.4,45.484,45.586,45.996,46.455,46.546,46.597,46.744,46.897,47.1,47.3,47.3,47.312,47.516,47.7,47.7,47.7,47.7,47.727,47.88,48.022,48.124,48.213,48.264,48.36,48.564,48.734,48.836,48.938,49.04,49.1,49.1,49.123,49.174,49.275,49.428,49.797,50.358,50.6,50.6,50.693,50.846,50.933,50.984,51.0,51.0,51.037,51.088,51.178,51.28,51.341,51.392,51.443,51.494,52.22,53.036,53.241,53.394,53.596
청소년,15,15,세,M,037,294,35.672,37.158,37.795,38.172,38.6,38.9,39.4,39.9,40.337,40.4,40.7,41.132,41.527,41.802,42.095,42.288,42.6,42.7,42.767,42.9,43.0,43.1,43.2,43.2,43.325,43.5,43.511,43.7,43.997,44.09,44.2,44.2,44.4,44.5,44.6,44.9,45.1,45.2,45.3,45.4,45.5,45.6,45.6,45.792,45.9,46.0,46.0,46.228,46.4,46.45,46.5,46.536,46.6,46.722,46.815,47.0,47.1,47.2,47.287,47.3,47.3,47.466,47.5,47.6,47.7,47.738,47.8,48.0,48.1,48.11,48.203,48.3,48.3,48.4,48.5,48.668,48.8,48.8,48.9,48.94,49.1,49.226,49.4,49.512,49.605,49.798,50.0,50.2,50.277,50.3,50.563,50.8,51.0,51.242,51.67,52.0,53.105,53.684,55.542
청소년,15,15,세,F,009,5512,0.0,0.0,0.0,1.0,2.0,2.0,3.0,3.0,4.0,5.0,5.0,6.0,7.0,7.0,8.0,8.0,9.0,10.0,10.0,10.0,10.0,11.0,11.0,12.0,12.0,13.0,13.0,13.08,14.0,14.0,15.0,15.0,15.0,16.0,16.0,17.0,17.0,17.0,18.0,18.0,19.0,19.0,20.0,20.0,20.0,20.0,20.0,21.0,21.0,21.0,22.0,22.0,22.0,23.0,23.0,24.0,24.0,25.0,25.0,25.0,26.0,26.0,27.0,27.0,28.0,28.0,29.0,29.0,30.0,30.0,30.0,31.0,31.0,32.0,32.0,33.0,34.0,35.0,35.0,36.0,37.0,38.0,40.0,40.0,40.0,40.0,42.0,44.0,45.0,48.0,50.0,51.0,53.0,57.0,60.0,63.0,71.0,80.0,80.0
청소년,15,15,세,F,010,6821,1.0,6.0,8.0,10.0,12.0,12.2,13.0,14.0,15.0,15.0,16.0,16.0,17.0,17.0,18.0,18.0,19.0,19.0,19.0,20.0,20.0,20.0,20.0,21.0,21.0,21.0,22.0,22.0,22.0,22.0,23.0,23.0,23.0,23.0,24.0,24.0,24.0,25.0,25.0,25.0,26.0,26.0,26.0,26.0,27.0,27.0,27.0,28.0,28.0,28.0,28.0,29.0,29.0,29.0,30.0,30.0,30.0,30.0,31.0,31.0,31.0,32.0,32.0,32.0,33.0,33.0,34.0,34.0,34.0,35.0,35.0,35.0,36.0,36.0,36.0,37.0,37.0,38.0,38.0,39.0,39.0,40.0,40.0,41.0,41.0,42.0,42.0,43.0,44.0,44.0,45.0,46.0,47.0,48.0,49.0,50.0,51.0,53.0,55.0
청소년,15,15,세,F,012,12416,-14.8,-11.0,-9.3,-7.24,-6.0,-5.0,-3.5,-2.4,-1.5,-0.3,0.0,0.8,1.3,2.0,2.2,2.8,3.0,3.5,4.0,4.3,4.9,5.03,5.5,6.0,6.3,6.7,7.0,7.3,7.7,8.0,8.2,8.5,9.0,9.1,9.5,9.8,10.0,10.2,10.5,11.0,11.0,11.4,11.6,12.0,12.1,12.5,12.7,13.0,13.2,13.5,13.7,14.0,14.2,14.5,14.9,15.0,15.2,15.5,15.9,16.0,16.3,16.5,16.8,17.0,17.2,17.5,17.7,18.0,18.2,18.5,18.9,19.0,19.3,19.6,20.0,20.14,20.5,21.0,21.1,21.5,21.8,22.0,22.3,22.7,23.0,23.2,23.7,24.0,24.5,25.0,25.3,26.0,26.4,27.0,27.5,28.0,29.0,30.0,31.385
청소년,15,15,세,F,013,12306,18.28,18.671,18.91,19.1,19.25,19.4,19.5335,19.68,19.8,19.9,20.0,20.1,20.1865,20.257,20.34,20.42,20.51,20.6,20.67,20.73,20.8,20.87,20.93,21.0,21.06,21.12,21.19,21.25,21.3,21.36,21.41,21.48,21.53,21.6,21.65,21.7,21.77,21.82,21.9,21.95,22.0,22.07,22.12,22.19,22.25,22.31,22.37,22.43,22.5,22.56,22.6055,22.68,22.72,22.78,22.84,22.9,22.98,23.03,23.1,23.16,23.22,23.3,23.37,23.42,23.5,23.54,23.6,23.69,23.75,23.83,23.93,24.02,24.12,24.21,24.3075,24.4,24.48,24.58,24.67,24.77,24.85,24.97,25.1,25.22,25.34,25.5,25.6735,25.87,26.03,26.265,26.47,26.72,27.0,27.31,27.75,28.3,29.0085,29.94,31.929
청소년,15,15,세,F,014,11857,0.2756,0.303,0.32,0.331,0.34,0.346,0.353,0.358,0.365,0.366,0.371,0.376,0.378,0.379,0.383,0.387,0.39,0.39,0.392,0.396,0.399,0.402,0.402,0.403,0.404,0.408,0.41,0.413,0.414,0.415,0.415,0.416,0.419,0.421,0.424,0.426,0.427,0.427,0.427,0.428,0.43,0.432,0.434,0.436,0.439,0.439,0.44,0.44,0.44,0.441,0.444,0.446,0.449,0.451,0.452,0.452,0.452,0.452,0.453,0.456,0.458,0.461,0.463,0.464,0.464,0.465,0.465,0.467,0.47,0.4722,0.475,0.477,0.477,0.477,0.477,0.48,0.483,0.487,0.489,0.489,0.49,0.49,0.494,0.499,0.501,0.502,0.502,0.506,0.513,0.514,0.515,0.522,0.527,0.5286,0.539,0.54,0.551,0.564,0.589
청소년,15,15,세,F,017,11237,38.6305,40.2201,41.1062,41.7439,42.382,42.832,43.2165,43.7018,44.0802,44.4152,44.7668,45.109,45.4424,45.7162,46.0216,46.3115,46.553,46.7685,47.0652,47.2954,47.5551,47.7759,47.973,48.226,48.423,48.622,48.812,49.0172,49.2383,49.4158,49.616,49.827,50.017,50.2385,50.4092,50.564,50.746,50.9037,51.0942,51.275,51.472,51.672,51.827,52.0315,52.22,52.392,52.5448,52.7,52.8933,53.104,53.3137,53.498,53.6742,53.8274,54.0604,54.271,54.481,54.6745,54.809,55.0288,55.2199,55.4083,55.5987,55.843,56.1042,56.352,56.5706,56.794,56.9908,57.1532,57.3534,57.571,57.793,58.0156,58.258,58.4924,58.7186,58.9831,59.2374,59.454,59.6532,59.9395,60.209,60.4575,60.7428,61.1999,61.7006,62.2947,62.8321,63.319,64.0034,64.6099,65.533,66.575,67.6516,68.8996,70.794,74.1395,80.0235
청소년,15,15,세,F,020,12416,0.0,5.0,7.0,8.0,9.0,10.0,10.0,11.0,11.0,11.0,11.0,12.0,12.0,12.0,13.0,13.0,13.0,14.0,14.0,14.0,14.0,15.0,15.0,15.0,15.0,16.0,16.0,16.0,16.0,16.0,17.0,17.0,17.0,17.0,18.0,18.0,18.0,18.0,19.0,19.0,19.0,20.0,20.0,20.0,20.0,20.0,21.0,21.0,21.0,21.0,21.0,21.0,22.0,22.0,22.0,23.0,23.0,23.0,24.0,24.0,24.0,25.0,25.0,25.0,25.0,26.0,26.0,26.0,26.0,27.0,27.0,28.0,28.0,29.0,30.0,30.0,30.0,31.0,31.0,31.0,32.0,32.0,33.0,34.0,34.0,35.0,36.0,37.0,38.0,40.0,41.0,42.0,43.0,45.0,46.0,50.0,50.0,52.0,56.0
청소년,15,15,세,F,028,12599,24.9,27.4,28.8,29.9,30.8,31.5,32.3,32.9,33.4,34.0,34.4,35.0,35.5,35.9,36.3,36.7,37.1,37.5,37.8,38.1,38.4,38.8,39.1,39.4,39.7,40.0,40.3,40.6,40.842,41.1,41.3,41.6,41.8,42.1,42.4,42.6,42.826,43.1,43.3,43.4,43.6,43.9,44.1,44.312,44.6,44.8,45.1,45.3,45.5,45.7,46.0,46.2,46.5,46.7,46.9,47.2,47.4,47.6,47.9,48.1,48.4,48.6,48.8,49.0,49.3,49.6,49.8,50.1,50.3,50.6,50.9,51.1,51.4,51.7,52.0,52.3,52.5,52.9,53.2,53.6,53.9,54.3,54.6,55.1,55.5,56.0,56.5,57.0,57.5,58.0,58.7,59.3,60.0,60.8,61.6,62.808,64.3,66.4,69.5
청소년,15,15,세,F,035,28,30.618,31.536,32.454,33.108,33.135,33.162,33.189,33.2,33.2,33.2,33.2,33.248,33.302,33.356,33.445,33.688,33.931,34.174,34.326,34.38,34.434,34.488,34.563,34.644,34.725,34.804,34.858,34.912,34.966,35.01,35.037,35.064,35.091,35.136,35.19,35.244,35.298,35.326,35.353,35.38,35.414,35.468,35.522,35.576,35.72,35.936,36.152,36.368,36.469,36.55,36.631,36.72,36.855,36.99,37.125,37.236,37.317,37.398,37.479,37.52,37.547,37.574,37.605,37.74,37.875,38.01,38.1,38.1,38.1,38.1,38.117,38.144,38.171,38.198,38.3,38.408,38.516,38.636,38.798,38.96,39.122,39.326,39.569,39.812,40.055,40.364,40.688,41.012,41.36,41.9,42.44,42.98,43.432,43.756,44.08,44.404,44.538,44.592,44.646
청소년,15,15,세,F,037,89,27.556,28.308,28.82,29.26,29.58,29.952,30.648,30.912,31.176,31.2,31.948,32.748,33.144,33.232,33.32,33.416,33.592,34.188,34.372,34.52,34.744,34.972,35.124,35.236,35.5,35.5,35.652,35.764,35.8,35.8,35.828,35.916,36.0,36.0,36.24,36.504,36.6,36.6,36.632,36.7,36.724,36.988,37.084,37.244,37.42,37.5,37.644,37.9,37.912,38.0,38.44,38.5,38.5,38.5,38.5,38.528,38.616,38.708,38.884,38.9,38.968,39.056,39.144,39.2,39.26,39.5,39.5,39.584,39.672,39.88,40.048,40.136,40.224,40.3,40.3,40.564,40.676,40.764,40.904,41.04,41.156,41.348,41.6,41.6,41.68,41.768,41.856,41.988,42.132,42.3,42.708,42.796,42.884,42.9,43.02,43.1,43.424,44.048,44.236
청소년,16,16,세,M,009,7565,2.0,4.0,6.0,9.0,10.0,11.0,12.0,14.0,14.0,15.0,16.0,17.0,17.0,18.0,19.0,20.0,20.0,20.0,20.0,21.0,21.0,21.0,22.0,22.0,23.0,23.0,24.0,24.0,25.0,25.0,25.0,26.0,26.0,27.0,27.0,28.0,28.0,29.0,29.0,30.0,30.0,30.0,30.0,30.0,31.0,31.0,31.0,32.0,32.0,33.0,33.0,34.0,34.0,35.0,35.0,36.0,37.0,37.0,38.0,39.0,40.0,40.0,40.0,41.0,42.0,42.0,43.0,44.0,45.0,46.0,47.0,49.0,50.0,50.0,51.0,52.0,53.0,54.0,56.0,59.0,60.0,61.0,63.0,65.0,69.0,71.0,75.0,80.0,80.0,80.0,80.0,80.0,80.0,80.0,85.0,90.0,100.0,100.0,100.0
청소년,16,16,세,M,010,11337,5.0,13.0,18.0,21.0,23.0,25.0,27.0,28.0,29.0,30.0,31.0,32.0,32.0,33.0,34.0,35.0,35.0,36.0,36.0,37.0,38.0,38.0,39.0,39.0,40.0,40.0,40.0,41.0,41.0,42.0,42.0,42.0,43.0,43.0,43.0,44.0,44.0,44.0,45.0,45.0,45.0,46.0,46.0,46.0,46.0,47.0,47.0,47.0,47.0,48.0,48.0,48.0,48.0,49.0,49.0,49.0,50.0,50.0,50.0,50.0,50.0,50.0,51.0,51.0,51.0,51.0,52.0,52.0,52.0,52.0,52.0,53.0,53.0,53.0,53.0,54.0,54.0,54.0,54.0,55.0,55.0,55.0,55.0,56.0,56.0,56.0,56.0,57.0,57.0,58.0,58.0,58.0,59.0,59.0,60.0,60.0,61.0,62.0,64.0
청소년,16,16,세,M,012,19068,-18.3,-15.0,-13.0,-11.6,-10.0,-9.8,-8.8,-8.0,-7.0,-6.5,-5.7,-5.0,-4.5,-3.8,-3.0,-2.4,-1.8,-1.0,-0.5,0.0,0.0,0.2,0.6,1.0,1.2,1.6,2.0,2.1,2.5,2.8,3.0,3.3,3.6,4.0,4.0,4.3,4.6,5.0,5.1,5.4,5.7,6.0,6.2,6.5,6.8,7.0,7.2,7.5,7.8,8.0,8.2,8.5,8.8,9.0,9.2,9.5,9.8,10.0,10.2,10.5,10.7,11.0,11.2,11.5,11.7,12.0,12.1,12.4,12.7,13.0,13.1,13.5,13.8,14.0,14.2,14.5,15.0,15.0,15.4,15.7,16.0,16.3,16.6,17.0,17.3,17.7,18.0,18.5,19.0,19.5,20.0,20.5,21.0,21.8,22.5,23.2,24.2,25.4,27.5
청소년,16,16,세,M,013,18895,15.9,16.19,16.37,16.5,16.6,16.7,16.8,16.9,16.96,17.02,17.1,17.16,17.22,17.29,17.35,17.4,17.46,17.5,17.56,17.6,17.66,17.7,17.77,17.81,17.87,17.91,17.97,18.0,18.06,18.1,18.16,18.2,18.24,18.28,18.32,18.38,18.41,18.47,18.5,18.56,18.6,18.66,18.7,18.75,18.8,18.84,18.88,18.9212,18.98,19.01,19.09,19.1288,19.19,19.22,19.28,19.32,19.3858,19.44,19.5,19.55,19.6,19.66,19.71,19.78,19.82,19.9,19.95,20.0,20.1,20.138,20.2,20.28,20.35,20.42,20.5,20.59,20.69,20.7632,20.86,20.94,21.03,21.13,21.23,21.34,21.46,21.58,21.71,21.86,22.0,22.2,22.4,22.64,22.87,23.16,23.55,24.0,24.65,25.8012,28.1
청소년,16,16,세,M,014,18357,0.3596,0.4,0.416,0.431,0.44,0.4504,0.456,0.464,0.468,0.475,0.477,0.482,0.489,0.49,0.494,0.499,0.502,0.502,0.506,0.509,0.513,0.514,0.515,0.518,0.521,0.525,0.526,0.527,0.529,0.532,0.535,0.538,0.539,0.539,0.54,0.543,0.546,0.548,0.551,0.551,0.552,0.552,0.555,0.558,0.561,0.563,0.564,0.564,0.564,0.567,0.569,0.572,0.575,0.576,0.576,0.577,0.578,0.581,0.584,0.586,0.588,0.589,0.589,0.59,0.592,0.595,0.598,0.601,0.601,0.601,0.603,0.606,0.609,0.611,0.613,0.614,0.614,0.617,0.621,0.625,0.626,0.626,0.63,0.634,0.638,0.638,0.64,0.6463,0.65,0.651,0.658,0.663,0.664,0.673,0.676,0.685,0.69,0.701,0.722
청소년,16,16,세,M,017,17215,35.7168,36.8762,37.7397,38.3556,38.8562,39.3208,39.697,40.0074,40.2985,40.5724,40.7945,41.0241,41.2728,41.545,41.751,41.9455,42.154,42.3546,42.5447,42.739,42.928,43.1211,43.2984,43.4984,43.6885,43.8666,44.0188,44.1969,44.3932,44.5712,44.7543,44.9025,45.0555,45.232,45.397,45.558,45.7224,45.868,45.9965,46.1562,46.3127,46.503,46.663,46.8192,46.9863,47.144,47.2786,47.4567,47.6069,47.801,47.998,48.1613,48.3464,48.4946,48.642,48.8428,49.02,49.2001,49.362,49.5168,49.6951,49.893,50.0788,50.258,50.425,50.5702,50.7539,50.9665,51.1817,51.3658,51.56,51.73,51.971,52.2554,52.517,52.7046,52.9668,53.2605,53.5281,53.7624,54.079,54.385,54.6222,54.9156,55.2789,55.705,56.1367,56.5806,57.0044,57.5416,58.1257,58.7926,59.457,60.0095,60.5656,61.6572,63.1922,65.5141,69.747
청소년,16,16,세,M,020,18461,0.0,1.0,6.0,10.0,11.0,12.0,14.0,15.0,16.0,17.0,18.0,20.0,20.0,21.0,21.0,21.0,22.0,23.0,24.0,24.0,25.0,26.0,26.0,28.0,29.0,30.0,30.0,31.0,31.0,31.0,31.0,32.0,32.0,33.0,33.0,34.0,35.0,36.0,36.0,37.0,38.0,39.0,40.0,40.0,41.0,41.0,41.0,42.0,42.0,43.0,43.0,44.0,45.0,45.0,46.0,46.0,47.0,48.0,49.0,50.0,50.0,51.0,51.0,51.0,52.0,52.0,53.0,54.0,55.0,55.0,56.0,57.0,58.0,60.0,60.0,61.0,61.0,61.0,62.0,63.0,64.0,65.0,66.0,68.0,70.0,70.0,71.0,71.8,72.0,72.0,73.0,74.0,75.0,76.4,80.0,81.0,82.0,85.0,91.0
청소년,16,16,세,M,028,19368,30.367,33.234,35.2,36.6,37.9,39.0,40.0,40.9,41.7,42.47,43.1,43.8,44.5,45.1,45.6,46.1,46.6,47.1,47.6,48.1,48.6,49.0,49.4,49.8,50.3,50.7,51.2,51.5,51.9,52.3,52.7,53.1,53.5,53.8,54.1,54.512,54.9,55.2,55.6,55.9,56.3,56.6,56.9,57.2,57.6,57.9,58.2,58.5,58.8,59.1,59.4,59.7,60.1,60.4,60.7,61.1,61.4,61.8,62.1,62.5,62.8,63.1,63.4,63.7,64.0,64.4,64.8,65.1,65.5,65.8,66.2,66.6,67.0,67.4,67.8,68.2,68.6,69.0,69.4,69.86,70.3,70.8,71.2,71.7,72.2,72.8,73.4,74.1,74.8,75.5,76.2,77.1,78.0,79.0,80.1,81.6,83.399,85.8,89.933
청소년,16,16,세,M,035,44,37.748,39.296,39.887,40.016,40.265,40.738,41.207,41.508,41.809,41.96,42.046,42.1,42.1,42.1,42.1,42.1,42.162,42.248,42.368,42.54,42.715,42.93,43.145,43.2,43.2,43.38,43.81,44.212,44.341,44.47,44.5,44.5,44.614,44.872,45.105,45.148,45.191,45.404,45.662,45.8,45.8,45.818,45.947,46.076,46.24,46.412,46.5,46.5,46.507,46.55,46.593,46.924,47.311,47.632,47.89,48.108,48.151,48.194,48.274,48.36,48.4,48.4,48.427,48.556,48.685,48.738,48.781,48.848,48.934,49.06,49.318,49.576,49.678,49.764,49.85,49.936,50.011,50.054,50.097,50.26,50.432,50.552,50.638,50.724,50.81,50.896,50.941,50.984,51.081,51.21,51.313,51.356,51.399,51.4,51.4,51.484,51.613,51.756,51.928
청소년,16,16,세,M,037,728,36.627,38.162,38.9,39.7,40.1,40.5,40.889,41.2,41.343,41.57,42.097,42.224,42.5,42.7,43.0,43.2,43.359,43.486,43.6,43.7,43.867,44.0,44.2,44.4,44.5,44.8,44.9,45.0,45.1,45.2,45.3,45.4,45.5,45.8,45.8,45.9,46.0,46.1,46.2,46.28,46.4,46.5,46.6,46.6,46.7,46.7,46.8,46.9,46.9,46.9,47.0,47.1,47.2,47.2,47.3,47.4,47.5,47.6,47.7,47.82,47.9,48.074,48.1,48.2,48.2,48.3,48.4,48.5,48.7,48.8,48.9,48.944,49.0,49.1,49.2,49.2,49.3,49.4,49.5,49.6,49.7,49.8,49.9,50.0,50.1,50.2,50.2,50.3,50.5,50.7,51.0,51.2,51.6,51.8,52.165,52.392,52.7,53.0,53.673
청소년,16,16,세,F,009,5327,0.0,0.0,0.78,1.0,2.0,3.0,3.0,4.0,4.0,5.0,5.0,6.0,7.0,7.0,8.0,8.0,9.0,9.0,10.0,10.0,11.0,11.0,12.0,12.0,12.0,13.0,13.0,14.0,14.0,15.0,15.0,15.0,16.0,16.0,16.0,17.0,17.0,18.0,18.0,19.0,19.0,19.0,20.0,20.0,20.0,20.0,21.0,21.0,21.0,22.0,22.0,23.0,23.0,23.0,24.0,24.0,25.0,25.0,25.0,26.0,26.0,27.0,27.0,28.0,29.0,29.0,30.0,30.0,30.0,30.0,31.0,31.0,32.0,32.0,33.0,34.0,35.0,36.0,37.0,38.0,40.0,40.0,40.0,40.0,40.0,41.0,42.0,43.0,45.0,47.0,50.0,50.0,52.0,55.0,60.0,64.0,72.0,80.0,80.0
청소년,16,16,세,F,010,8546,2.0,5.0,9.0,10.0,12.0,13.0,14.0,14.0,15.0,15.0,16.0,16.0,17.0,17.0,18.0,18.0,19.0,19.0,19.0,20.0,20.0,20.0,20.0,21.0,21.0,21.0,22.0,22.0,22.0,22.0,23.0,23.0,23.0,23.0,24.0,24.0,24.0,25.0,25.0,25.0,25.0,26.0,26.0,26.0,27.0,27.0,27.0,27.0,28.0,28.0,28.0,29.0,29.0,29.0,30.0,30.0,30.0,30.0,31.0,31.0,31.0,32.0,32.0,32.0,33.0,33.0,34.0,34.0,34.0,35.0,35.0,35.0,36.0,36.0,36.0,37.0,37.0,38.0,38.0,39.0,39.0,40.0,40.0,40.0,41.0,42.0,42.0,43.0,43.0,44.0,45.0,46.0,47.0,48.0,49.0,50.0,51.0,53.0,55.0
청소년,16,16,세,F,012,14047,-15.0,-11.0,-9.7,-7.516,-6.0,-5.0,-3.5,-2.3,-1.086,0.0,0.0,0.8,1.2,1.9,2.3,2.868,3.2,3.7,4.1,4.5,5.0,5.3,5.7,6.0,6.5,7.0,7.2,7.5,8.0,8.2,8.6,9.0,9.2,9.5,9.9,10.0,10.3,10.6,11.0,11.2,11.5,11.8,12.0,12.3,12.6,13.0,13.1,13.4,13.7,14.0,14.2,14.5,14.7,15.0,15.0,15.3,15.5,16.0,16.0,16.4,16.6,17.0,17.1,17.4,17.6,18.0,18.1,18.4,18.7,19.0,19.2,19.5,19.8,20.0,20.2,20.5,20.9,21.0,21.4,21.6,22.0,22.1,22.5,23.0,23.3,23.6,24.0,24.4,24.9,25.1,25.6,26.0,26.5,27.0,27.6,28.3,29.0,30.0,31.6
청소년,16,16,세,F,013,13890,18.08,18.5,18.8,19.03,19.2145,19.38,19.5,19.61,19.72,19.83,19.93,20.0,20.1,20.19,20.29,20.36,20.43,20.5,20.58,20.65,20.71,20.8,20.85,20.92,21.0,21.06,21.12,21.2,21.25,21.31,21.38,21.44,21.5,21.56,21.61,21.68,21.73,21.8,21.86,21.91,21.98,22.03,22.1,22.13,22.2,22.25,22.31,22.38,22.43,22.495,22.56,22.6,22.67,22.74,22.8,22.86,22.91,22.9962,23.06,23.12,23.19,23.26,23.32,23.4,23.49,23.56,23.62,23.7,23.78,23.84,23.94,24.01,24.11,24.19,24.28,24.38,24.4853,24.59,24.68,24.76,24.8509,24.98,25.1,25.22,25.4,25.5354,25.7243,25.9,26.1,26.31,26.5699,26.85,27.1877,27.56,28.0,28.54,29.31,30.0922,32.0222
청소년,16,16,세,F,014,13611,0.278,0.3072,0.327,0.338,0.345,0.353,0.359,0.365,0.368,0.374,0.377,0.378,0.382,0.386,0.39,0.39,0.392,0.396,0.4,0.402,0.402,0.403,0.405,0.408,0.411,0.414,0.415,0.415,0.415,0.417,0.419,0.422,0.424,0.427,0.427,0.427,0.427,0.428,0.429,0.432,0.435,0.437,0.439,0.439,0.44,0.44,0.44,0.441,0.443,0.446,0.448,0.45,0.452,0.452,0.452,0.452,0.453,0.456,0.459,0.462,0.464,0.464,0.464,0.465,0.465,0.467,0.47,0.473,0.476,0.477,0.477,0.477,0.477,0.479,0.482,0.4856,0.489,0.489,0.489,0.49,0.49,0.495,0.5,0.501,0.502,0.502,0.506,0.512,0.514,0.514,0.517,0.526,0.527,0.531,0.539,0.544,0.552,0.564,0.589
청소년,16,16,세,F,017,12800,37.6169,39.0118,39.8892,40.6285,41.3073,41.7958,42.3829,42.8958,43.2618,43.6779,43.993,44.3476,44.658,44.931,45.2099,45.4887,45.754,46.021,46.2558,46.4888,46.7356,46.946,47.166,47.3671,47.575,47.7915,48.0107,48.21,48.45,48.6347,48.8184,49.0057,49.185,49.3637,49.5356,49.7796,49.988,50.2022,50.3832,50.5226,50.6968,50.8577,51.0586,51.2591,51.448,51.6303,51.8361,52.049,52.25,52.4485,52.571,52.703,52.8773,53.0655,53.2385,53.4044,53.5954,53.7594,53.9818,54.2212,54.45,54.6505,54.8314,55.0427,55.273,55.511,55.7376,56.009,56.2333,56.4753,56.7013,56.9243,57.092,57.3738,57.662,57.9176,58.1892,58.4714,58.7972,59.0344,59.2812,59.4632,59.6332,59.9282,60.1737,60.422,60.7821,61.2332,61.7271,62.35,62.8181,63.5072,64.1882,65.0373,66.1101,67.4371,68.9547,71.8685,77.8975
청소년,16,16,세,F,020,14054,0.0,2.0,6.0,7.0,8.0,10.0,10.0,10.0,11.0,11.0,11.0,11.0,12.0,12.0,12.0,12.0,13.0,13.0,13.0,14.0,14.0,14.0,14.0,15.0,15.0,15.0,15.0,16.0,16.0,16.0,16.0,16.0,16.0,17.0,17.0,17.0,17.0,18.0,18.0,18.0,18.0,19.0,19.0,19.0,20.0,20.0,20.0,20.0,20.0,21.0,21.0,21.0,21.0,21.0,21.0,22.0,22.0,22.0,23.0,23.0,24.0,24.0,24.0,25.0,25.0,26.0,26.0,26.0,26.0,27.0,27.0,27.0,28.0,28.0,28.0,29.0,30.0,30.0,31.0,31.0,31.0,32.0,32.0,33.0,34.0,34.0,35.0,36.0,37.0,38.0,40.0,41.0,41.0,43.0,45.0,48.0,50.0,52.0,56.0
청소년,16,16,세,F,028,14354,25.2,27.806,29.3,30.5,31.4,32.2,32.7,33.4,33.9,34.4,34.9,35.4,35.8,36.2,36.6,37.0,37.3,37.7,38.0,38.3,38.6,38.9,39.2,39.5,39.8,40.1,40.4,40.6,40.9,41.2,41.5,41.7,41.9,42.2,42.5,42.7,43.0,43.2,43.5,43.7,43.9,44.2,44.4,44.7,44.9,45.2,45.4,45.6,45.8,46.1,46.3,46.6,46.8,47.1,47.3,47.5,47.7,47.9,48.2,48.4,48.7,48.9,49.2,49.4,49.7,49.9,50.2,50.4,50.7,50.9,51.2,51.5,51.8,52.2,52.5,52.8,53.1,53.4,53.7,54.0,54.4,54.8,55.1,55.6,56.0,56.5,57.0,57.4,57.9,58.5,59.1,59.8,60.6,61.4,62.3,63.5,64.7,66.594,69.8
청소년,16,16,세,F,035,26,30.775,31.15,31.525,31.9,31.9,31.9,31.9,31.9,32.0,32.1,32.2,32.3,32.575,32.85,33.125,33.4,33.525,33.65,33.775,33.9,34.05,34.2,34.35,34.5,34.55,34.6,34.65,34.7,34.875,35.05,35.225,35.4,35.575,35.75,35.925,36.1,36.1,36.1,36.1,36.1,36.3,36.5,36.7,36.9,36.975,37.05,37.125,37.2,37.225,37.25,37.275,37.3,37.325,37.35,37.375,37.4,37.425,37.45,37.475,37.5,37.525,37.55,37.575,37.6,37.625,37.65,37.675,37.7,37.85,38.0,38.15,38.3,38.45,38.6,38.75,38.9,39.0,39.1,39.2,39.3,39.3,39.3,39.3,39.3,39.5,39.7,39.9,40.1,40.1,40.1,40.1,40.1,40.2,40.3,40.4,40.5,40.875,41.25,41.625
청소년,16,16,세,F,037,149,27.496,28.176,29.676,30.452,30.8,30.976,31.172,31.72,31.932,32.0,32.3,32.452,32.548,32.844,33.14,33.368,33.5,33.692,33.912,34.0,34.008,34.38,34.604,34.752,34.9,34.948,35.096,35.232,35.492,35.64,35.876,35.936,36.0,36.2,36.36,36.428,36.652,36.724,36.8,36.8,37.004,37.3,37.364,37.512,37.66,37.7,37.756,37.804,37.952,38.1,38.248,38.3,38.344,38.4,38.54,38.6,38.7,38.784,38.8,38.8,38.828,38.9,39.0,39.0,39.22,39.3,39.3,39.364,39.512,39.6,39.716,39.9,39.904,40.052,40.1,40.1,40.196,40.2,40.2,40.4,40.488,40.5,40.668,40.932,41.24,41.4,41.476,41.8,41.8,41.92,42.0,42.1,42.228,42.512,42.6,42.808,43.236,43.62,45.4
청소년,17,17,세,M,009,9881,1.0,4.0,6.0,8.0,10.0,10.0,11.0,12.0,13.0,14.0,15.0,16.0,17.0,17.0,18.0,19.0,19.0,20.0,20.0,20.0,20.0,21.0,21.0,21.0,22.0,22.0,23.0,23.0,24.0,24.0,25.0,25.0,25.0,26.0,26.0,27.0,27.0,27.0,28.0,28.0,29.0,29.0,30.0,30.0,30.0,30.0,30.0,31.0,31.0,32.0,32.0,32.0,33.0,34.0,34.0,35.0,35.0,36.0,37.0,37.0,38.0,39.0,40.0,40.0,41.0,41.0,42.0,43.0,45.0,45.0,46.0,47.0,49.0,50.0,50.0,51.0,52.0,53.0,54.0,55.0,56.0,58.0,60.0,60.0,62.0,64.8,68.0,70.0,75.0,80.0,80.0,80.0,80.0,80.0,80.0,80.0,90.0,100.0,100.0
청소년,17,17,세,M,010,13808,4.0,12.0,18.0,21.0,23.0,25.0,27.0,28.0,29.0,30.0,31.0,32.0,33.0,34.0,35.0,35.0,36.0,37.0,37.0,38.0,39.0,39.0,40.0,40.0,40.0,41.0,41.0,42.0,42.0,42.0,43.0,43.0,44.0,44.0,44.0,45.0,45.0,45.0,45.0,46.0,46.0,46.0,46.0,47.0,47.0,47.0,48.0,48.0,48.0,48.0,49.0,49.0,49.0,49.0,50.0,50.0,50.0,50.0,50.0,51.0,51.0,51.0,51.0,52.0,52.0,52.0,52.0,52.0,53.0,53.0,53.0,53.0,53.0,54.0,54.0,54.0,54.0,55.0,55.0,55.0,55.0,55.0,56.0,56.0,56.0,57.0,57.0,57.0,58.0,58.0,58.0,59.0,59.0,60.0,60.0,61.0,62.0,63.0,65.0
청소년,17,17,세,M,012,23882,-18.9,-15.0,-13.1,-11.8,-10.1,-10.0,-8.6,-7.9,-7.0,-6.2,-5.5,-5.0,-4.2,-3.4,-2.8,-2.0,-1.3,-0.8,0.0,0.0,0.2,0.8,1.0,1.5,1.8,2.0,2.4,2.7,3.0,3.3,3.6,4.0,4.1,4.5,4.8,5.0,5.2,5.5,5.9,6.0,6.4,6.7,7.0,7.1,7.4,7.7,8.0,8.2,8.5,8.7,9.0,9.2,9.5,9.7,10.0,10.2,10.5,10.7,11.0,11.2,11.5,11.7,12.0,12.2,12.5,12.8,13.0,13.3,13.5,13.9,14.0,14.3,14.6,15.0,15.1,15.4,15.7,16.0,16.3,16.6,16.9,17.1,17.5,17.9,18.2,18.5,19.0,19.2,19.6,20.1,20.6,21.0,21.5,22.2,23.0,23.7,24.6,26.0,28.1
청소년,17,17,세,M,013,23618,15.82,16.1,16.29,16.41,16.51,16.62,16.71,16.79,16.87,16.94,17.0,17.07,17.12,17.19,17.22,17.3,17.34,17.39,17.43,17.49,17.53,17.58,17.62,17.68,17.72,17.77,17.8,17.85,17.9,17.94,17.98,18.01,18.07,18.1,18.16,18.2,18.23,18.28,18.31,18.37,18.4,18.45,18.5,18.53,18.59,18.63,18.69,18.72,18.78,18.81,18.88,18.92,18.97,19.0018,19.08,19.12,19.17,19.22,19.28,19.33,19.39,19.44,19.5,19.56,19.62,19.69,19.75,19.8,19.86,19.92,20.0,20.06,20.13,20.2,20.28,20.35,20.42,20.5,20.6,20.69,20.79,20.9,21.0,21.1,21.22,21.34,21.5,21.64,21.81,22.0,22.19,22.44,22.72,23.0298,23.4,23.8632,24.5649,25.6,27.4083
청소년,17,17,세,M,014,23229,0.3853,0.4156,0.434,0.445,0.4544,0.464,0.471,0.477,0.4805,0.488,0.49,0.494,0.5,0.502,0.502,0.507,0.511,0.514,0.514,0.517,0.521,0.524,0.526,0.527,0.528,0.531,0.534,0.537,0.539,0.539,0.539,0.542,0.545,0.548,0.55,0.551,0.552,0.552,0.554,0.557,0.56,0.562,0.564,0.564,0.564,0.566,0.568,0.571,0.573,0.575,0.576,0.576,0.577,0.579,0.582,0.584,0.586,0.588,0.589,0.589,0.59,0.592,0.594,0.597,0.599,0.601,0.601,0.601,0.603,0.606,0.609,0.612,0.613,0.614,0.615,0.618,0.621,0.624,0.626,0.626,0.628,0.631,0.635,0.638,0.639,0.642,0.647,0.65,0.651,0.655,0.661,0.663,0.668,0.675,0.679,0.688,0.698,0.708,0.726
청소년,17,17,세,M,017,22069,34.9231,36.0944,36.7892,37.3462,37.799,38.2282,38.584,38.8773,39.1791,39.484,39.738,39.965,40.2478,40.4766,40.6782,40.8726,41.062,41.2562,41.458,41.6356,41.8146,41.996,42.1696,42.3443,42.503,42.685,42.851,43.024,43.1907,43.335,43.5,43.6608,43.8134,43.962,44.102,44.2615,44.4413,44.594,44.734,44.898,45.046,45.224,45.3772,45.528,45.678,45.8143,45.962,46.1136,46.2666,46.435,46.598,46.751,46.916,47.087,47.251,47.4081,47.5688,47.743,47.9271,48.0898,48.2819,48.478,48.6538,48.84,49.029,49.213,49.4226,49.614,49.858,50.0726,50.279,50.483,50.6946,50.9176,51.145,51.3917,51.6214,51.875,52.1727,52.4242,52.653,52.9665,53.3644,53.6842,54.045,54.4384,54.8102,55.203,55.706,56.3052,56.894,57.4657,58.1522,58.9699,59.5836,60.3613,61.538,63.6815,67.8602
청소년,17,17,세,M,020,22484,0.0,2.0,6.0,10.0,11.0,12.0,13.0,15.0,16.0,17.0,18.0,20.0,20.0,21.0,21.0,21.0,22.0,22.0,23.0,24.0,25.0,26.0,26.0,28.0,29.0,30.0,30.0,31.0,31.0,31.0,31.0,32.0,32.0,33.0,34.0,34.0,35.0,36.0,36.0,37.0,38.0,38.0,40.0,40.0,41.0,41.0,41.0,41.0,42.0,42.0,43.0,44.0,45.0,45.0,46.0,46.0,47.0,48.0,48.97,50.0,50.0,51.0,51.0,51.0,51.0,52.0,52.0,53.0,54.0,55.0,56.0,58.0,59.0,60.0,60.0,61.0,61.0,61.0,62.0,62.0,62.0,63.0,64.0,64.0,66.0,67.0,70.0,71.0,71.0,72.0,73.0,74.0,75.0,75.0,77.0,80.0,81.0,84.0,91.0
청소년,17,17,세,M,028,24137,31.3,34.3,36.3,37.9,39.0,39.9,40.9,41.7,42.5,43.3,44.0,44.7,45.3,45.8,46.4,46.9,47.5,48.0,48.5,48.9,49.3,49.7,50.2,50.6,51.0,51.4,51.8,52.2,52.6,53.0,53.3,53.7,54.0,54.4,54.7,55.1,55.4,55.7,56.1,56.4,56.7,57.0,57.4,57.7,58.0,58.3,58.6,58.9,59.3,59.6,59.9,60.2,60.5,60.9,61.2,61.5,61.8,62.2,62.5,62.8,63.1,63.5,63.8,64.1,64.4,64.8,65.1,65.5,65.8,66.2,66.5,66.9,67.3,67.6,68.0,68.4,68.8,69.2,69.7,70.2,70.6,71.1,71.6,72.2,72.7,73.2,73.8,74.5,75.2,75.9,76.6,77.5,78.4,79.4,80.5,82.1,83.7,85.7,89.6
청소년,17,17,세,M,035,707,35.218,36.424,37.19,38.024,38.4,38.9,39.1,39.5,39.754,40.1,40.5,40.772,41.1,41.2,41.3,41.6,41.902,42.2,42.314,42.6,42.7,42.8,43.0,43.044,43.3,43.5,43.6,43.768,43.9,44.0,44.2,44.3,44.4,44.5,44.61,44.8,44.8,44.9,45.0,45.0,45.1,45.2,45.4,45.5,45.6,45.7,45.882,45.9,46.0,46.2,46.206,46.312,46.4,46.524,46.7,46.8,46.842,46.948,47.1,47.2,47.3,47.4,47.5,47.584,47.7,47.8,47.9,47.908,48.0,48.1,48.126,48.2,48.5,48.544,48.6,48.7,48.862,48.9,49.074,49.2,49.3,49.4,49.598,49.7,49.8,49.9,50.0,50.2,50.3,50.6,50.8,51.0,51.3,51.6,51.77,52.2,52.482,53.2,53.994
청소년,17,17,세,M,037,745,36.044,37.5,38.3,38.576,39.5,40.128,40.9,41.2,41.6,41.9,42.1,42.756,43.2,43.4,43.5,43.6,43.748,43.9,44.1,44.38,44.6,44.8,44.812,44.9,45.0,45.1,45.2,45.3,45.4,45.52,45.664,45.8,45.8,45.9,46.0,46.084,46.2,46.3,46.4,46.5,46.6,46.7,46.7,46.8,46.9,47.0,47.2,47.3,47.4,47.4,47.5,47.6,47.7,47.8,47.8,47.9,48.0,48.1,48.2,48.3,48.384,48.4,48.5,48.7,48.7,48.8,48.9,49.0,49.2,49.2,49.3,49.4,49.412,49.5,49.6,49.7,49.7,49.8,49.9,50.02,50.1,50.3,50.4,50.496,50.6,50.8,51.0,51.1,51.2,51.4,51.6,51.6,51.892,52.1,52.5,52.724,53.2,53.5,54.0
청소년,17,17,세,F,009,5788,0.0,0.0,0.0,1.0,2.0,2.0,3.0,3.0,4.0,5.0,5.0,6.0,7.0,7.0,8.0,8.0,9.0,9.0,10.0,10.0,10.0,11.0,11.0,11.0,12.0,12.0,13.0,13.0,14.0,14.0,15.0,15.0,15.0,16.0,16.0,16.0,17.0,17.0,18.0,18.0,19.0,19.0,20.0,20.0,20.0,20.0,20.0,21.0,21.0,21.0,22.0,22.0,22.0,23.0,23.0,24.0,24.0,24.0,25.0,25.0,26.0,26.0,27.0,27.0,28.0,28.0,29.0,30.0,30.0,30.0,30.0,30.0,31.0,31.0,32.0,33.0,34.0,35.0,36.0,37.0,38.0,40.0,40.0,40.0,40.0,41.0,41.0,42.0,43.0,45.0,47.0,50.0,50.0,51.0,53.65,60.0,62.39,77.78,80.0
청소년,17,17,세,F,010,8968,0.0,5.0,7.0,10.0,11.0,13.0,14.0,14.0,15.0,15.0,16.0,16.0,17.0,17.0,18.0,18.0,19.0,19.0,19.0,20.0,20.0,20.0,20.41,21.0,21.0,21.0,22.0,22.0,22.0,23.0,23.0,23.0,23.0,24.0,24.0,24.0,25.0,25.0,25.0,25.0,26.0,26.0,26.0,27.0,27.0,27.0,27.0,28.0,28.0,28.0,29.0,29.0,29.0,30.0,30.0,30.0,30.0,31.0,31.0,31.0,32.0,32.0,32.0,33.0,33.0,34.0,34.0,34.0,35.0,35.0,36.0,36.0,36.0,37.0,37.0,38.0,38.0,39.0,39.0,40.0,40.0,40.0,41.0,42.0,42.0,42.0,43.0,44.0,44.0,45.0,46.0,46.0,47.0,48.0,49.0,50.0,51.0,53.0,55.0
청소년,17,17,세,F,012,14957,-15.0,-11.0,-9.8,-8.0,-6.0,-5.0,-3.5,-2.3,-1.0,0.0,0.3,1.0,1.6,2.0,2.5,3.0,3.5,4.0,4.4,4.9,5.0,5.5,6.0,6.3,6.7,7.0,7.4,7.8,8.1,8.5,8.9,9.0,9.4,9.7,10.0,10.2,10.5,11.0,11.1,11.4,11.7,12.0,12.2,12.5,12.8,13.0,13.3,13.5,13.9,14.0,14.3,14.5,15.0,15.1,15.4,15.7,16.0,16.2,16.5,16.8,17.0,17.2,17.5,17.8,18.0,18.3,18.5,18.9,19.0,19.3,19.5,19.8,20.0,20.3,20.5,20.9,21.0,21.3,21.6,22.0,22.1,22.5,22.8,23.0,23.4,23.7,24.1,24.5,25.0,25.34,25.8,26.2,26.9,27.3,28.0,28.7,29.5,30.5,32.0
청소년,17,17,세,F,013,14744,17.94,18.34,18.6,18.8,18.96,19.12,19.22,19.34,19.47,19.59,19.68,19.78,19.8459,19.94,20.03,20.11,20.19,20.28,20.35,20.4,20.48,20.56,20.62,20.7,20.76,20.8218,20.9,20.97,21.04,21.1,21.19,21.25,21.31,21.38,21.43,21.5,21.56,21.61,21.68,21.74,21.8,21.87,21.94,22.0,22.07,22.13,22.19,22.25,22.31,22.38,22.44,22.5,22.56,22.62,22.7,22.76,22.83,22.9,22.98,23.038,23.11,23.19,23.25,23.32,23.4,23.47,23.55,23.63,23.71,23.79,23.88,24.0,24.0839,24.15,24.25,24.34,24.46,24.57,24.68,24.8,24.9083,25.01,25.16,25.28,25.41,25.6,25.76,25.93,26.13,26.34,26.6,26.84,27.19,27.64,28.1285,28.6828,29.3771,30.1,32.1957
청소년,17,17,세,F,014,14524,0.278,0.308,0.326,0.34,0.347,0.353,0.36,0.365,0.3691,0.376,0.378,0.38,0.385,0.389,0.39,0.391,0.395,0.399,0.402,0.402,0.403,0.404,0.407,0.41,0.413,0.414,0.415,0.415,0.415,0.418,0.421,0.423,0.425,0.427,0.427,0.427,0.428,0.428,0.431,0.434,0.436,0.438,0.439,0.44,0.44,0.44,0.441,0.444,0.446,0.448,0.45,0.452,0.452,0.452,0.452,0.453,0.455,0.457,0.459,0.462,0.464,0.464,0.464,0.465,0.465,0.467,0.47,0.472,0.475,0.477,0.477,0.477,0.477,0.478,0.481,0.485,0.487,0.489,0.489,0.49,0.492,0.496,0.5,0.501,0.502,0.502,0.507,0.512,0.514,0.515,0.5219,0.526,0.527,0.535,0.539,0.549,0.556,0.569,0.589
청소년,17,17,세,F,017,13755,36.5519,37.9632,38.8921,39.6545,40.2348,40.7402,41.1876,41.594,41.9929,42.3278,42.6119,42.912,43.183,43.454,43.7204,43.9979,44.2807,44.5312,44.807,45.0506,45.2873,45.4959,45.6938,45.9298,46.139,46.3391,46.5442,46.738,46.952,47.1684,47.391,47.5886,47.842,48.0174,48.1929,48.4003,48.598,48.7965,48.986,49.157,49.337,49.528,49.7402,49.9363,50.1252,50.322,50.4714,50.613,50.7925,50.96,51.1456,51.3641,51.554,51.7626,52.0027,52.2269,52.4418,52.622,52.782,52.9662,53.224,53.4694,53.67,53.8916,54.1883,54.43,54.6802,54.8824,55.1126,55.3406,55.612,55.8629,56.1447,56.4179,56.671,56.93,57.1886,57.4942,57.8213,58.1222,58.4257,58.7058,59.0355,59.3479,59.5419,59.7804,60.1119,60.4,60.7682,61.3188,61.926,62.7184,63.5385,64.4695,65.4969,66.8012,68.2287,70.7739,75.2476
청소년,17,17,세,F,020,14580,0.0,1.0,5.0,6.0,8.0,8.0,9.0,10.0,10.0,11.0,11.0,11.0,11.0,11.0,12.0,12.0,12.0,12.0,13.0,13.0,13.0,14.0,14.0,14.0,14.0,15.0,15.0,15.0,15.0,16.0,16.0,16.0,16.0,16.0,16.0,16.0,17.0,17.0,17.0,18.0,18.0,18.0,18.0,19.0,19.0,19.0,19.0,20.0,20.0,20.0,20.0,20.0,21.0,21.0,21.0,21.0,21.0,22.0,22.0,22.0,22.0,23.0,23.0,24.0,24.0,25.0,25.0,26.0,26.0,27.0,27.0,27.0,27.0,28.0,28.0,28.0,29.0,30.0,30.0,30.0,31.0,31.0,32.0,32.0,33.0,34.0,35.0,35.0,36.0,37.0,39.0,40.0,41.0,42.0,43.0,46.0,51.0,55.0,56.0
청소년,17,17,세,F,028,15227,25.426,27.6,29.4,30.4,31.4,32.2,33.0,33.6,34.134,34.7,35.2,35.6,36.0,36.4,36.8,37.2,37.542,37.9,38.2,38.5,38.8,39.1,39.4,39.7,40.0,40.3,40.5,40.8,41.1,41.3,41.6,41.8,42.1,42.4,42.6,42.9,43.1,43.3,43.6,43.8,44.0,44.3,44.5,44.7,44.9,45.1,45.4,45.6,45.8,46.0,46.3,46.5,46.7,46.9,47.2,47.4,47.6,47.9,48.1,48.4,48.6,48.8,49.1,49.4,49.7,49.9,50.2,50.4,50.694,50.9,51.2,51.5,51.8,52.1,52.4,52.7,53.0,53.3,53.6,54.0,54.3,54.7,55.1,55.5,55.9,56.3,56.8,57.3,57.8,58.3,58.9,59.5,60.2,61.0,61.9,62.9,64.3,66.148,69.1
청소년,17,17,세,F,035,272,26.71,27.768,28.839,29.184,29.655,30.626,30.797,31.468,32.039,32.33,32.843,32.9,33.023,33.2,33.665,33.8,33.9,33.9,34.0,34.22,34.3,34.4,34.5,34.6,34.7,34.8,35.0,35.0,35.1,35.23,35.401,35.5,35.6,35.656,36.1,36.2,36.2,36.3,36.369,36.5,36.611,36.7,36.7,36.7,36.8,36.9,36.937,37.008,37.1,37.25,37.4,37.5,37.6,37.734,37.8,37.876,38.0,38.1,38.1,38.2,38.2,38.3,38.3,38.4,38.5,38.5,38.6,38.7,38.8,38.87,38.9,39.0,39.083,39.2,39.2,39.296,39.4,39.5,39.7,39.7,39.8,39.9,40.1,40.164,40.3,40.4,40.477,40.6,40.7,40.88,40.961,41.296,41.906,42.274,42.445,42.832,44.461,45.674,49.229
청소년,17,17,세,F,037,216,24.245,26.63,27.69,28.82,31.525,32.15,32.5,32.88,33.37,33.55,34.03,34.2,34.59,34.71,34.875,35.1,35.1,35.3,35.3,35.3,35.53,35.8,35.9,35.96,36.0,36.19,36.5,36.64,36.835,36.95,37.13,37.5,37.595,37.7,37.825,37.9,38.0,38.07,38.1,38.2,38.2,38.3,38.345,38.5,38.5,38.5,38.6,38.7,38.7,38.75,38.8,38.96,39.0,39.11,39.2,39.34,39.4,39.5,39.685,39.7,39.7,39.7,39.745,39.86,39.9,40.0,40.1,40.12,40.2,40.25,40.4,40.5,40.595,40.7,40.7,40.8,40.8,40.9,40.9,41.0,41.015,41.13,41.2,41.3,41.375,41.4,41.605,41.7,41.835,42.0,42.13,42.3,42.4,42.71,42.925,43.4,43.655,43.84,44.34
청소년,18,18,세,M,009,10259,2.0,5.0,7.0,10.0,11.0,12.0,13.0,15.0,16.0,16.0,17.0,18.0,19.0,19.0,20.0,20.0,20.0,21.0,21.0,22.0,22.0,22.0,23.0,23.0,24.0,24.0,25.0,25.0,25.0,26.0,26.0,27.0,27.0,28.0,28.0,29.0,29.0,29.0,30.0,30.0,30.0,30.0,30.0,31.0,31.0,31.0,32.0,32.0,32.0,33.0,33.0,34.0,34.0,35.0,35.0,36.0,36.0,37.0,38.0,39.0,39.0,40.0,40.0,41.0,41.0,42.0,42.0,43.0,44.0,45.0,46.0,47.0,48.0,50.0,50.0,51.0,52.0,53.0,53.0,54.0,54.0,54.0,55.0,56.0,57.0,59.0,60.0,61.0,62.0,64.0,68.0,72.0,80.0,80.0,80.0,80.0,80.0,80.0,90.0
청소년,18,18,세,M,010,13642,10.0,20.0,24.0,26.0,27.0,29.0,30.0,31.0,32.0,33.0,34.0,35.0,36.0,37.0,37.0,38.0,39.0,39.0,40.0,40.0,41.0,41.0,42.0,42.0,42.0,43.0,43.0,44.0,44.0,44.0,45.0,45.0,45.0,45.0,46.0,46.0,46.0,46.0,47.0,47.0,47.0,47.0,48.0,48.0,48.0,48.0,49.0,49.0,49.0,49.0,50.0,50.0,50.0,50.0,50.0,50.0,51.0,51.0,51.0,51.0,52.0,52.0,52.0,52.0,52.0,52.0,53.0,53.0,53.0,53.0,53.0,54.0,54.0,54.0,54.0,54.0,54.0,55.0,55.0,55.0,55.0,56.0,56.0,56.0,56.0,57.0,57.0,57.0,57.0,58.0,58.0,59.0,59.0,60.0,60.0,61.0,61.0,62.0,64.0
청소년,18,18,세,M,012,23986,-16.5,-13.5,-11.3,-9.9,-8.4,-7.3,-6.4,-5.3,-4.5,-3.5,-2.7,-2.0,-1.2,-0.4,0.0,0.4,1.0,1.4,1.8,2.1,2.5,3.0,3.3,3.6,4.0,4.3,4.7,5.0,5.2,5.5,5.9,6.1,6.3,6.6,6.9,7.1,7.345,7.6,7.9,8.1,8.3,8.6,8.9,9.1,9.3,9.6,9.8,10.0,10.2,10.4,10.6,10.9,11.0,11.3,11.5,11.7,12.0,12.1,12.4,12.6,12.8,13.0,13.3,13.5,13.8,14.0,14.3,14.5,14.8,15.0,15.2,15.5,15.6,15.9,16.0,16.2,16.5,16.7,17.0,17.1,17.4,17.7,18.0,18.2,18.5,18.8,19.1,19.5,20.0,20.3,20.7,21.1,21.6,22.2,22.9,23.6,24.545,25.8,27.8
청소년,18,18,세,M,013,23729,15.74,16.0,16.19,16.3,16.4,16.5,16.6,16.67,16.73,16.8,16.86,16.91,16.97,17.0,17.08,17.12,17.17,17.21,17.25,17.3,17.34,17.4,17.43,17.47,17.5,17.55,17.59,17.62,17.66,17.7,17.7468,17.78,17.81,17.86,17.9,17.93,17.97,18.0,18.03,18.08,18.11,18.15,18.19,18.22,18.26,18.3,18.34,18.38,18.41,18.46,18.5,18.53,18.59,18.63,18.68,18.71,18.76,18.81,18.85,18.9,18.94,19.0,19.04,19.1,19.14,19.19,19.24,19.3,19.35,19.41,19.47,19.5,19.56,19.62,19.7,19.77,19.83,19.9,19.97,20.03,20.12,20.21,20.3,20.4,20.528,20.64,20.77,20.8964,21.03,21.19,21.37,21.56,21.81,22.0532,22.36,22.8,23.4,24.2044,25.72
청소년,18,18,세,M,014,23635,0.41,0.44,0.453,0.4664,0.477,0.483,0.489,0.494,0.5,0.502,0.506,0.511,0.514,0.515,0.519,0.523,0.526,0.527,0.527,0.531,0.534,0.538,0.539,0.539,0.54,0.543,0.545,0.548,0.551,0.551,0.552,0.552,0.555,0.558,0.56,0.563,0.564,0.564,0.564,0.566,0.568,0.57,0.573,0.575,0.576,0.576,0.577,0.577,0.579,0.582,0.584,0.587,0.588,0.589,0.589,0.589,0.591,0.594,0.596,0.599,0.601,0.601,0.601,0.602,0.604,0.606,0.609,0.611,0.613,0.613,0.614,0.615,0.618,0.621,0.623,0.625,0.626,0.626,0.629,0.632,0.635,0.638,0.638,0.64,0.644,0.648,0.651,0.651,0.655,0.661,0.663,0.667,0.674,0.676,0.685,0.688,0.7,0.712,0.726
청소년,18,18,세,M,017,23073,34.6195,35.8414,36.6593,37.2158,37.7182,38.1206,38.4851,38.809,39.115,39.3956,39.6579,39.903,40.1324,40.364,40.565,40.747,40.954,41.144,41.364,41.57,41.7491,41.898,42.104,42.2823,42.479,42.644,42.7984,42.957,43.1219,43.2928,43.448,43.591,43.7695,43.9165,44.0594,44.2219,44.3833,44.5414,44.703,44.864,45.0385,45.191,45.349,45.4987,45.6564,45.809,45.9608,46.1086,46.2583,46.4,46.556,46.75,46.9005,47.0689,47.2362,47.4056,47.578,47.7418,47.922,48.101,48.2778,48.464,48.6324,48.824,48.995,49.202,49.3817,49.577,49.77,49.983,50.1951,50.3865,50.6056,50.8643,51.093,51.3209,51.5464,51.832,52.0796,52.3326,52.6323,52.9412,53.2958,53.642,54.0078,54.4308,54.8003,55.2284,55.6851,56.2024,56.7415,57.3182,57.97,58.673,59.458,60.314,61.5357,63.4222,67.3154
청소년,18,18,세,M,020,18867,0.0,2.0,6.98,10.0,12.0,13.0,15.0,16.0,18.0,20.0,20.0,21.0,21.0,22.0,23.0,24.0,25.0,25.0,26.0,27.0,28.0,29.0,30.0,30.0,31.0,31.0,31.0,32.0,32.0,33.0,34.0,34.0,35.0,36.0,37.0,37.0,37.0,38.0,38.0,38.0,39.0,40.0,40.0,40.0,41.0,41.0,41.0,42.0,42.0,42.0,43.0,44.0,44.0,45.0,46.0,46.0,47.0,48.0,49.0,49.0,50.0,50.0,50.0,51.0,51.0,51.0,52.0,52.0,53.0,54.0,54.0,55.0,56.0,58.0,60.0,61.0,61.0,61.0,61.0,62.0,62.0,62.0,62.0,62.0,63.0,63.0,64.0,64.0,65.0,66.0,67.0,70.0,71.0,72.0,74.0,75.0,78.0,81.0,87.0
청소년,18,18,세,M,028,24125,33.9,37.0,38.9,40.4,41.6,42.6,43.6,44.5,45.3,45.94,46.6,47.1,47.6,48.2,48.7,49.2,49.7,50.1,50.5,51.0,51.3,51.8,52.2,52.5,52.9,53.2,53.6,53.9,54.3,54.6,54.9,55.3,55.6,56.0,56.3,56.6,57.0,57.3,57.6,57.9,58.2,58.4,58.7,59.0,59.3,59.6,59.9,60.2,60.5,60.7,61.0,61.3,61.6,61.9,62.2,62.5,62.8,63.1,63.3,63.6,63.9,64.2,64.5,64.8,65.1,65.4,65.708,66.0,66.4,66.7,67.1,67.4,67.8,68.1,68.5,68.8,69.2,69.5,69.9,70.3,70.8,71.2,71.6,72.1,72.6,73.1,73.6,74.2,74.8,75.4,76.0,76.8,77.6,78.6,79.7,80.9,82.8,85.1,88.4
청소년,18,18,세,M,035,4323,35.0,36.3,37.4,38.0,38.8,39.4,40.0,40.3,40.7,41.0,41.3,41.5,41.8,42.0,42.3,42.5,42.7,42.9,43.1,43.2,43.4,43.5,43.7,43.8,44.0,44.1,44.3,44.4,44.6,44.7,44.9,45.0,45.1,45.2,45.3,45.4,45.5,45.6,45.7,45.8,45.9,46.024,46.2,46.3,46.4,46.5,46.5,46.6,46.7,46.8,46.9,47.0,47.1,47.1,47.2,47.3,47.4,47.5,47.6,47.7,47.8,47.9,48.0,48.1,48.2,48.3,48.4,48.4,48.5,48.6,48.7,48.8,48.9,49.0,49.1,49.2,49.3,49.4,49.5,49.6,49.8,49.9,50.0,50.1,50.2,50.3,50.5,50.6,50.8,50.9,51.1,51.2,51.5,51.7,52.0,52.3,52.7,53.3,54.3
청소년,18,18,세,M,037,829,36.512,38.256,39.336,40.412,40.7,41.3,42.092,42.6,42.8,43.1,43.4,43.636,43.864,44.1,44.22,44.448,44.6,44.7,44.832,44.9,45.1,45.216,45.4,45.6,45.7,45.8,45.9,46.0,46.1,46.2,46.3,46.4,46.4,46.5,46.6,46.8,46.8,46.9,47.0,47.1,47.2,47.2,47.3,47.4,47.5,47.688,47.7,47.8,47.8,47.9,47.9,48.0,48.1,48.1,48.2,48.3,48.4,48.4,48.5,48.6,48.7,48.8,48.8,48.9,49.0,49.1,49.2,49.4,49.5,49.5,49.6,49.716,49.8,49.9,50.1,50.2,50.3,50.4,50.5,50.6,50.7,50.9,51.0,51.1,51.2,51.4,51.5,51.6,51.892,51.92,52.196,52.376,52.6,52.7,52.96,53.2,53.6,54.044,54.844
청소년,18,18,세,F,009,3581,0.0,0.0,0.0,1.0,2.0,3.0,3.0,4.0,5.0,5.0,6.0,7.0,7.0,8.0,9.0,9.0,10.0,10.0,10.0,11.0,11.0,12.0,12.0,13.0,13.0,14.0,14.0,15.0,15.0,15.0,16.0,16.0,16.0,17.0,17.0,18.0,18.0,18.0,19.0,19.0,20.0,20.0,20.0,20.0,20.0,21.0,21.0,21.0,22.0,22.0,22.0,23.0,23.0,23.0,24.0,24.0,24.6,25.0,25.0,26.0,26.0,27.0,27.0,28.0,28.0,29.0,29.0,30.0,30.0,30.0,30.0,31.0,31.0,32.0,32.0,33.0,34.0,35.0,35.0,36.0,37.0,38.0,39.4,40.0,40.0,41.0,41.0,42.0,42.0,43.0,44.0,46.0,49.4,50.0,51.0,54.0,60.0,70.0,80.0
청소년,18,18,세,F,010,5287,0.86,6.0,10.0,11.0,13.0,13.16,14.0,15.0,15.0,16.0,17.0,17.0,18.0,18.0,18.9,19.0,19.0,20.0,20.0,20.0,21.0,21.0,21.0,22.0,22.0,22.0,22.22,23.0,23.0,23.0,24.0,24.0,24.0,25.0,25.0,25.0,25.0,26.0,26.0,26.0,27.0,27.0,27.0,28.0,28.0,28.0,29.0,29.0,29.0,30.0,30.0,30.0,31.0,31.0,31.0,32.0,32.0,32.0,33.0,33.0,34.0,34.0,34.0,35.0,35.0,35.0,36.0,36.0,37.0,37.0,37.0,38.0,38.0,38.0,39.0,39.0,40.0,40.0,40.0,41.0,41.0,42.0,42.0,43.0,43.0,44.0,44.0,45.0,46.0,46.0,47.0,48.0,48.0,49.0,50.0,51.0,52.0,54.0,56.0
청소년,18,18,세,F,012,8931,-13.5,-10.0,-8.0,-6.0,-4.55,-3.0,-1.7,-0.4,0.0,1.0,1.6,2.2,3.0,3.4,4.0,4.4,5.0,5.4,6.0,6.3,6.8,7.2,7.6,8.0,8.4,8.8,9.1,9.4,9.7,10.0,10.2,10.5,10.9,11.1,11.4,11.7,12.0,12.2,12.5,12.8,13.0,13.3,13.6,13.8,14.1,14.4,14.6,14.94,15.1,15.3,15.6,16.0,16.1,16.4,16.6,16.9,17.0,17.3,17.5,17.8,18.0,18.3,18.5,18.7,19.0,19.1,19.4,19.6,19.8,20.0,20.1,20.3,20.5,20.7,21.0,21.1,21.4,21.5,21.8,22.0,22.3,22.5,22.8,23.1,23.4,23.7,24.0,24.4,24.7,25.1,25.6,26.0,26.6,27.0,27.7,28.3,29.1,30.0,31.5
청소년,18,18,세,F,013,8828,17.6954,18.04,18.3,18.49,18.65,18.7962,18.9089,19.0,19.1,19.2,19.2897,19.38,19.47,19.5378,19.63,19.7032,19.78,19.84,19.91,19.97,20.02,20.1,20.16,20.21,20.28,20.33,20.4,20.44,20.5,20.57,20.62,20.69,20.74,20.8,20.86,20.91,20.97,21.0,21.09,21.13,21.19,21.25,21.3,21.36,21.42,21.5,21.55,21.6,21.67,21.72,21.8,21.87,21.92,22.0,22.07,22.12,22.19,22.28,22.32,22.402,22.48,22.55,22.6,22.68,22.75,22.83,22.91,23.0,23.08,23.16,23.25,23.34,23.43,23.5298,23.62,23.72,23.8379,23.97,24.08,24.2,24.32,24.43,24.55,24.6668,24.8,24.96,25.1,25.31,25.5,25.72,25.9514,26.22,26.5,26.9,27.3865,27.9384,28.6319,29.84,31.4584
청소년,18,18,세,F,014,8777,0.2925,0.321,0.339,0.349,0.3578,0.365,0.372,0.3771,0.381,0.385,0.39,0.39,0.393,0.397,0.401,0.402,0.403,0.405,0.408,0.411,0.414,0.415,0.415,0.416,0.419,0.422,0.424,0.427,0.427,0.427,0.428,0.43,0.432,0.435,0.437,0.439,0.439,0.44,0.44,0.44,0.442,0.4449,0.447,0.45,0.452,0.452,0.452,0.452,0.453,0.455,0.457,0.459,0.461,0.463,0.464,0.464,0.465,0.465,0.465,0.468,0.47,0.472,0.474,0.476,0.477,0.477,0.477,0.479,0.481,0.484,0.486,0.489,0.489,0.489,0.49,0.492,0.495,0.498,0.501,0.502,0.502,0.504,0.508,0.512,0.514,0.515,0.518,0.523,0.526,0.527,0.532,0.538,0.539,0.548,0.552,0.56,0.567,0.578,0.601
청소년,18,18,세,F,017,8364,36.058,37.473,38.3149,38.9467,39.5255,40.1076,40.5241,40.9476,41.3707,41.732,42.0829,42.4106,42.713,43.0281,43.2869,43.5542,43.8314,44.014,44.2249,44.4896,44.7233,44.9337,45.1505,45.3621,45.6155,45.8719,46.095,46.3046,46.483,46.6818,46.869,47.0878,47.2578,47.506,47.719,47.9334,48.1233,48.2946,48.4954,48.672,48.848,48.9998,49.158,49.3557,49.523,49.694,49.8476,50.0322,50.248,50.432,50.5861,50.7585,50.946,51.126,51.2983,51.5348,51.7258,51.9617,52.188,52.4128,52.6299,52.7961,53.0301,53.2453,53.4847,53.722,54.0022,54.2834,54.5259,54.7463,55.0103,55.2548,55.495,55.7162,55.9695,56.2309,56.5325,56.749,57.078,57.406,57.7103,58.0296,58.3602,58.6829,59.0386,59.3974,59.6689,60.0692,60.4407,60.8257,61.4986,62.2205,62.9992,63.7875,64.8617,66.1259,67.539,70.3237,74.5099
청소년,18,18,세,F,020,7580,0.0,1.0,3.0,6.0,7.0,8.0,8.0,9.0,10.0,10.0,11.0,11.0,11.0,11.0,12.0,12.0,12.0,12.0,13.0,13.0,13.0,14.0,14.0,14.0,14.0,15.0,15.0,15.0,15.0,16.0,16.0,16.0,16.0,16.0,17.0,17.0,17.0,18.0,18.0,18.0,18.0,19.0,19.0,19.0,20.0,20.0,20.0,20.0,20.0,21.0,21.0,21.0,21.0,21.0,21.0,22.0,22.0,22.0,22.0,22.0,23.0,23.0,24.0,24.0,24.0,25.0,25.0,26.0,26.0,27.0,27.0,27.0,28.0,28.0,29.0,29.0,30.0,30.0,30.0,31.0,31.0,31.0,32.0,33.0,33.0,34.0,35.0,36.0,38.0,40.0,40.0,41.0,41.0,42.0,42.0,44.0,46.0,52.0,55.0
청소년,18,18,세,F,028,9055,26.2,28.7,30.0,31.2,32.1,32.9,33.6,34.3,34.8,35.3,35.8,36.3,36.6,37.1,37.5,37.9,38.2,38.5,38.9,39.1,39.4,39.7,40.0,40.3,40.5,40.8,41.1,41.3,41.6,41.9,42.1,42.4,42.7,42.9,43.1,43.3,43.6,43.8,44.0,44.3,44.6,44.8,45.0,45.2,45.5,45.7,45.9,46.2,46.4,46.7,46.9,47.2,47.4,47.6,47.8,48.1,48.4,48.6,48.8,49.1,49.3,49.6,49.8,50.1,50.4,50.6,50.8,51.0,51.2,51.5,51.7,51.988,52.2,52.5,52.7,53.1,53.3,53.6,53.9,54.3,54.5,54.8,55.2,55.7,56.1,56.5,56.9,57.4,57.8,58.3,58.9,59.6,60.4,61.2,62.1,63.184,64.6,66.092,68.4
청소년,18,18,세,F,035,996,24.3,27.19,28.5,29.1,29.7,30.17,30.9,31.4,31.7,31.9,32.245,32.64,32.9,33.1,33.5,33.8,33.915,34.2,34.3,34.3,34.495,34.5,34.6,34.8,34.9,35.07,35.2,35.3,35.4,35.5,35.645,35.8,35.935,36.1,36.2,36.3,36.4,36.41,36.5,36.6,36.6,36.7,36.8,36.9,36.975,37.0,37.1,37.2,37.3,37.4,37.5,37.6,37.7,37.73,37.8,37.9,38.0,38.01,38.1,38.2,38.295,38.4,38.5,38.6,38.7,38.7,38.8,38.9,39.1,39.2,39.3,39.3,39.4,39.6,39.7,39.8,39.9,39.9,40.0,40.1,40.295,40.4,40.5,40.6,40.7,40.97,41.1,41.3,41.455,41.6,41.8,42.0,42.2,42.4,42.7,43.02,44.015,44.82,45.85
청소년,18,18,세,F,037,409,31.04,32.732,32.924,33.232,33.74,34.1,34.456,34.664,34.8,35.14,35.5,35.7,35.8,35.9,35.92,36.0,36.2,36.3,36.352,36.6,36.6,36.7,36.784,36.8,36.9,36.908,37.0,37.1,37.132,37.3,37.4,37.4,37.5,37.5,37.68,37.8,37.996,38.0,38.2,38.2,38.3,38.336,38.5,38.5,38.66,38.7,38.7,38.784,38.9,39.1,39.1,39.1,39.124,39.2,39.3,39.3,39.356,39.4,39.4,39.5,39.688,39.7,39.8,39.9,39.92,40.028,40.2,40.2,40.2,40.3,40.4,40.5,40.6,40.692,40.8,40.8,40.9,40.9,40.9,41.0,41.1,41.2,41.4,41.572,41.6,41.788,42.0,42.2,42.312,42.6,42.628,42.8,43.088,43.3,43.5,43.7,44.1,44.584,44.984
유아기,48,53,개월,M,012,839,-3.696,-1.5,0.0,0.552,1.0,1.428,2.0,2.0,2.242,2.58,3.0,3.0,3.294,3.5,3.87,4.0,4.146,4.3,4.766,5.0,5.0,5.0,5.474,5.5,5.85,6.0,6.0,6.0,6.3,6.5,6.778,7.0,7.0,7.0,7.0,7.336,7.5,7.644,8.0,8.0,8.0,8.0,8.3,8.5,8.5,8.7,9.0,9.0,9.0,9.0,9.2,9.5,9.5,9.7,10.0,10.0,10.0,10.0,10.0,10.2,10.418,10.5,10.6,11.0,11.0,11.0,11.0,11.2,11.5,11.6,12.0,12.0,12.0,12.012,12.25,12.5,12.5,13.0,13.0,13.0,13.2,13.5,13.6,14.0,14.0,14.0,14.306,14.5,14.882,15.0,15.0,15.496,15.668,16.0,16.5,17.0,17.5,18.024,19.4
유아기,48,53,개월,M,020,835,0.0,0.0,0.02,3.0,6.0,8.0,10.0,12.0,13.0,15.0,15.0,16.0,17.0,17.76,18.0,18.0,19.0,20.0,20.0,21.0,21.0,22.0,22.0,22.16,23.0,23.84,24.0,25.0,25.0,26.0,26.54,28.0,28.0,28.0,28.0,29.0,30.0,30.0,30.0,31.0,31.0,32.0,32.0,33.0,34.0,34.64,35.0,36.0,36.0,36.0,37.0,37.0,38.0,38.0,38.0,39.04,40.0,40.0,41.0,42.0,42.0,43.0,44.0,44.0,45.0,46.0,46.0,47.12,48.0,48.0,50.0,50.0,50.82,52.0,52.5,53.84,54.0,54.52,56.0,57.2,59.54,60.0,61.0,62.0,63.0,63.0,64.0,65.0,66.26,68.0,70.0,70.0,70.0,70.0,70.3,76.64,79.98,82.0,93.0
유아기,48,53,개월,M,022,837,10.0,17.16,20.0,25.0,30.0,30.0,30.0,35.0,37.0,40.0,41.96,43.0,45.0,45.0,48.0,49.76,50.0,50.0,50.0,51.0,53.0,53.92,55.0,55.0,55.0,55.0,57.0,58.0,60.0,60.0,60.0,60.0,60.0,60.0,61.0,62.0,63.0,63.0,64.0,65.0,65.0,65.0,65.0,66.0,67.0,67.0,68.0,70.0,70.0,70.0,70.0,70.0,70.0,70.0,70.0,71.16,72.0,73.0,74.0,74.6,75.0,75.0,75.0,75.0,75.0,75.0,75.0,76.0,77.0,77.2,78.0,79.0,80.0,80.0,80.0,80.0,80.0,81.0,82.0,83.0,84.0,85.0,85.0,85.0,85.0,87.0,88.0,90.0,90.0,90.0,92.0,95.0,95.0,95.0,98.0,100.0,101.0,105.0,106.28
유아기,48,53,개월,M,028,839,5.914,10.0,12.0,14.004,15.78,17.4,18.3,18.804,19.8,20.0,20.7,21.256,21.882,22.4,23.0,23.708,24.392,24.784,25.1,25.96,26.5,26.9,27.2,27.612,28.2,28.7,29.0,29.164,29.4,29.6,30.2,30.6,30.7,31.092,31.33,31.6,31.906,32.4,32.5,32.7,32.958,33.296,33.634,33.972,34.6,34.948,35.286,35.424,35.7,36.1,36.4,36.676,36.814,37.1,37.4,37.6,38.0,38.604,38.9,39.08,39.3,39.6,40.0,40.3,40.6,40.708,41.046,41.4,41.9,42.16,42.5,43.2,43.6,43.812,44.65,45.0,45.7,46.2,46.7,47.04,47.778,48.032,48.6,49.1,50.0,50.3,50.806,51.1,52.182,52.9,53.7,54.292,55.002,55.9,57.22,59.0,60.558,63.3,66.048
유아기,48,53,개월,M,050,836,8.215,8.728,8.902,9.03,9.1,9.133,9.269,9.358,9.42,9.47,9.5285,9.6,9.671,9.748,9.7978,9.856,9.8995,9.94,10.0265,10.1,10.1435,10.204,10.25,10.3,10.32,10.371,10.4,10.4274,10.47,10.5,10.54,10.59,10.65,10.709,10.75,10.8,10.81,10.85,10.8958,10.95,10.99,11.03,11.0605,11.1,11.16,11.2,11.21,11.25,11.28,11.315,11.3585,11.4,11.4055,11.467,11.5,11.548,11.57,11.603,11.6665,11.7,11.7635,11.78,11.84,11.88,11.94,11.982,12.03,12.06,12.1,12.175,12.2455,12.3,12.341,12.409,12.4425,12.5,12.54,12.7,12.793,12.89,13.0,13.128,13.3005,13.418,13.56,13.661,13.78,13.878,14.04,14.12,14.36,14.58,14.89,15.298,15.5,15.804,16.414,17.364,18.708
유아기,48,53,개월,M,051,837,21.9044,23.0144,23.7172,24.4008,24.892,25.1132,25.4004,25.6616,25.9348,26.3742,26.5292,26.7932,27.0108,27.1404,27.264,27.4628,27.6112,27.7244,27.9136,28.002,28.2412,28.3964,28.5,28.5964,28.7,28.8144,28.9372,29.0908,29.2352,29.416,29.5816,29.67,29.7788,29.9272,30.02,30.0896,30.1864,30.3104,30.5,30.65,30.8336,30.9812,31.0796,31.18,31.346,31.47,31.5192,31.7328,31.8192,31.96,32.12,32.19,32.3508,32.5388,32.632,32.8816,32.99,33.2328,33.4224,33.546,33.7484,33.8396,34.0372,34.282,34.468,34.6461,34.9012,35.1144,35.3,35.5658,35.8224,35.9218,36.0628,36.2664,36.38,36.5836,36.8344,37.0016,37.2152,37.496,37.78,38.132,38.4626,39.0224,39.7,39.9,40.2732,41.0744,41.4032,41.81,42.7164,43.6384,44.7832,45.8936,48.042,49.318,51.9956,54.8448,59.9568
유아기,48,53,개월,F,012,850,-2.0,1.196,2.0,2.692,3.0,3.694,4.0,4.5,4.841,5.0,5.439,5.6,6.0,6.0,6.3,6.5,6.6,7.0,7.0,7.0,7.2,7.5,7.727,8.0,8.0,8.0,8.423,8.5,8.621,9.0,9.0,9.0,9.1,9.3,9.5,9.5,9.6,9.962,10.0,10.0,10.0,10.0,10.0,10.2,10.4,10.5,10.503,10.8,11.0,11.0,11.0,11.0,11.3,11.446,11.5,11.688,12.0,12.0,12.0,12.0,12.0,12.2,12.5,12.5,12.985,13.0,13.0,13.0,13.0,13.2,13.4,13.5,13.6,13.8,14.0,14.0,14.0,14.0,14.3,14.5,14.5,15.0,15.0,15.0,15.165,15.4,15.5,16.0,16.0,16.0,16.3,16.5,16.7,17.0,17.0,17.5,18.0,18.5,19.5
유아기,48,53,개월,F,020,850,0.0,0.0,0.0,2.968,5.45,8.94,10.0,12.0,12.0,13.0,14.0,14.88,15.0,16.0,16.0,16.0,18.0,18.0,18.0,19.0,20.0,20.0,21.0,22.0,22.0,23.0,23.0,24.0,24.0,25.0,25.0,26.0,26.0,27.0,28.0,28.0,28.13,29.0,30.0,30.0,30.0,30.0,31.0,32.0,32.0,33.0,33.03,34.0,34.0,35.0,35.99,36.0,37.0,37.0,38.0,38.0,38.0,39.0,40.0,40.0,40.0,41.0,41.0,42.0,43.0,44.0,44.83,45.0,46.0,47.0,47.0,48.0,49.0,50.0,50.0,50.0,52.0,52.0,53.0,54.0,55.0,56.0,58.0,59.16,60.0,62.0,63.0,65.0,66.0,67.0,67.59,70.0,70.0,70.0,70.0,70.0,73.0,80.0,85.51
유아기,48,53,개월,F,022,850,13.49,15.0,20.0,25.0,30.0,30.0,31.43,35.0,37.0,40.0,40.0,40.0,44.37,45.0,46.0,48.0,50.0,50.0,50.0,50.0,50.0,50.0,52.0,52.0,53.0,55.0,55.0,55.0,55.0,57.0,58.0,60.0,60.0,60.0,60.0,60.0,60.0,60.0,61.0,62.0,63.0,63.0,64.0,65.0,65.0,65.0,65.0,65.0,65.01,66.0,67.0,67.0,68.0,69.46,70.0,70.0,70.0,70.0,70.0,70.0,70.0,70.0,71.0,71.36,72.0,73.0,73.0,74.0,75.0,75.0,75.0,75.0,75.0,76.0,77.0,77.0,78.0,79.0,80.0,80.0,80.0,80.0,80.0,81.16,82.0,83.0,84.0,85.0,85.0,86.0,87.0,90.0,90.0,90.0,94.55,95.0,98.53,100.0,104.02
유아기,48,53,개월,F,028,850,6.447,11.8,13.241,14.596,16.645,17.188,18.7,19.192,19.6,20.1,20.617,21.3,21.9,22.3,22.635,22.9,23.233,23.782,24.2,24.7,25.0,25.278,25.727,26.0,26.2,26.5,26.7,26.972,27.321,27.8,28.119,28.4,28.9,29.166,29.315,29.4,29.9,30.262,30.411,30.76,31.1,31.3,31.6,31.8,32.305,32.654,33.003,33.3,33.601,33.9,34.2,34.4,34.6,34.8,34.9,35.5,35.993,36.342,36.5,36.94,37.2,37.438,37.9,38.236,38.5,38.768,39.083,39.332,39.881,40.0,40.3,40.828,41.2,41.752,41.9,42.4,43.2,43.5,43.942,44.3,44.669,45.2,45.434,45.8,46.365,47.228,48.2,49.0,49.4,50.82,51.459,52.408,53.0,54.406,55.42,57.516,58.906,61.7,64.304
유아기,48,53,개월,F,050,846,8.709,8.909,9.1235,9.19,9.355,9.44,9.5615,9.6,9.64,9.695,9.7785,9.85,9.9085,9.97,10.0,10.032,10.09,10.13,10.1755,10.25,10.309,10.338,10.38,10.41,10.48,10.524,10.5615,10.62,10.6605,10.7,10.72,10.75,10.78,10.8,10.83,10.88,10.9065,10.961,11.03,11.06,11.09,11.13,11.16,11.22,11.28,11.3,11.3115,11.346,11.4,11.44,11.48,11.504,11.55,11.59,11.62,11.682,11.7302,11.78,11.82,11.87,11.91,11.96,12.0,12.06,12.0925,12.12,12.2,12.242,12.32,12.38,12.41,12.4572,12.5,12.56,12.5975,12.63,12.713,12.76,12.7855,12.9,13.0,13.1,13.16,13.28,13.355,13.467,13.5415,13.612,13.72,13.871,13.9795,14.118,14.327,14.615,14.9025,15.152,15.5765,16.671,19.4335
유아기,48,53,개월,F,051,849,22.9442,23.8032,24.3832,24.97,25.186,25.4499,25.6288,26.0184,26.2464,26.568,26.7708,27.0828,27.21,27.3372,27.462,27.5736,27.74,27.9384,28.05,28.19,28.2708,28.3524,28.5404,28.7152,28.8,28.9096,29.0488,29.1388,29.27,29.394,29.5,29.65,29.8584,30.0232,30.168,30.2784,30.4176,30.55,30.7189,30.824,30.9304,31.0316,31.1992,31.28,31.48,31.5808,31.7556,32.0008,32.1,32.18,32.2948,32.4784,32.5944,32.6884,32.7588,32.86,32.9336,33.03,33.18,33.372,33.6628,33.89,34.0244,34.2,34.552,34.7776,34.9832,35.0545,35.21,35.336,35.47,35.6356,35.7712,36.0904,36.29,36.4444,36.5898,36.6864,37.156,37.44,37.73,38.0644,38.4168,38.69,38.928,39.3308,39.6852,40.5624,40.986,41.706,42.5552,43.5244,44.192,45.1844,46.264,47.934,49.3488,52.7312,56.1536
유아기,54,59,개월,M,012,1942,-4.677,-2.918,-1.354,-0.3,0.0,0.646,1.0,1.2,1.6,2.0,2.0,2.0,2.4,2.8,3.0,3.0,3.3,3.5,4.0,4.0,4.1,4.3,4.5,4.9,5.0,5.0,5.1,5.5,5.5,5.8,6.0,6.0,6.0,6.0,6.4,6.5,6.5,7.0,7.0,7.0,7.0,7.0,7.2,7.4,7.5,7.5,7.7,8.0,8.0,8.0,8.0,8.1,8.3,8.5,8.5,8.8,9.0,9.0,9.0,9.0,9.2,9.5,9.6,10.0,10.0,10.0,10.0,10.2,10.3,10.5,10.6,11.0,11.0,11.0,11.0,11.3,11.5,12.0,12.0,12.0,12.2,12.5,12.6,13.0,13.0,13.0,13.4,13.7,14.0,14.0,14.331,15.0,15.0,15.054,15.695,16.0,16.854,18.0,19.0
유아기,54,59,개월,M,020,1938,2.0,5.0,9.11,10.0,11.0,13.0,14.0,15.0,16.0,17.0,18.0,19.0,19.0,20.0,21.0,22.0,23.0,24.0,24.0,25.0,25.77,26.0,26.51,27.0,28.0,29.0,30.0,30.0,31.0,32.0,32.0,33.0,33.0,34.0,35.0,36.0,36.0,37.0,37.0,38.0,38.0,40.0,40.0,40.0,41.0,42.0,43.0,44.0,44.0,45.0,45.0,47.0,47.0,48.0,48.35,50.0,50.0,51.0,52.0,52.0,53.0,54.0,55.0,56.0,56.0,58.0,59.0,60.0,60.0,60.0,62.0,62.0,62.0,63.0,64.0,64.0,65.0,67.0,68.0,69.6,70.0,72.0,73.0,75.0,76.0,78.0,79.0,80.0,80.0,80.0,83.0,85.0,88.0,92.78,93.0,99.04,100.0,100.0,100.0
유아기,54,59,개월,M,022,1939,25.0,30.0,36.0,40.0,45.0,50.0,50.0,54.0,55.0,56.0,60.0,60.0,60.0,60.0,62.0,64.0,65.0,65.0,65.0,66.0,68.0,69.0,70.0,70.0,70.0,70.0,70.0,72.0,72.0,73.0,74.0,75.0,75.0,75.0,75.0,75.0,77.0,77.44,78.0,79.0,80.0,80.0,80.0,80.0,80.0,80.0,81.0,82.0,82.0,83.0,84.0,85.0,85.0,85.0,85.0,85.0,85.0,87.0,87.0,88.0,89.0,90.0,90.0,90.0,90.0,90.0,90.0,92.0,93.0,93.0,94.0,95.0,95.0,95.0,95.0,95.0,95.26,97.0,98.0,98.0,99.0,100.0,100.0,100.0,100.0,101.0,102.0,103.0,105.0,105.0,105.0,106.0,107.0,110.0,110.0,110.0,113.86,115.0,120.0
유아기,54,59,개월,M,028,1943,11.442,15.684,17.926,19.3,21.31,22.4,23.5,24.1,24.7,25.32,25.9,26.5,27.2,27.6,27.9,28.572,28.9,29.4,29.8,30.2,30.782,31.3,31.6,32.0,32.4,32.992,33.5,33.8,34.018,34.5,34.8,35.1,35.4,35.7,36.1,36.4,36.654,36.9,37.338,37.6,38.0,38.3,38.7,38.948,39.4,39.7,40.0,40.2,40.7,40.9,41.2,41.7,41.9,42.3,42.8,43.2,43.5,43.9,44.1,44.4,44.7,45.2,45.5,45.7,46.2,46.5,46.9,47.3,47.9,48.2,48.5,49.024,49.4,49.7,50.0,50.484,50.7,51.1,51.5,51.8,52.3,52.6,52.986,53.5,54.1,54.612,55.2,55.6,56.1,56.8,57.822,58.364,59.206,60.0,60.99,62.228,63.374,65.416,68.2
유아기,54,59,개월,M,050,1935,7.9734,8.1068,8.2502,8.4036,8.52,8.6004,8.68,8.7272,8.7906,8.844,8.92,8.97,9.0,9.06,9.12,9.16,9.2,9.25,9.28,9.31,9.35,9.4,9.41,9.47,9.495,9.5284,9.57,9.6,9.6486,9.69,9.7295,9.75,9.8,9.82,9.85,9.9,9.93,9.9692,10.0,10.01,10.05,10.1,10.12,10.1596,10.2,10.2464,10.29,10.3132,10.37,10.43,10.4634,10.5,10.53,10.56,10.59,10.62,10.66,10.71,10.7706,10.804,10.85,10.91,10.95,11.0,11.03,11.07,11.0978,11.1312,11.2,11.25,11.3014,11.37,11.41,11.4716,11.53,11.62,11.6818,11.75,11.8,11.884,11.98,12.04,12.1422,12.23,12.319,12.43,12.53,12.6892,12.8252,12.91,13.0594,13.22,13.4762,13.7488,14.1,14.48,15.0786,15.6396,17.0728
유아기,54,59,개월,M,051,1938,20.1644,21.27,21.9355,22.3213,22.841,23.1,23.3336,23.5,23.7,23.937,24.14,24.28,24.45,24.5818,24.74,24.8692,24.9729,25.09,25.2221,25.35,25.44,25.54,25.6551,25.76,25.85,25.97,26.06,26.17,26.27,26.381,26.52,26.6452,26.7021,26.77,26.88,26.9673,27.01,27.0906,27.2,27.324,27.4751,27.6372,27.7791,27.8828,27.9865,28.08,28.1739,28.3376,28.42,28.52,28.63,28.77,28.8961,29.0,29.1,29.18,29.2709,29.4346,29.56,29.67,29.8057,29.9,30.0,30.1268,30.2905,30.42,30.54,30.6732,30.8853,31.049,31.1827,31.3693,31.52,31.6552,31.8575,31.9736,32.1547,32.3786,32.5323,32.886,33.04,33.3134,33.5442,33.72,34.05,34.361,34.6419,34.9912,35.3693,35.7,36.1267,36.6508,37.4805,38.2678,39.2095,40.5552,42.0945,45.19,51.7675
유아기,54,59,개월,F,012,1836,-1.555,0.6,1.2,2.0,2.5,3.0,3.045,3.5,4.0,4.0,4.3,5.0,5.0,5.0,5.4,5.7,6.0,6.0,6.2,6.5,6.7,7.0,7.0,7.0,7.175,7.4,7.5,7.8,8.0,8.0,8.0,8.1,8.3,8.5,8.585,8.96,9.0,9.0,9.1,9.3,9.5,9.5,9.8,10.0,10.0,10.0,10.0,10.2,10.5,10.5,10.785,11.0,11.0,11.0,11.0,11.3,11.5,11.53,12.0,12.0,12.0,12.0,12.105,12.3,12.5,12.5,12.7,13.0,13.0,13.0,13.1,13.3,13.5,13.6,13.825,14.0,14.0,14.0,14.2,14.4,14.6,15.0,15.0,15.0,15.1,15.5,16.0,16.0,16.1,16.4,16.7,17.0,17.0,17.5,18.0,18.1,18.985,19.13,20.365
유아기,54,59,개월,F,020,1828,2.0,5.0,7.0,10.0,12.0,13.0,14.0,15.0,16.0,17.0,18.0,18.24,20.0,20.0,21.0,22.0,22.0,23.0,24.0,24.0,25.0,25.0,26.0,26.0,27.0,28.0,28.0,29.0,29.83,30.0,30.0,31.0,32.0,32.0,32.0,33.0,34.0,34.0,34.0,35.0,36.0,36.0,37.0,38.0,38.0,40.0,40.0,40.96,42.0,42.0,43.0,43.0,44.0,45.0,45.0,46.0,46.0,47.66,48.0,49.0,50.0,50.0,51.0,52.0,52.0,53.0,54.0,55.0,56.0,57.0,58.0,59.0,60.0,60.0,62.0,62.0,62.0,63.0,64.0,65.0,67.0,67.0,68.0,70.0,71.0,72.0,73.0,75.0,76.0,78.0,80.0,80.0,80.0,81.0,84.0,87.0,92.19,95.46,100.0
유아기,54,59,개월,F,022,1835,27.36,35.68,43.04,48.36,50.0,50.0,54.0,55.0,55.06,57.0,59.0,60.0,60.0,60.0,60.0,62.0,62.0,63.0,64.0,64.0,65.0,65.0,65.0,65.0,65.0,67.0,67.18,68.0,69.0,70.0,70.0,70.0,70.0,70.0,70.0,71.0,71.0,72.0,73.0,73.0,74.0,75.0,75.0,75.0,75.0,75.0,75.0,76.0,77.0,77.0,78.0,79.0,80.0,80.0,80.0,80.0,80.0,80.0,80.0,81.0,82.0,82.0,83.0,83.0,84.1,85.0,85.0,85.0,85.0,85.0,86.0,87.0,88.0,88.16,90.0,90.0,90.0,90.0,90.0,90.0,91.0,92.0,93.0,94.0,95.0,95.0,95.0,95.0,97.0,97.0,98.94,100.0,100.0,101.0,103.0,105.0,105.0,110.0,112.66
유아기,54,59,개월,F,028,1836,10.435,13.27,15.3,16.7,17.975,18.6,19.445,20.3,21.1,21.6,22.2,22.7,23.4,24.19,24.8,25.46,25.8,26.3,26.7,27.2,27.8,28.1,28.4,28.8,29.1,29.4,29.8,30.2,30.6,31.0,31.385,31.6,31.9,32.29,32.7,33.0,33.3,33.53,34.0,34.4,34.7,34.9,35.105,35.44,35.7,36.01,36.4,36.8,37.0,37.2,37.5,37.9,38.3,38.7,39.0,39.3,39.8,40.1,40.465,40.7,41.0,41.37,41.7,41.9,42.275,42.61,43.045,43.38,43.8,44.2,44.585,44.82,45.2,45.69,46.0,46.46,46.8,47.3,47.7,48.1,48.3,48.6,49.305,50.0,50.3,50.81,51.445,52.0,52.6,53.3,54.055,55.2,55.9,57.1,58.0,59.2,61.0,62.29,65.2
유아기,54,59,개월,F,050,1828,8.1308,8.4,8.5581,8.72,8.7955,8.87,8.97,9.0,9.06,9.12,9.16,9.22,9.28,9.34,9.3805,9.43,9.47,9.51,9.57,9.614,9.66,9.69,9.72,9.75,9.7975,9.81,9.86,9.9056,9.95,9.991,10.02,10.0464,10.0991,10.12,10.1445,10.19,10.2,10.25,10.28,10.3,10.34,10.38,10.41,10.45,10.48,10.5,10.53,10.56,10.59,10.63,10.68,10.72,10.75,10.8,10.84,10.88,10.91,10.94,10.972,11.002,11.05,11.09,11.13,11.16,11.2,11.2493,11.2909,11.34,11.38,11.43,11.5,11.53,11.56,11.6,11.6525,11.69,11.73,11.8,11.8623,11.9,11.95,12.0014,12.1,12.1968,12.2995,12.3922,12.4649,12.54,12.66,12.753,12.8614,13.06,13.2222,13.5376,13.9,14.2184,14.6676,15.3538,16.8841
유아기,54,59,개월,F,051,1827,20.91,21.7804,22.4378,22.9112,23.2361,23.5578,23.79,24.01,24.1834,24.44,24.61,24.7912,24.94,25.0692,25.228,25.4,25.5584,25.71,25.8,25.9024,26.0,26.0872,26.19,26.3,26.38,26.4876,26.6102,26.72,26.79,26.89,26.9906,27.07,27.19,27.26,27.391,27.46,27.55,27.62,27.72,27.794,27.8766,28.0,28.1,28.21,28.367,28.46,28.54,28.64,28.7474,28.88,29.0,29.0752,29.1978,29.3,29.393,29.52,29.6639,29.8108,29.9268,30.046,30.19,30.33,30.463,30.5528,30.7,30.8,30.9042,31.0368,31.1594,31.312,31.4546,31.5872,31.7798,31.9124,32.045,32.1576,32.4704,32.72,32.8908,33.016,33.25,33.4864,33.65,33.9487,34.103,34.3908,34.7,34.9388,35.237,35.689,36.09,36.6752,37.209,37.702,38.207,38.8196,40.3286,41.9144,45.2566
유아기,60,65,개월,M,009,2629,0.0,0.0,0.0,0.0,0.0,0.0,0.0,0.0,0.0,0.0,0.0,0.0,0.0,0.0,0.0,0.0,1.0,1.0,1.0,1.0,1.0,1.0,1.0,1.0,1.0,2.0,2.0,2.0,2.0,2.0,2.0,2.0,2.0,3.0,3.0,3.0,3.0,3.0,3.0,3.0,3.0,3.0,3.0,4.0,4.0,4.0,4.0,4.0,4.0,4.0,5.0,5.0,5.0,5.0,5.0,5.0,6.0,6.0,6.0,6.0,6.0,6.0,7.0,7.0,7.0,7.0,7.0,8.0,8.0,8.0,8.0,9.0,9.0,9.0,10.0,10.0,10.0,10.0,10.0,10.0,11.0,12.0,12.0,12.0,13.0,13.0,13.0,13.64,14.0,15.0,16.0,17.0,18.0,20.0,20.0,21.0,22.0,26.0,33.0
유아기,60,65,개월,M,012,2637,-4.0,-2.5,-1.1,-0.4,0.0,0.2,1.0,1.0,1.5,2.0,2.0,2.0,2.4,2.5,3.0,3.0,3.0,3.2,3.5,3.72,4.0,4.0,4.0,4.3,4.5,4.7,5.0,5.0,5.0,5.2,5.5,5.7,6.0,6.0,6.0,6.0,6.2,6.5,6.5,6.94,7.0,7.0,7.0,7.0,7.2,7.5,7.5,7.9,8.0,8.0,8.0,8.1,8.3,8.5,8.6,9.0,9.0,9.0,9.0,9.2,9.5,9.5,9.7,10.0,10.0,10.0,10.0,10.2,10.4,10.5,10.6,11.0,11.0,11.0,11.3,11.5,11.7,12.0,12.0,12.0,12.3,12.5,12.8,13.0,13.0,13.2,13.5,14.0,14.0,14.3,14.676,15.0,15.1,15.7,16.0,16.5,17.0,17.6,18.5
유아기,60,65,개월,M,020,2632,4.0,8.0,10.465,12.0,14.0,15.0,17.0,18.0,19.0,20.0,21.0,22.0,22.0,24.0,24.0,25.0,26.0,27.0,28.0,29.0,30.0,30.0,31.0,32.0,33.0,34.0,35.0,36.0,36.0,37.0,38.0,38.0,39.23,40.0,41.0,42.0,42.0,43.0,44.0,45.0,45.0,47.0,48.0,49.0,50.0,50.0,52.0,53.0,54.0,55.0,56.0,57.0,58.0,59.0,60.0,60.0,61.0,62.0,62.0,63.0,63.0,64.0,65.0,66.0,67.0,67.0,68.0,69.0,70.0,70.0,72.0,73.0,74.0,75.0,76.0,78.0,78.0,78.0,80.0,80.0,80.0,80.0,81.0,83.0,85.0,87.0,90.0,93.0,93.0,93.0,95.0,98.0,100.0,100.0,100.0,100.0,100.0,100.0,105.0
유아기,60,65,개월,M,022,2637,31.36,45.72,50.0,55.0,60.0,60.0,64.0,65.0,66.24,69.0,70.0,70.0,70.0,72.0,73.0,74.0,75.0,75.0,75.0,78.0,78.0,80.0,80.0,80.0,80.0,80.0,81.0,82.0,82.0,83.0,84.0,85.0,85.0,85.0,85.0,85.0,86.0,87.0,88.0,89.0,90.0,90.0,90.0,90.0,90.0,90.0,90.0,91.0,92.0,92.0,93.0,94.0,95.0,95.0,95.0,95.0,95.0,95.0,95.0,96.0,97.0,97.32,98.0,99.0,100.0,100.0,100.0,100.0,100.0,100.0,100.0,101.0,101.0,102.0,103.0,103.0,104.0,105.0,105.0,105.0,105.0,105.0,106.0,107.24,108.0,110.0,110.0,110.0,110.0,110.0,112.0,115.0,115.0,115.0,118.0,120.0,120.0,123.0,128.0
유아기,60,65,개월,M,028,2637,12.7,16.344,19.6,21.4,22.46,23.616,24.752,25.8,26.5,27.2,27.8,28.432,28.9,29.7,30.3,30.9,31.6,32.1,32.6,33.0,33.5,33.8,34.128,34.6,34.9,35.336,35.7,35.908,36.6,37.0,37.5,37.8,38.3,38.6,38.8,39.2,39.5,39.8,40.2,40.5,40.876,41.2,41.5,41.7,42.1,42.5,42.9,43.2,43.6,44.0,44.2,44.4,44.9,45.2,45.5,45.7,46.1,46.3,46.6,46.86,47.1,47.5,47.8,48.1,48.6,49.0,49.3,49.7,50.0,50.3,50.5,50.992,51.2,51.5,51.9,52.236,52.6,52.9,53.3,53.7,54.1,54.5,55.0,55.3,55.6,56.1,56.6,57.1,57.504,58.0,58.5,59.5,60.4,61.5,62.5,63.8,65.492,68.528,72.6
유아기,60,65,개월,M,050,2630,7.56,7.8358,8.0,8.1016,8.1845,8.2774,8.3403,8.4032,8.44,8.5,8.53,8.57,8.6,8.6506,8.69,8.72,8.75,8.81,8.85,8.9,8.93,8.97,9.0,9.03,9.0725,9.1,9.14,9.18,9.22,9.25,9.28,9.3017,9.34,9.37,9.4,9.44,9.47,9.4902,9.52,9.55,9.58,9.61,9.64,9.6776,9.7,9.72,9.76,9.78,9.82,9.845,9.89,9.91,9.94,9.99,10.0,10.03,10.08,10.1,10.1311,10.18,10.22,10.26,10.3027,10.34,10.3985,10.43,10.46,10.5,10.56,10.59,10.62,10.67,10.75,10.7946,10.86,10.91,10.97,11.0262,11.09,11.132,11.21,11.3178,11.3807,11.5,11.5765,11.6594,11.78,11.88,12.0,12.09,12.21,12.3814,12.5997,12.8052,13.081,13.48,14.1626,14.8084,16.9014
유아기,60,65,개월,M,051,2633,18.4648,19.6428,20.0,20.4785,20.766,21.08,21.3624,21.6,21.807,22.0,22.1752,22.3676,22.5,22.62,22.75,22.95,23.08,23.1676,23.3,23.42,23.57,23.68,23.81,23.9297,24.04,24.1526,24.2564,24.36,24.45,24.556,24.6396,24.73,24.82,24.9,24.992,25.0652,25.17,25.24,25.3148,25.4208,25.51,25.59,25.65,25.7316,25.82,25.9072,26.0,26.0894,26.2,26.29,26.3932,26.48,26.5925,26.68,26.75,26.85,26.9324,27.01,27.09,27.16,27.26,27.3884,27.51,27.6,27.686,27.78,27.92,28.0376,28.2,28.33,28.47,28.6704,28.8172,28.9968,29.11,29.3032,29.4506,29.6496,29.8242,30.01,30.23,30.41,30.6056,30.7888,31.0,31.3204,31.6084,31.8432,32.16,32.56,32.9872,33.4944,34.0786,34.6964,35.578,37.1376,38.8036,41.3852,47.3888
유아기,60,65,개월,F,012,2583,-2.0,0.0,1.0,1.5,2.0,2.8,3.0,3.3,3.7,4.0,4.2,4.5,4.766,5.0,5.0,5.3,5.5,5.8,6.0,6.0,6.3,6.5,6.786,7.0,7.0,7.2,7.4,7.5,7.678,8.0,8.0,8.0,8.0,8.3,8.5,8.6,8.8,9.0,9.0,9.0,9.1,9.3,9.5,9.5,9.8,10.0,10.0,10.0,10.0,10.0,10.2,10.4,10.5,10.7,11.0,11.0,11.0,11.0,11.3,11.5,11.7,12.0,12.0,12.0,12.1,12.4,12.5,12.9,13.0,13.0,13.0,13.1,13.3,13.5,13.5,14.0,14.0,14.0,14.1,14.4,14.5,15.0,15.0,15.0,15.0,15.2,15.5,15.8,16.0,16.1,16.5,16.844,17.0,17.2,17.5,18.0,18.408,19.3,20.336
유아기,60,65,개월,F,020,2578,3.0,9.0,11.0,12.0,14.0,15.0,16.0,17.0,18.0,19.0,20.0,20.0,21.0,22.0,23.0,23.32,24.0,24.0,25.0,26.0,26.0,27.0,28.0,29.0,30.0,30.0,31.0,32.0,32.0,33.0,34.0,34.0,35.0,36.0,36.0,37.0,37.0,38.0,39.0,40.0,40.0,41.0,42.0,42.0,43.0,44.0,45.0,46.0,47.0,48.0,49.0,50.0,51.0,52.0,52.0,53.0,54.0,54.0,55.0,56.0,57.0,58.0,59.0,60.0,60.0,62.0,62.0,63.0,64.0,65.0,66.67,67.0,68.0,69.98,70.0,72.0,73.0,74.0,75.0,76.0,78.0,78.0,79.0,80.0,80.0,80.0,82.0,84.0,85.0,88.0,90.0,92.0,93.0,96.0,100.0,100.0,100.0,100.0,101.0
유아기,60,65,개월,F,022,2581,40.0,50.0,52.0,55.0,57.0,60.0,60.0,60.4,63.0,64.0,65.0,65.0,66.0,67.0,68.0,70.0,70.0,70.0,70.0,70.0,70.0,72.0,73.0,73.0,75.0,75.0,75.0,75.0,75.0,75.0,76.0,77.0,78.0,79.0,80.0,80.0,80.0,80.0,80.0,80.0,80.0,81.0,82.0,83.0,83.0,84.0,85.0,85.0,85.0,85.0,85.0,85.0,85.0,85.2,86.0,87.0,88.0,88.0,89.0,90.0,90.0,90.0,90.0,90.0,90.0,90.0,90.0,91.0,92.0,92.0,93.0,94.0,95.0,95.0,95.0,95.0,95.0,95.0,96.0,97.0,97.0,98.0,100.0,100.0,100.0,100.0,100.0,100.0,101.0,102.0,103.0,105.0,105.0,105.0,108.0,110.0,110.0,113.0,117.0
유아기,60,65,개월,F,028,2583,13.3,16.264,17.946,19.8,21.1,21.7,22.5,23.456,24.2,24.9,25.5,26.2,26.8,27.4,27.6,28.0,28.6,29.2,29.7,30.2,30.7,31.0,31.4,31.6,32.1,32.4,32.714,33.096,33.3,33.7,34.042,34.3,34.6,34.9,35.2,35.5,35.9,36.316,36.6,37.0,37.4,37.8,38.1,38.308,38.6,38.9,39.2,39.5,39.9,40.2,40.5,40.8,41.0,41.4,41.8,42.1,42.6,42.8,43.0,43.2,43.602,44.0,44.4,44.7,45.0,45.5,45.894,46.2,46.5,46.84,47.2,47.5,47.9,48.1,48.5,48.8,49.2,49.7,50.0,50.5,50.8,51.1,51.4,51.7,52.2,52.6,53.034,53.716,54.3,54.8,55.262,55.9,56.7,57.308,58.1,59.272,60.6,62.5,65.318
유아기,60,65,개월,F,050,2574,7.9673,8.1146,8.3,8.42,8.5065,8.59,8.66,8.72,8.7957,8.87,8.9003,8.9476,9.0,9.03,9.1,9.12,9.16,9.19,9.23,9.28,9.3033,9.34,9.37,9.4152,9.46,9.5,9.52,9.56,9.59,9.6,9.6406,9.66,9.7,9.7182,9.75,9.78,9.81,9.85,9.88,9.9,9.94,9.97,10.0,10.03,10.0685,10.1,10.13,10.16,10.19,10.22,10.25,10.28,10.3,10.32,10.35,10.38,10.41,10.43,10.47,10.5,10.53,10.56,10.6,10.6272,10.68,10.7,10.7391,10.76,10.8043,10.84,10.88,10.9222,10.96,11.0,11.04,11.09,11.13,11.19,11.24,11.28,11.323,11.38,11.44,11.5,11.56,11.62,11.6961,11.8,11.9,12.0,12.13,12.25,12.38,12.53,12.8,13.104,13.4,13.8862,14.9435
유아기,60,65,개월,F,051,2576,19.1975,20.0,20.5585,20.97,21.25,21.52,21.7663,22.08,22.28,22.48,22.7,22.83,23.0275,23.21,23.3262,23.46,23.5675,23.67,23.8,23.93,24.0375,24.11,24.18,24.25,24.37,24.49,24.5915,24.71,24.7975,24.875,24.96,25.04,25.11,25.1685,25.24,25.32,25.43,25.515,25.6,25.69,25.8075,25.905,26.0,26.079,26.1775,26.25,26.3693,26.46,26.56,26.66,26.78,26.86,26.96,27.04,27.16,27.28,27.37,27.48,27.57,27.69,27.7575,27.86,27.96,28.04,28.1375,28.25,28.38,28.49,28.61,28.7045,28.8225,28.99,29.08,29.2,29.3925,29.56,29.68,29.81,29.98,30.12,30.3075,30.485,30.73,30.95,31.105,31.38,31.6,31.81,32.0475,32.352,32.7475,33.23,33.8475,34.305,35.0125,35.72,37.0575,38.41,40.92
유아기,66,71,개월,M,009,2987,0.0,0.0,0.0,0.0,0.0,0.0,0.0,0.0,0.0,0.0,1.0,1.0,1.0,1.0,1.0,1.0,1.0,1.0,1.0,2.0,2.0,2.0,2.0,2.0,2.0,2.0,3.0,3.0,3.0,3.0,3.0,3.0,3.0,3.0,4.0,4.0,4.0,4.0,4.0,5.0,5.0,5.0,5.0,5.0,5.0,5.0,5.0,6.0,6.0,6.0,6.0,6.0,7.0,7.0,7.0,7.0,7.0,7.0,8.0,8.0,8.0,8.0,9.0,9.0,9.0,10.0,10.0,10.0,10.0,10.0,10.0,11.0,11.0,11.0,12.0,12.0,12.0,13.0,13.0,13.0,14.0,14.0,15.0,15.0,15.0,16.0,17.0,18.0,19.0,20.0,20.0,20.0,21.0,23.0,25.0,28.0,30.0,35.0,42.0
유아기,66,71,개월,M,012,2992,-6.0,-3.5,-2.0,-1.0,-0.5,0.0,0.2,0.7,1.0,1.0,1.5,1.792,2.0,2.0,2.2,2.556,3.0,3.0,3.0,3.5,3.711,4.0,4.0,4.0,4.3,4.5,4.857,5.0,5.0,5.0,5.2,5.5,5.5,6.0,6.0,6.0,6.0,6.2,6.5,6.5,6.731,7.0,7.0,7.0,7.0,7.2,7.5,7.5,7.6,8.0,8.0,8.0,8.1,8.4,8.5,8.8,9.0,9.0,9.0,9.1,9.4,9.5,9.8,10.0,10.0,10.0,10.1,10.3,10.5,10.5,10.9,11.0,11.0,11.0,11.2,11.5,11.5,12.0,12.0,12.0,12.0,12.5,12.6,13.0,13.0,13.2,13.5,14.0,14.0,14.0,14.5,15.0,15.0,15.654,16.0,16.236,17.0,17.2,18.2
유아기,66,71,개월,M,020,2985,5.84,10.0,12.0,14.0,15.0,16.0,18.0,19.0,20.0,21.0,22.0,23.0,24.0,25.0,26.0,27.0,28.0,30.0,30.0,32.0,33.0,33.48,34.0,36.0,36.0,38.0,39.0,40.0,41.0,42.0,43.0,44.0,45.0,46.0,47.0,49.0,50.0,50.0,51.0,52.0,53.0,54.0,56.0,57.0,58.0,60.0,60.0,61.0,62.0,63.0,65.0,66.0,68.0,69.0,70.0,70.0,71.0,73.0,74.56,76.0,77.0,78.0,78.0,79.0,80.0,80.0,80.0,81.0,83.0,84.0,85.0,86.0,89.0,90.0,93.0,93.0,93.0,93.0,93.0,93.0,95.0,96.0,100.0,100.0,100.0,100.0,100.0,100.0,100.0,100.0,100.0,100.0,100.0,100.0,100.0,101.0,105.0,112.0,120.0
유아기,66,71,개월,M,022,2990,30.0,52.78,60.0,61.56,65.0,67.0,70.0,70.0,73.0,75.0,75.0,78.0,80.0,80.0,80.0,81.0,82.0,84.0,85.0,85.0,85.0,86.0,87.0,88.0,90.0,90.0,90.0,90.0,90.0,90.0,92.0,92.0,93.0,94.0,95.0,95.0,95.0,95.0,95.0,95.0,96.0,97.0,98.0,99.0,100.0,100.0,100.0,100.0,100.0,100.0,100.0,100.0,101.0,102.0,102.0,103.0,103.0,104.0,104.0,105.0,105.0,105.0,105.0,105.0,105.0,106.0,107.0,107.0,108.0,109.0,110.0,110.0,110.0,110.0,110.0,110.0,111.0,112.0,113.0,114.0,115.0,115.0,115.0,115.0,116.65,118.0,120.0,120.0,120.0,120.0,120.0,122.88,125.0,125.0,126.55,130.0,130.0,135.0,140.0
유아기,66,71,개월,M,028,2993,17.3,20.7,22.9,24.0,25.36,26.6,27.4,28.2,29.1,29.72,30.4,31.004,31.596,32.3,32.88,33.3,33.9,34.3,34.8,35.3,35.7,36.2,36.8,37.2,37.6,38.292,38.584,38.9,39.3,39.7,40.0,40.3,40.6,41.0,41.2,41.4,41.8,42.1,42.4,42.8,43.1,43.4,43.7,44.0,44.3,44.7,45.0,45.416,45.7,45.9,46.2,46.5,46.8,47.1,47.4,47.6,48.0,48.3,48.6,48.8,49.2,49.604,50.0,50.3,50.8,51.0,51.3,51.556,51.9,52.3,52.5,52.724,53.0,53.4,53.7,54.1,54.3,54.7,55.1,55.6,55.9,56.444,56.8,57.3,57.6,58.0,58.5,59.0,59.5,60.3,61.0,61.964,63.156,63.648,64.94,66.032,67.6,70.016,73.5
유아기,66,71,개월,M,050,2989,7.2464,7.44,7.5864,7.7052,7.81,7.89,7.9616,8.0,8.06,8.098,8.13,8.16,8.2,8.25,8.3,8.32,8.37,8.4,8.43,8.47,8.5,8.53,8.57,8.6,8.63,8.66,8.69,8.72,8.76,8.8,8.81,8.84,8.88,8.9,8.938,8.97,8.99,9.0,9.0432,9.076,9.1,9.12,9.14,9.1772,9.196,9.22,9.27,9.2902,9.31,9.34,9.38,9.41,9.44,9.47,9.5,9.53,9.56,9.59,9.62,9.65,9.6868,9.7156,9.75,9.7732,9.8,9.84,9.88,9.92,9.9672,10.0,10.03,10.07,10.1,10.14,10.19,10.23,10.29,10.33,10.4,10.44,10.5,10.53,10.59,10.6692,10.728,10.7968,10.9,11.0,11.1,11.2,11.36,11.5592,11.7884,11.9972,12.22,12.5144,12.87,13.9632,15.0636
유아기,66,71,개월,M,051,2988,17.4174,18.1296,18.8,19.2644,19.56,19.7624,19.9802,20.23,20.42,20.6,20.74,20.93,21.04,21.19,21.29,21.3848,21.4979,21.62,21.74,21.89,21.99,22.1,22.22,22.31,22.4375,22.5162,22.5949,22.69,22.7754,22.8591,22.9497,22.9984,23.0788,23.1458,23.2145,23.3132,23.3719,23.45,23.52,23.6,23.6633,23.75,23.8,23.88,23.95,24.0302,24.11,24.2,24.2763,24.345,24.44,24.5224,24.61,24.7098,24.7785,24.85,24.93,25.0,25.0833,25.184,25.3107,25.44,25.5481,25.64,25.75,25.9,26.0,26.1016,26.2403,26.329,26.4,26.52,26.6851,26.8838,27.0025,27.1807,27.3199,27.51,27.68,27.89,28.0547,28.23,28.3921,28.57,28.74,29.0,29.23,29.4556,29.74,30.0,30.2983,30.6908,31.3,31.7778,32.473,33.3,34.4397,36.2742,41.1191
유아기,66,71,개월,F,009,2846,0.0,0.0,0.0,0.0,0.0,0.0,0.0,0.0,0.0,1.0,1.0,1.0,1.0,1.0,1.0,1.0,1.0,2.0,2.0,2.0,2.0,2.0,2.0,2.0,3.0,3.0,3.0,3.0,3.0,3.0,3.0,3.0,4.0,4.0,4.0,4.0,4.0,5.0,5.0,5.0,5.0,5.0,5.0,5.0,6.0,6.0,6.0,6.0,6.0,7.0,7.0,7.0,7.0,7.0,7.0,8.0,8.0,8.0,8.0,9.0,9.0,9.0,9.0,10.0,10.0,10.0,10.0,10.0,10.0,10.0,11.0,11.0,11.0,12.0,12.0,12.0,13.0,13.0,13.0,13.0,14.0,14.0,15.0,15.0,15.0,16.0,16.0,17.0,18.0,19.0,20.0,20.0,20.0,21.0,23.0,25.0,29.0,32.0,41.0
유아기,66,71,개월,F,012,2846,-3.0,-1.0,0.0,0.28,1.0,1.5,2.0,2.5,3.0,3.0,3.5,3.8,4.0,4.1,4.5,5.0,5.0,5.31,5.6,6.0,6.0,6.195,6.5,6.5,7.0,7.0,7.0,7.2,7.5,7.55,7.8,8.0,8.0,8.0,8.2,8.5,8.7,9.0,9.0,9.0,9.2,9.5,9.6,10.0,10.0,10.0,10.0,10.2,10.5,10.5,10.6,10.9,11.0,11.0,11.0,11.0,11.3,11.5,11.5,11.8,12.0,12.0,12.0,12.0,12.3,12.5,12.6,12.9,13.0,13.0,13.0,13.3,13.5,13.8,14.0,14.0,14.0,14.2,14.5,14.6,15.0,15.0,15.0,15.2,15.5,15.6,16.0,16.0,16.1,16.5,16.6,17.0,17.0,17.5,18.0,18.2,18.9,19.2,20.655
유아기,66,71,개월,F,020,2842,4.0,9.0,11.0,13.0,14.0,15.0,16.0,17.0,18.0,20.0,20.0,22.0,22.0,23.0,24.0,25.0,26.0,26.38,27.0,28.0,29.0,30.0,31.0,32.0,32.0,33.0,34.0,35.0,36.0,36.0,37.0,38.0,39.0,40.0,41.0,42.0,43.0,44.0,45.0,46.0,47.0,48.0,49.0,50.0,50.0,51.0,52.0,53.68,54.0,55.0,56.0,58.0,60.0,61.0,62.0,63.0,65.0,66.0,67.0,68.0,69.0,70.0,70.0,72.0,73.0,74.0,75.0,76.0,78.0,78.0,79.0,80.0,80.0,80.34,83.0,84.0,84.0,85.0,87.0,89.0,90.0,93.0,93.0,93.0,94.0,96.0,100.0,100.0,100.0,100.0,100.0,100.0,100.0,100.0,100.0,100.0,100.0,103.0,108.0
유아기,66,71,개월,F,022,2847,40.0,54.92,60.0,60.0,62.0,65.0,65.0,68.0,70.0,70.0,70.0,72.0,73.0,74.0,75.0,75.0,75.0,76.0,77.0,78.0,79.0,80.0,80.0,80.0,80.0,80.0,82.0,82.0,83.0,84.0,85.0,85.0,85.0,85.0,85.0,85.0,86.0,87.0,87.0,88.0,89.0,90.0,90.0,90.0,90.0,90.0,90.0,90.0,91.0,91.0,92.0,92.0,93.0,93.84,94.0,95.0,95.0,95.0,95.0,95.0,95.0,95.0,96.0,97.0,97.0,98.0,98.0,99.0,100.0,100.0,100.0,100.0,100.0,100.0,100.0,101.0,102.0,102.0,103.0,104.0,105.0,105.0,105.0,105.0,105.0,106.0,107.0,108.0,110.0,110.0,110.0,110.0,112.0,114.0,115.0,117.0,120.0,122.08,126.54
유아기,66,71,개월,F,028,2849,14.04,17.096,19.288,20.892,22.2,23.1,23.9,24.684,25.332,26.3,27.1,27.8,28.3,28.8,29.2,29.7,30.3,30.8,31.3,32.0,32.508,32.9,33.2,33.552,34.0,34.548,34.8,35.1,35.5,35.9,36.3,36.8,37.2,37.5,37.8,38.1,38.5,38.8,39.1,39.5,39.668,39.9,40.2,40.6,40.9,41.2,41.5,41.8,42.052,42.3,42.7,43.0,43.4,43.7,44.1,44.3,44.636,44.9,45.2,45.5,45.9,46.3,46.6,46.8,47.1,47.4,47.8,48.1,48.412,48.7,49.0,49.3,49.5,50.0,50.5,50.8,51.2,51.544,51.9,52.2,52.5,52.9,53.3,53.8,54.28,54.7,55.3,55.8,56.272,56.9,57.8,58.716,59.6,60.424,61.3,62.524,64.112,65.804,68.452
유아기,66,71,개월,F,050,2845,7.5688,7.81,7.93,8.03,8.09,8.16,8.23,8.2752,8.32,8.39,8.44,8.5,8.53,8.57,8.6,8.63,8.68,8.71,8.7636,8.81,8.84,8.87,8.9,8.94,8.97,8.9994,9.03,9.07,9.1,9.1206,9.16,9.2,9.22,9.25,9.29,9.32,9.35,9.38,9.41,9.44,9.47,9.5048,9.54,9.56,9.59,9.63,9.66,9.69,9.7,9.73,9.76,9.78,9.81,9.83,9.862,9.9,9.93,9.96,9.99,10.01,10.04,10.0828,10.11,10.13,10.18,10.2,10.23,10.27,10.31,10.35,10.4,10.43,10.47,10.5,10.54,10.5844,10.62,10.66,10.73,10.78,10.84,10.9008,10.97,11.02,11.1,11.15,11.24,11.34,11.4316,11.542,11.6504,11.81,11.97,12.0636,12.3,12.6024,12.9368,13.4124,14.3912
유아기,66,71,개월,F,051,2845,18.3844,19.0904,19.47,19.8569,20.062,20.3232,20.5908,20.7852,20.98,21.114,21.3,21.4,21.6,21.7032,21.82,21.96,22.08,22.18,22.29,22.4,22.48,22.58,22.69,22.78,22.87,22.9618,23.03,23.1226,23.22,23.32,23.39,23.4602,23.54,23.6,23.6888,23.75,23.8328,23.9,23.97,24.0496,24.1,24.2,24.25,24.36,24.42,24.4819,24.53,24.6,24.68,24.76,24.86,24.9695,25.0332,25.1238,25.192,25.3,25.4,25.49,25.56,25.63,25.72,25.83,25.9272,26.0132,26.11,26.2071,26.3048,26.41,26.5236,26.618,26.74,26.85,26.97,27.08,27.18,27.3104,27.4188,27.55,27.7228,27.9104,28.0968,28.2508,28.4052,28.6086,28.76,29.0368,29.23,29.5372,29.8032,30.14,30.5008,30.9044,31.5584,32.1116,32.876,33.72,35.0944,36.967,39.868
유아기,72,83,개월,M,009,4597,0.0,0.0,0.0,0.0,0.0,0.0,1.0,1.0,1.0,1.0,1.0,1.0,2.0,2.0,2.0,2.0,2.0,2.0,3.0,3.0,3.0,3.0,3.0,3.0,3.0,4.0,4.0,4.0,4.0,4.0,5.0,5.0,5.0,5.0,5.0,6.0,6.0,6.0,6.0,7.0,7.0,7.0,7.0,7.0,8.0,8.0,8.0,8.0,8.0,9.0,9.0,9.0,10.0,10.0,10.0,10.0,10.0,10.0,10.0,11.0,11.0,11.0,12.0,12.0,12.0,13.0,13.0,13.0,13.0,14.0,14.0,15.0,15.0,15.0,15.0,16.0,16.0,17.0,18.0,18.0,19.0,20.0,20.0,20.0,20.0,20.0,21.0,22.0,23.0,24.0,26.0,27.0,30.0,30.0,33.0,36.0,40.0,46.0,59.0
유아기,72,83,개월,M,012,4598,-6.209,-4.3,-3.0,-2.0,-1.0,-0.4,0.0,0.4,1.0,1.0,1.167,1.5,2.0,2.0,2.0,2.4,2.5,3.0,3.0,3.0,3.3,3.5,4.0,4.0,4.0,4.1,4.4,4.5,4.8,5.0,5.0,5.0,5.2,5.5,5.5,5.8,6.0,6.0,6.0,6.18,6.5,6.5,6.9,7.0,7.0,7.0,7.1,7.4,7.5,7.65,8.0,8.0,8.0,8.0,8.2,8.5,8.5,8.7,9.0,9.0,9.0,9.1,9.4,9.5,9.6,10.0,10.0,10.0,10.0,10.3,10.5,10.6,11.0,11.0,11.0,11.172,11.5,11.8,12.0,12.0,12.0,12.5,12.6,13.0,13.0,13.1,13.5,13.936,14.0,14.2,14.7,15.0,15.1,15.5,16.0,16.5,17.0,18.0,18.603
유아기,72,83,개월,M,020,4573,7.0,12.0,14.0,16.0,18.0,20.0,21.04,23.0,24.0,25.0,27.0,28.64,30.0,31.0,32.0,33.0,35.0,36.0,37.0,38.0,40.0,41.0,42.0,44.0,45.0,46.0,48.0,50.0,50.0,52.0,53.0,54.0,56.0,57.0,59.0,60.0,61.0,63.0,64.0,65.0,66.0,68.0,69.0,70.0,71.0,72.0,74.0,75.0,77.0,78.0,80.0,80.0,80.0,82.0,84.0,85.0,87.0,89.0,90.0,93.0,93.0,93.0,93.0,93.0,93.0,93.0,93.0,94.0,95.0,96.0,100.0,100.0,100.0,100.0,100.0,100.0,100.0,100.0,100.0,100.0,100.0,100.0,100.0,100.0,100.0,100.0,100.0,100.0,100.0,100.0,100.0,100.0,100.0,101.0,103.0,108.0,111.0,116.56,127.28
유아기,72,83,개월,M,022,4595,50.0,60.0,66.82,70.0,75.0,76.64,80.0,80.0,81.0,83.0,85.0,85.0,86.0,88.0,89.0,90.0,90.0,90.0,90.0,92.0,93.0,94.0,95.0,95.0,95.0,95.0,96.0,97.0,98.0,99.0,100.0,100.0,100.0,100.0,100.0,100.0,100.0,101.0,102.0,102.0,103.0,103.0,104.0,105.0,105.0,105.0,105.0,105.0,105.0,106.0,107.0,108.0,109.0,110.0,110.0,110.0,110.0,110.0,110.0,110.0,110.0,111.0,112.0,113.0,114.0,115.0,115.0,115.0,115.0,115.0,116.0,117.0,118.0,119.0,120.0,120.0,120.0,120.0,120.0,121.0,122.0,123.0,124.0,125.0,125.0,125.0,126.0,128.0,130.0,130.0,130.0,131.0,133.0,135.0,135.0,140.0,140.0,143.0,149.0
유아기,72,83,개월,M,028,4600,18.197,20.798,23.597,25.1,26.4,27.494,28.5,29.6,30.491,31.3,32.1,32.6,33.3,33.8,34.285,34.7,35.1,35.5,36.0,36.4,36.879,37.2,37.6,38.1,38.6,38.9,39.2,39.6,39.9,40.3,40.6,40.9,41.267,41.7,41.9,42.3,42.6,42.8,43.0,43.3,43.6,43.9,44.2,44.7,44.9,45.3,45.6,45.8,46.1,46.45,46.8,47.0,47.3,47.6,48.0,48.3,48.5,48.8,49.1,49.3,49.6,50.0,50.2,50.5,50.8,51.1,51.4,51.7,52.0,52.4,52.7,53.028,53.5,53.8,54.1,54.5,54.923,55.6,55.9,56.3,56.7,57.3,57.7,58.1,58.5,59.014,59.513,60.1,60.511,61.2,61.9,62.508,63.6,64.5,65.6,66.7,68.1,70.404,73.7
유아기,72,83,개월,M,050,4591,6.979,7.19,7.3,7.38,7.495,7.54,7.5844,7.63,7.681,7.72,7.78,7.808,7.84,7.89,7.92,7.97,8.0,8.0,8.03,8.07,8.1,8.12,8.16,8.18,8.2,8.2346,8.26,8.29,8.31,8.34,8.37,8.4,8.42,8.44,8.47,8.5,8.52,8.5584,8.57,8.6,8.62,8.64,8.66,8.69,8.71,8.74,8.78,8.8,8.81,8.85,8.87,8.9,8.92,8.96,9.0,9.01,9.06,9.082,9.1,9.13,9.16,9.2,9.23,9.26,9.3,9.32,9.35,9.4,9.42,9.46,9.5,9.53,9.58,9.62,9.675,9.72,9.7579,9.81,9.85,9.9,9.97,10.03,10.07,10.13,10.19,10.2524,10.34,10.412,10.5,10.57,10.69,10.838,10.96,11.12,11.34,11.604,12.086,12.62,13.84
유아기,72,83,개월,M,051,4589,16.4304,17.0338,17.57,17.9,18.1,18.4128,18.6116,18.8446,19.0146,19.158,19.28,19.38,19.52,19.6332,19.77,19.87,19.97,20.0534,20.15,20.23,20.32,20.4336,20.52,20.6311,20.71,20.8,20.89,20.98,21.05,21.124,21.2,21.25,21.3202,21.3992,21.49,21.57,21.63,21.7044,21.79,21.87,21.95,22.0,22.09,22.17,22.23,22.3,22.38,22.46,22.54,22.6,22.6649,22.75,22.81,22.9,22.98,23.06,23.1616,23.2504,23.3192,23.39,23.46,23.55,23.66,23.75,23.83,23.9208,24.0196,24.12,24.23,24.316,24.4,24.5336,24.6424,24.78,24.89,25.0088,25.12,25.2564,25.37,25.48,25.62,25.8,25.9804,26.14,26.368,26.5568,26.7956,27.0244,27.24,27.512,27.8708,28.21,28.6684,29.2288,29.738,30.3762,31.7125,33.562,36.3984
유아기,72,83,개월,F,009,4203,0.0,0.0,0.0,0.0,0.0,0.0,0.0,1.0,1.0,1.0,1.0,1.0,1.0,2.0,2.0,2.0,2.0,2.0,2.0,3.0,3.0,3.0,3.0,3.0,3.0,4.0,4.0,4.0,4.0,4.0,5.0,5.0,5.0,5.0,5.0,5.0,6.0,6.0,6.0,6.0,6.0,7.0,7.0,7.0,7.0,8.0,8.0,8.0,8.0,8.0,9.0,9.0,9.0,10.0,10.0,10.0,10.0,10.0,10.0,10.0,11.0,11.0,11.0,12.0,12.0,12.0,12.0,13.0,13.0,13.0,13.0,14.0,14.0,14.0,15.0,15.0,15.0,16.0,16.0,17.0,17.0,18.0,19.0,20.0,20.0,20.0,20.0,20.0,21.0,22.0,23.0,25.0,26.0,28.0,30.0,33.0,37.94,41.96,53.0
유아기,72,83,개월,F,012,4202,-3.0,-1.0,0.0,1.0,1.1,1.906,2.0,2.4,3.0,3.0,3.5,3.8,4.0,4.1,4.5,5.0,5.0,5.0,5.319,5.5,5.8,6.0,6.0,6.2,6.5,6.6,7.0,7.0,7.0,7.3,7.5,7.5,8.0,8.0,8.0,8.1,8.5,8.5,8.7,9.0,9.0,9.0,9.2,9.5,9.5,9.8,10.0,10.0,10.0,10.1,10.3,10.5,10.6,11.0,11.0,11.0,11.1,11.3,11.5,11.6,12.0,12.0,12.0,12.0,12.2,12.5,12.5,12.8,13.0,13.0,13.0,13.3,13.5,13.7,14.0,14.0,14.0,14.2,14.5,14.6,15.0,15.0,15.0,15.4,15.5,16.0,16.0,16.2,16.5,17.0,17.0,17.2,17.5,18.0,18.1,19.0,19.3,20.0,21.0
유아기,72,83,개월,F,020,4179,5.0,10.0,12.0,14.0,15.9,16.0,18.0,20.0,21.0,22.0,23.0,24.0,25.0,26.0,27.0,28.0,28.0,29.0,30.0,31.6,32.0,34.0,35.0,36.0,37.0,38.0,39.0,40.0,41.0,42.0,43.18,45.0,46.0,47.0,48.0,50.0,51.0,52.0,53.42,54.0,56.0,58.0,60.0,60.0,61.0,62.0,63.0,64.0,65.0,66.0,68.0,69.0,70.0,71.0,73.0,74.0,75.0,76.0,78.0,79.0,80.0,80.0,82.0,84.0,84.0,84.48,86.0,87.0,89.0,90.0,93.0,93.0,93.0,93.0,93.0,93.0,94.0,95.0,97.0,100.0,100.0,100.0,100.0,100.0,100.0,100.0,100.0,100.0,100.0,100.0,100.0,100.0,100.0,100.0,100.0,100.0,101.0,105.0,112.22
유아기,72,83,개월,F,022,4199,50.0,60.0,65.0,67.92,70.0,70.0,72.0,75.0,75.0,75.0,77.0,79.0,80.0,80.0,80.0,81.0,82.0,83.0,84.0,85.0,85.0,85.0,85.0,85.0,86.75,87.48,89.0,90.0,90.0,90.0,90.0,90.0,90.0,90.0,91.0,92.0,93.0,93.0,94.0,95.0,95.0,95.0,95.0,95.0,95.0,95.0,95.06,97.0,97.0,98.0,98.0,100.0,100.0,100.0,100.0,100.0,100.0,100.0,100.0,100.0,101.0,101.0,102.0,103.0,103.0,104.0,105.0,105.0,105.0,105.0,105.0,105.0,105.0,106.0,107.0,108.0,109.0,110.0,110.0,110.0,110.0,110.0,110.0,112.0,113.0,115.0,115.0,115.0,115.0,117.0,119.0,120.0,120.0,120.0,123.0,125.0,128.0,130.0,135.0
유아기,72,83,개월,F,028,4203,15.702,19.0,21.1,22.408,23.8,25.0,26.1,26.7,27.618,28.3,29.3,29.9,30.4,31.0,31.6,32.1,32.6,33.1,33.5,33.9,34.3,34.8,35.2,35.5,35.9,36.252,36.7,37.056,37.4,37.7,38.0,38.3,38.6,39.1,39.3,39.6,39.9,40.2,40.6,40.8,41.082,41.3,41.5,41.8,42.1,42.4,42.8,43.0,43.3,43.6,43.9,44.3,44.5,44.9,45.1,45.312,45.6,45.9,46.3,46.6,46.9,47.2,47.5,47.7,48.0,48.3,48.6,48.9,49.3,49.6,50.0,50.244,50.5,50.8,51.2,51.5,51.7,52.1,52.5,52.8,53.2,53.6,53.9,54.3,54.8,55.2,55.774,56.4,56.8,57.38,58.0,58.5,59.1,60.0,61.2,62.2,63.7,65.496,68.8
유아기,72,83,개월,F,050,4190,7.28,7.5,7.62,7.75,7.82,7.89,7.9592,8.01,8.07,8.1,8.15,8.18,8.2161,8.25,8.3,8.32,8.37,8.4,8.43,8.47,8.5,8.53,8.56,8.58,8.6,8.63,8.66,8.69,8.71,8.75,8.77,8.81,8.84,8.86,8.8809,8.91,8.94,8.97,9.0,9.01,9.05,9.08,9.1,9.12,9.14,9.17,9.2,9.22,9.25,9.28,9.3,9.32,9.34,9.37,9.4,9.43,9.45,9.47,9.5,9.53,9.56,9.59,9.62,9.65,9.68,9.7,9.75,9.78,9.81,9.84,9.88,9.9,9.94,9.98,10.02,10.06,10.1,10.16,10.2,10.25,10.3,10.3498,10.4,10.47,10.53,10.5954,10.6743,10.73,10.81,10.9,10.9999,11.1188,11.28,11.4232,11.6,11.8,12.0533,12.4644,13.13
유아기,72,83,개월,F,051,4193,16.9444,17.8434,18.1852,18.56,18.8068,19.04,19.2,19.3636,19.5,19.72,19.87,19.9904,20.1019,20.21,20.3,20.4,20.52,20.62,20.72,20.81,20.9,21.0,21.1,21.2,21.28,21.37,21.4584,21.57,21.63,21.7,21.78,21.8322,21.91,22.0,22.1,22.16,22.25,22.3096,22.3595,22.428,22.49,22.57,22.64,22.72,22.8,22.88,22.95,23.05,23.11,23.16,23.21,23.2925,23.37,23.44,23.5,23.57,23.64,23.73,23.82,23.92,24.0,24.08,24.1496,24.2288,24.3,24.39,24.5,24.6,24.7,24.8,24.9,25.0,25.08,25.19,25.3,25.42,25.55,25.7076,25.9,26.022,26.17,26.2844,26.46,26.65,26.85,27.06,27.29,27.53,27.9264,28.248,28.5472,28.9064,29.4,29.8648,30.4194,31.23,32.19,33.7932,38.3126
