chunk_id,source,text,citation_label,citation_url,age_group,fitness_factors,grade
criteria:009-유소년-F,criteria,"국민체력100 인증 기준 · 윗몸말아올리기(회) · 유소년 여자: 11~11세 1등급 36.0회, 2등급 26.0회, 3등급 18.0회 / 12~12세 1등급 35.0회, 2등급 27.0회, 3등급 19.0회",국민체력100 인증 기준 · 윗몸말아올리기,,,근지구력,
criteria:009-유소년-M,criteria,"국민체력100 인증 기준 · 윗몸말아올리기(회) · 유소년 남자: 11~11세 1등급 36.0회, 2등급 26.0회, 3등급 19.0회 / 12~12세 1등급 35.0회, 2등급 27.0회, 3등급 19.0회",국민체력100 인증 기준 · 윗몸말아올리기,,,근지구력,
criteria:009-유아기-F,criteria,"국민체력100 인증 기준 · 윗몸말아올리기(회) · 유아기 여자: 48~53개월 1등급 2.0회, 2등급 0.0회, 3등급 0.0회 / 54~59개월 1등급 5.0회, 2등급 1.0회, 3등급 0.0회 / 60~65개월 1등급 8.0회, 2등급 3.0회, 3등급 0.0회 / 66~71개월 1등급 10.0회, 2등급 6.0회, 3등급 2.0회 / 72~83개월 1등급 13.0회, 2등급 9.0회, 3등급 5.0회",국민체력100 인증 기준 · 윗몸말아올리기,,,근지구력,
criteria:009-유아기-M,criteria,"국민체력100 인증 기준 · 윗몸말아올리기(회) · 유아기 남자: 48~53개월 1등급 4.0회, 2등급 0.0회, 3등급 0.0회 / 54~59개월 1등급 5.0회, 2등급 1.0회, 3등급 0.0회 / 60~65개월 1등급 9.0회, 2등급 5.0회, 3등급 1.0회 / 66~71개월 1등급 9.0회, 2등급 5.0회, 3등급 1.0회 / 72~83개월 1등급 13.0회, 2등급 8.0회, 3등급 4.0회",국민체력100 인증 기준 · 윗몸말아올리기,,,근지구력,
criteria:009-청소년-F,criteria,"국민체력100 인증 기준 · 윗몸말아올리기(회) · 청소년 여자: 13~13세 1등급 48.0회, 2등급 37.0회, 3등급 25.0회 / 14~14세 1등급 47.0회, 2등급 36.0회, 3등급 24.0회 / 15~15세 1등급 48.0회, 2등급 36.0회, 3등급 23.0회 / 16~16세 1등급 41.0회, 2등급 30.0회, 3등급 19.0회 / 17~17세 1등급 41.0회, 2등급 29.0회, 3등급 18.0회 / 18~18세 1등급 41.0회, 2등급 29.0회, 3등급 16.0회",국민체력100 인증 기준 · 윗몸말아올리기,,,근지구력,
criteria:009-청소년-M,criteria,"국민체력100 인증 기준 · 윗몸말아올리기(회) · 청소년 남자: 13~13세 1등급 61.0회, 2등급 49.0회, 3등급 36.0회 / 14~14세 1등급 60.0회, 2등급 48.0회, 3등급 37.0회 / 15~15세 1등급 49.0회, 2등급 39.0회, 3등급 29.0회 / 16~16세 1등급 49.0회, 2등급 38.0회, 3등급 27.0회 / 17~17세 1등급 46.0회, 2등급 36.0회, 3등급 25.0회 / 18~18세 1등급 53.0회, 2등급 41.0회, 3등급 29.0회",국민체력100 인증 기준 · 윗몸말아올리기,,,근지구력,
criteria:010-청소년-F,criteria,"국민체력100 인증 기준 · 반복점프(회) · 청소년 여자: 13~13세 1등급 31.0회, 2등급 27.0회, 3등급 22.0회 / 14~14세 1등급 34.0회, 2등급 28.0회, 3등급 23.0회 / 15~15세 1등급 35.0회, 2등급 29.0회, 3등급 24.0회 / 16~16세 1등급 34.0회, 2등급 28.0회, 3등급 22.0회 / 17~17세 1등급 33.0회, 2등급 27.0회, 3등급 21.0회 / 18~18세 1등급 36.0회, 2등급 29.0회, 3등급 23.0회",국민체력100 인증 기준 · 반복점프,,,근지구력,
criteria:010-청소년-M,criteria,"국민체력100 인증 기준 · 반복점프(회) · 청소년 남자: 13~13세 1등급 44.0회, 2등급 39.0회, 3등급 33.0회 / 14~14세 1등급 48.0회, 2등급 42.0회, 3등급 36.0회 / 15~15세 1등급 50.0회, 2등급 44.0회, 3등급 38.0회 / 16~16세 1등급 50.0회, 2등급 45.0회, 3등급 39.0회 / 17~17세 1등급 50.0회, 2등급 44.0회, 3등급 38.0회 / 18~18세 1등급 52.0회, 2등급 46.0회, 3등급 40.0회",국민체력100 인증 기준 · 반복점프,,,근지구력,
criteria:012-성인-F,criteria,"국민체력100 인증 기준 · 앉아윗몸앞으로굽히기(cm) · 성인 여자: 19~24세 1등급 19.7cm, 2등급 14.9cm, 3등급 10.1cm / 25~29세 1등급 18.5cm, 2등급 13.8cm, 3등급 9.1cm / 30~34세 1등급 18.2cm, 2등급 13.8cm, 3등급 9.4cm / 35~39세 1등급 18.9cm, 2등급 14.5cm, 3등급 10.1cm / 40~44세 1등급 18.8cm, 2등급 14.6cm, 3등급 10.4cm / 45~49세 1등급 18.9cm, 2등급 14.8cm, 3등급 10.7cm / 50~54세 1등급 19.5cm, 2등급 15.6cm, 3등급 11.7cm / 55~59세 1등급 19.5cm, 2등급 15.7cm, 3등급 11.9cm / 60~64세 1등급 19.6cm, 2등급 15.7cm, 3등급 11.8cm",국민체력100 인증 기준 · 앉아윗몸앞으로굽히기,,,유연성,
criteria:012-성인-M,criteria,"국민체력100 인증 기준 · 앉아윗몸앞으로굽히기(cm) · 성인 남자: 19~24세 1등급 16.1cm, 2등급 11.1cm, 3등급 6.1cm / 25~29세 1등급 14.9cm, 2등급 10.1cm, 3등급 5.3cm / 30~34세 1등급 14.2cm, 2등급 9.4cm, 3등급 4.6cm / 35~39세 1등급 14.0cm, 2등급 9.3cm, 3등급 4.6cm / 40~44세 1등급 14.2cm, 2등급 9.5cm, 3등급 4.8cm / 45~49세 1등급 13.6cm, 2등급 9.1cm, 3등급 4.6cm / 50~54세 1등급 13.9cm, 2등급 9.3cm, 3등급 4.7cm / 55~59세 1등급 13.3cm, 2등급 8.6cm, 3등급 3.9cm / 60~64세 1등급 11.8cm, 2등급 7.1cm, 3등급 2.3cm",국민체력100 인증 기준 · 앉아윗몸앞으로굽히기,,,유연성,
criteria:012-유소년-F,criteria,"국민체력100 인증 기준 · 앉아윗몸앞으로굽히기(cm) · 유소년 여자: 11~11세 1등급 10.9cm, 2등급 6.5cm, 3등급 3.0cm / 12~12세 1등급 11.0cm, 2등급 6.5cm, 3등급 3.0cm",국민체력100 인증 기준 · 앉아윗몸앞으로굽히기,,,유연성,
criteria:012-유소년-M,criteria,"국민체력100 인증 기준 · 앉아윗몸앞으로굽히기(cm) · 유소년 남자: 11~11세 1등급 11.5cm, 2등급 7.8cm, 3등급 4.0cm / 12~12세 1등급 12.0cm, 2등급 7.9cm, 3등급 4.0cm",국민체력100 인증 기준 · 앉아윗몸앞으로굽히기,,,유연성,
criteria:012-유아기-F,criteria,"국민체력100 인증 기준 · 앉아윗몸앞으로굽히기(cm) · 유아기 여자: 48~53개월 1등급 14.3cm, 2등급 12.5cm, 3등급 10.0cm / 54~59개월 1등급 14.3cm, 2등급 12.7cm, 3등급 10.0cm / 60~65개월 1등급 14.0cm, 2등급 12.3cm, 3등급 9.9cm / 66~71개월 1등급 15.0cm, 2등급 12.2cm, 3등급 10.0cm / 72~83개월 1등급 15.0cm, 2등급 12.7cm, 3등급 10.0cm",국민체력100 인증 기준 · 앉아윗몸앞으로굽히기,,,유연성,
criteria:012-유아기-M,criteria,"국민체력100 인증 기준 · 앉아윗몸앞으로굽히기(cm) · 유아기 남자: 48~53개월 1등급 13.0cm, 2등급 10.7cm, 3등급 8.2cm / 54~59개월 1등급 13.0cm, 2등급 10.5cm, 3등급 7.8cm / 60~65개월 1등급 12.0cm, 2등급 10.1cm, 3등급 7.0cm / 66~71개월 1등급 13.0cm, 2등급 10.0cm, 3등급 7.0cm / 72~83개월 1등급 12.5cm, 2등급 10.5cm, 3등급 8.0cm",국민체력100 인증 기준 · 앉아윗몸앞으로굽히기,,,유연성,
criteria:012-청소년-F,criteria,"국민체력100 인증 기준 · 앉아윗몸앞으로굽히기(cm) · 청소년 여자: 13~13세 1등급 16.6cm, 2등급 12.0cm, 3등급 7.4cm / 14~14세 1등급 18.2cm, 2등급 13.4cm, 3등급 8.6cm / 15~15세 1등급 19.1cm, 2등급 14.3cm, 3등급 9.5cm / 16~16세 1등급 18.9cm, 2등급 13.7cm, 3등급 8.5cm / 17~17세 1등급 18.9cm, 2등급 13.5cm, 3등급 8.1cm / 18~18세 1등급 19.5cm, 2등급 14.1cm, 3등급 8.7cm",국민체력100 인증 기준 · 앉아윗몸앞으로굽히기,,,유연성,
criteria:012-청소년-M,criteria,"국민체력100 인증 기준 · 앉아윗몸앞으로굽히기(cm) · 청소년 남자: 13~13세 1등급 9.6cm, 2등급 5.3cm, 3등급 1.0cm / 14~14세 1등급 10.9cm, 2등급 6.5cm, 3등급 2.1cm / 15~15세 1등급 11.9cm, 2등급 6.9cm, 3등급 1.9cm / 16~16세 1등급 13.8cm, 2등급 8.9cm, 3등급 4.0cm / 17~17세 1등급 14.0cm, 2등급 9.0cm, 3등급 4.0cm / 18~18세 1등급 14.8cm, 2등급 9.7cm, 3등급 4.6cm",국민체력100 인증 기준 · 앉아윗몸앞으로굽히기,,,유연성,
criteria:013-청소년-F,criteria,"국민체력100 인증 기준 · 일리노이(초) · 청소년 여자: 13~13세 1등급 21.3초, 2등급 22.6초 / 14~14세 1등급 21.3초, 2등급 22.8초 / 15~15세 1등급 21.4초, 2등급 22.7초 / 16~16세 1등급 21.1초, 2등급 22.6초 / 17~17세 1등급 21.0초, 2등급 22.6초 / 18~18세 1등급 20.1초, 2등급 21.7초",국민체력100 인증 기준 · 일리노이,,,민첩성,
criteria:013-청소년-M,criteria,"국민체력100 인증 기준 · 일리노이(초) · 청소년 남자: 13~13세 1등급 19.1초, 2등급 20.3초 / 14~14세 1등급 18.7초, 2등급 19.9초 / 15~15세 1등급 19.0초, 2등급 20.3초 / 16~16세 1등급 18.7초, 2등급 20.1초 / 17~17세 1등급 18.3초, 2등급 19.7초 / 18~18세 1등급 18.0초, 2등급 19.6초",국민체력100 인증 기준 · 일리노이,,,민첩성,
criteria:014-청소년-F,criteria,"국민체력100 인증 기준 · 체공시간(초) · 청소년 여자: 13~13세 1등급 0.464초, 2등급 0.43초 / 14~14세 1등급 0.474초, 2등급 0.439초 / 15~15세 1등급 0.474초, 2등급 0.439초 / 16~16세 1등급 0.469초, 2등급 0.432초 / 17~17세 1등급 0.481초, 2등급 0.438초 / 18~18세 1등급 0.506초, 2등급 0.463초",국민체력100 인증 기준 · 체공시간,,,순발력,
criteria:014-청소년-M,criteria,"국민체력100 인증 기준 · 체공시간(초) · 청소년 남자: 13~13세 1등급 0.526초, 2등급 0.489초 / 14~14세 1등급 0.555초, 2등급 0.518초 / 15~15세 1등급 0.574초, 2등급 0.533초 / 16~16세 1등급 0.569초, 2등급 0.53초 / 17~17세 1등급 0.582초, 2등급 0.543초 / 18~18세 1등급 0.61초, 2등급 0.565초",국민체력100 인증 기준 · 체공시간,,,순발력,
criteria:017-청소년-F,criteria,"국민체력100 인증 기준 · 눈-손협응력(초) · 청소년 여자: 13~13세 1등급 55.5초, 2등급 60.5초 / 14~14세 1등급 53.6초, 2등급 57.9초 / 15~15세 1등급 52.3초, 2등급 56.8초 / 16~16세 1등급 54.0초, 2등급 58.8초 / 17~17세 1등급 53.5초, 2등급 58.3초 / 18~18세 1등급 52.5초, 2등급 56.5초",국민체력100 인증 기준 · 눈-손협응력,,,협응력,
criteria:017-청소년-M,criteria,"국민체력100 인증 기준 · 눈-손협응력(초) · 청소년 남자: 13~13세 1등급 53.9초, 2등급 58.2초 / 14~14세 1등급 51.0초, 2등급 55.1초 / 15~15세 1등급 50.2초, 2등급 53.9초 / 16~16세 1등급 47.8초, 2등급 51.7초 / 17~17세 1등급 47.3초, 2등급 51.1초 / 18~18세 1등급 47.0초, 2등급 50.7초",국민체력100 인증 기준 · 눈-손협응력,,,협응력,
criteria:019-성인-F,criteria,"국민체력100 인증 기준 · 교차윗몸일으키기(회) · 성인 여자: 19~24세 1등급 36.0회, 2등급 30.0회, 3등급 23.0회 / 25~29세 1등급 33.0회, 2등급 27.0회, 3등급 21.0회 / 30~34세 1등급 31.0회, 2등급 25.0회, 3등급 19.0회 / 35~39세 1등급 31.0회, 2등급 25.0회, 3등급 19.0회 / 40~44세 1등급 30.0회, 2등급 25.0회, 3등급 19.0회 / 45~49세 1등급 28.0회, 2등급 22.0회, 3등급 16.0회 / 50~54세 1등급 24.0회, 2등급 19.0회, 3등급 13.0회 / 55~59세 1등급 20.0회, 2등급 15.0회, 3등급 9.0회 / 60~64세 1등급 17.0회, 2등급 12.0회, 3등급 7.0회",국민체력100 인증 기준 · 교차윗몸일으키기,,,근지구력,
criteria:019-성인-M,criteria,"국민체력100 인증 기준 · 교차윗몸일으키기(회) · 성인 남자: 19~24세 1등급 55.0회, 2등급 48.0회, 3등급 42.0회 / 25~29세 1등급 51.0회, 2등급 45.0회, 3등급 38.0회 / 30~34세 1등급 47.0회, 2등급 41.0회, 3등급 35.0회 / 35~39세 1등급 45.0회, 2등급 39.0회, 3등급 33.0회 / 40~44세 1등급 44.0회, 2등급 38.0회, 3등급 32.0회 / 45~49세 1등급 41.0회, 2등급 36.0회, 3등급 30.0회 / 50~54세 1등급 38.0회, 2등급 32.0회, 3등급 26.0회 / 55~59세 1등급 35.0회, 2등급 29.0회, 3등급 23.0회 / 60~64세 1등급 31.0회, 2등급 25.0회, 3등급 19.0회",국민체력100 인증 기준 · 교차윗몸일으키기,,,근지구력,
criteria:020-성인-F,criteria,"국민체력100 인증 기준 · 왕복오래달리기(회) · 성인 여자: 19~24세 1등급 30.0회, 2등급 25.0회, 3등급 19.0회 / 25~29세 1등급 28.0회, 2등급 23.0회, 3등급 17.0회 / 30~34세 1등급 26.0회, 2등급 21.0회, 3등급 16.0회 / 35~39세 1등급 25.0회, 2등급 20.0회, 3등급 15.0회 / 40~44세 1등급 24.0회, 2등급 20.0회, 3등급 15.0회 / 45~49세 1등급 23.0회, 2등급 18.0회, 3등급 14.0회 / 50~54세 1등급 21.0회, 2등급 16.0회, 3등급 12.0회 / 55~59세 1등급 18.0회, 2등급 14.0회, 3등급 11.0회 / 60~64세 1등급 15.0회, 2등급 12.0회, 3등급 9.0회",국민체력100 인증 기준 · 왕복오래달리기,,,심폐지구력,
criteria:020-성인-M,criteria,"국민체력100 인증 기준 · 왕복오래달리기(회) · 성인 남자: 19~24세 1등급 62.0회, 2등급 52.0회, 3등급 41.0회 / 25~29세 1등급 54.0회, 2등급 44.0회, 3등급 34.0회 / 30~34세 1등급 49.0회, 2등급 40.0회, 3등급 31.0회 / 35~39세 1등급 45.0회, 2등급 37.0회, 3등급 28.0회 / 40~44세 1등급 42.0회, 2등급 35.0회, 3등급 27.0회 / 45~49세 1등급 40.0회, 2등급 32.0회, 3등급 24.0회 / 50~54세 1등급 35.0회, 2등급 28.0회, 3등급 21.0회 / 55~59세 1등급 31.0회, 2등급 25.0회, 3등급 18.0회 / 60~64세 1등급 26.0회, 2등급 20.0회, 3등급 15.0회",국민체력100 인증 기준 · 왕복오래달리기,,,심폐지구력,
criteria:020-유소년-F,criteria,"국민체력100 인증 기준 · 왕복오래달리기(회) · 유소년 여자: 11~11세 1등급 62.0회, 2등급 51.0회, 3등급 40.0회 / 12~12세 1등급 62.0회, 2등급 51.0회, 3등급 43.0회",국민체력100 인증 기준 · 왕복오래달리기,,,심폐지구력,
criteria:020-유소년-M,criteria,"국민체력100 인증 기준 · 왕복오래달리기(회) · 유소년 남자: 11~11세 1등급 77.0회, 2등급 59.0회, 3등급 46.0회 / 12~12세 1등급 91.0회, 2등급 70.0회, 3등급 55.0회",국민체력100 인증 기준 · 왕복오래달리기,,,심폐지구력,
criteria:020-유아기-F,criteria,"국민체력100 인증 기준 · 왕복오래달리기(회) · 유아기 여자: 48~53개월 1등급 49.0회, 2등급 36.0회, 3등급 28.0회 / 54~59개월 1등급 62.0회, 2등급 50.0회, 3등급 36.0회 / 60~65개월 1등급 67.0회, 2등급 53.0회, 3등급 39.0회 / 66~71개월 1등급 73.0회, 2등급 55.0회, 3등급 41.0회 / 72~83개월 1등급 84.0회, 2등급 60.0회, 3등급 42.0회",국민체력100 인증 기준 · 왕복오래달리기,,,심폐지구력,
criteria:020-유아기-M,criteria,"국민체력100 인증 기준 · 왕복오래달리기(회) · 유아기 남자: 48~53개월 1등급 48.0회, 2등급 35.0회, 3등급 25.0회 / 54~59개월 1등급 59.0회, 2등급 44.0회, 3등급 34.0회 / 60~65개월 1등급 63.0회, 2등급 48.0회, 3등급 31.0회 / 66~71개월 1등급 78.0회, 2등급 57.0회, 3등급 38.0회 / 72~83개월 1등급 93.0회, 2등급 64.0회, 3등급 45.0회",국민체력100 인증 기준 · 왕복오래달리기,,,심폐지구력,
criteria:020-청소년-F,criteria,"국민체력100 인증 기준 · 왕복오래달리기(회) · 청소년 여자: 13~13세 1등급 32.0회, 2등급 25.0회, 3등급 19.0회 / 14~14세 1등급 34.0회, 2등급 26.0회, 3등급 19.0회 / 15~15세 1등급 32.0회, 2등급 26.0회, 3등급 19.0회 / 16~16세 1등급 32.0회, 2등급 25.0회, 3등급 19.0회 / 17~17세 1등급 35.0회, 2등급 27.0회, 3등급 19.0회 / 18~18세 1등급 40.0회, 2등급 30.0회, 3등급 21.0회",국민체력100 인증 기준 · 왕복오래달리기,,,심폐지구력,
criteria:020-청소년-M,criteria,"국민체력100 인증 기준 · 왕복오래달리기(회) · 청소년 남자: 13~13세 1등급 50.0회, 2등급 40.0회, 3등급 30.0회 / 14~14세 1등급 56.0회, 2등급 46.0회, 3등급 36.0회 / 15~15세 1등급 56.0회, 2등급 46.0회, 3등급 36.0회 / 16~16세 1등급 57.0회, 2등급 47.0회, 3등급 36.0회 / 17~17세 1등급 59.0회, 2등급 48.0회, 3등급 37.0회 / 18~18세 1등급 61.0회, 2등급 49.0회, 3등급 37.0회",국민체력100 인증 기준 · 왕복오래달리기,,,심폐지구력,
criteria:021-성인-F,criteria,"국민체력100 인증 기준 · 10m4회왕복달리기(초) · 성인 여자: 19~24세 1등급 12.3초, 2등급 13.2초 / 25~29세 1등급 12.7초, 2등급 13.6초 / 30~34세 1등급 12.9초, 2등급 13.9초 / 35~39세 1등급 13.0초, 2등급 13.9초 / 40~44세 1등급 13.1초, 2등급 14.0초 / 45~49세 1등급 13.4초, 2등급 14.4초 / 50~54세 1등급 13.8초, 2등급 14.9초 / 55~59세 1등급 14.5초, 2등급 15.8초 / 60~64세 1등급 15.3초, 2등급 16.8초",국민체력100 인증 기준 · 10m4회왕복달리기,,,민첩성,
criteria:021-성인-M,criteria,"국민체력100 인증 기준 · 10m4회왕복달리기(초) · 성인 남자: 19~24세 1등급 9.9초, 2등급 10.9초 / 25~29세 1등급 10.3초, 2등급 11.2초 / 30~34세 1등급 10.6초, 2등급 11.6초 / 35~39세 1등급 10.9초, 2등급 11.9초 / 40~44세 1등급 11.0초, 2등급 12.1초 / 45~49세 1등급 11.3초, 2등급 12.5초 / 50~54세 1등급 11.8초, 2등급 13.0초 / 55~59세 1등급 12.3초, 2등급 13.7초 / 60~64세 1등급 13.1초, 2등급 14.6초",국민체력100 인증 기준 · 10m4회왕복달리기,,,민첩성,
criteria:022-성인-F,criteria,"국민체력100 인증 기준 · 제자리멀리뛰기(cm) · 성인 여자: 19~24세 1등급 162.0cm, 2등급 149.0cm / 25~29세 1등급 156.0cm, 2등급 144.0cm / 30~34세 1등급 154.0cm, 2등급 142.0cm / 35~39세 1등급 155.0cm, 2등급 144.0cm / 40~44세 1등급 153.0cm, 2등급 142.0cm / 45~49세 1등급 148.0cm, 2등급 136.0cm / 50~54세 1등급 138.0cm, 2등급 126.0cm / 55~59세 1등급 129.0cm, 2등급 117.0cm / 60~64세 1등급 120.0cm, 2등급 107.0cm",국민체력100 인증 기준 · 제자리멀리뛰기,,,순발력,
criteria:022-성인-M,criteria,"국민체력100 인증 기준 · 제자리멀리뛰기(cm) · 성인 남자: 19~24세 1등급 229.0cm, 2등급 213.0cm / 25~29세 1등급 223.0cm, 2등급 208.0cm / 30~34세 1등급 219.0cm, 2등급 204.0cm / 35~39세 1등급 214.0cm, 2등급 199.0cm / 40~44세 1등급 209.0cm, 2등급 195.0cm / 45~49세 1등급 202.0cm, 2등급 188.0cm / 50~54세 1등급 192.0cm, 2등급 177.0cm / 55~59세 1등급 183.0cm, 2등급 168.0cm / 60~64세 1등급 170.0cm, 2등급 154.0cm",국민체력100 인증 기준 · 제자리멀리뛰기,,,순발력,
criteria:022-유소년-F,criteria,"국민체력100 인증 기준 · 제자리멀리뛰기(cm) · 유소년 여자: 11~11세 1등급 165.0cm, 2등급 146.0cm / 12~12세 1등급 164.0cm, 2등급 145.0cm",국민체력100 인증 기준 · 제자리멀리뛰기,,,순발력,
criteria:022-유소년-M,criteria,"국민체력100 인증 기준 · 제자리멀리뛰기(cm) · 유소년 남자: 11~11세 1등급 161.0cm, 2등급 147.0cm / 12~12세 1등급 160.3cm, 2등급 146.0cm",국민체력100 인증 기준 · 제자리멀리뛰기,,,순발력,
criteria:022-유아기-F,criteria,"국민체력100 인증 기준 · 제자리멀리뛰기(cm) · 유아기 여자: 48~53개월 1등급 83.0cm, 2등급 70.0cm / 54~59개월 1등급 90.0cm, 2등급 86.0cm / 60~65개월 1등급 95.0cm, 2등급 88.0cm / 66~71개월 1등급 103.0cm, 2등급 96.0cm / 72~83개월 1등급 106.0cm, 2등급 100.0cm",국민체력100 인증 기준 · 제자리멀리뛰기,,,순발력,
criteria:022-유아기-M,criteria,"국민체력100 인증 기준 · 제자리멀리뛰기(cm) · 유아기 남자: 48~53개월 1등급 86.0cm, 2등급 76.0cm / 54~59개월 1등급 97.0cm, 2등급 92.0cm / 60~65개월 1등급 105.0cm, 2등급 95.0cm / 66~71개월 1등급 110.0cm, 2등급 102.0cm / 72~83개월 1등급 118.0cm, 2등급 110.0cm",국민체력100 인증 기준 · 제자리멀리뛰기,,,순발력,
criteria:028-성인-F,criteria,"국민체력100 인증 기준 · 상대악력(%) · 성인 여자: 19~24세 1등급 46.8%, 2등급 42.4%, 3등급 38.0% / 25~29세 1등급 47.0%, 2등급 42.6%, 3등급 38.2% / 30~34세 1등급 49.6%, 2등급 45.2%, 3등급 40.8% / 35~39세 1등급 47.5%, 2등급 43.1%, 3등급 38.7% / 40~44세 1등급 47.1%, 2등급 42.8%, 3등급 38.5% / 45~49세 1등급 46.2%, 2등급 41.9%, 3등급 37.6% / 50~54세 1등급 44.7%, 2등급 40.6%, 3등급 36.5% / 55~59세 1등급 43.2%, 2등급 39.2%, 3등급 35.2% / 60~64세 1등급 41.9%, 2등급 38.0%, 3등급 34.1%",국민체력100 인증 기준 · 상대악력,,,근력,
criteria:028-성인-M,criteria,"국민체력100 인증 기준 · 상대악력(%) · 성인 남자: 19~24세 1등급 62.6%, 2등급 57.2%, 3등급 51.8% / 25~29세 1등급 62.4%, 2등급 57.0%, 3등급 51.6% / 30~34세 1등급 62.6%, 2등급 57.2%, 3등급 51.8% / 35~39세 1등급 62.1%, 2등급 56.6%, 3등급 51.1% / 40~44세 1등급 62.8%, 2등급 57.2%, 3등급 51.6% / 45~49세 1등급 62.0%, 2등급 56.7%, 3등급 51.4% / 50~54세 1등급 60.5%, 2등급 55.3%, 3등급 50.1% / 55~59세 1등급 59.4%, 2등급 54.2%, 3등급 49.0% / 60~64세 1등급 56.8%, 2등급 51.7%, 3등급 46.6%",국민체력100 인증 기준 · 상대악력,,,근력,
criteria:028-유소년-F,criteria,"국민체력100 인증 기준 · 상대악력(%) · 유소년 여자: 11~11세 1등급 44.4%, 2등급 39.5%, 3등급 34.8% / 12~12세 1등급 46.0%, 2등급 41.7%, 3등급 37.2%",국민체력100 인증 기준 · 상대악력,,,근력,
criteria:028-유소년-M,criteria,"국민체력100 인증 기준 · 상대악력(%) · 유소년 남자: 11~11세 1등급 46.5%, 2등급 40.6%, 3등급 35.4% / 12~12세 1등급 51.4%, 2등급 44.5%, 3등급 38.0%",국민체력100 인증 기준 · 상대악력,,,근력,
criteria:028-유아기-F,criteria,"국민체력100 인증 기준 · 상대악력(%) · 유아기 여자: 48~53개월 1등급 44.3%, 2등급 40.3%, 3등급 34.3% / 54~59개월 1등급 51.1%, 2등급 43.7%, 3등급 37.3% / 60~65개월 1등급 48.9%, 2등급 42.8%, 3등급 37.9% / 66~71개월 1등급 53.7%, 2등급 46.8%, 3등급 39.8% / 72~83개월 1등급 51.9%, 2등급 47.4%, 3등급 41.5%",국민체력100 인증 기준 · 상대악력,,,근력,
criteria:028-유아기-M,criteria,"국민체력100 인증 기준 · 상대악력(%) · 유아기 남자: 48~53개월 1등급 49.3%, 2등급 41.4%, 3등급 36.1% / 54~59개월 1등급 52.9%, 2등급 46.1%, 3등급 40.6% / 60~65개월 1등급 53.8%, 2등급 47.4%, 3등급 41.7% / 66~71개월 1등급 54.1%, 2등급 48.8%, 3등급 41.3% / 72~83개월 1등급 56.3%, 2등급 49.6%, 3등급 43.2%",국민체력100 인증 기준 · 상대악력,,,근력,
criteria:028-청소년-F,criteria,"국민체력100 인증 기준 · 상대악력(%) · 청소년 여자: 13~13세 1등급 44.7%, 2등급 40.5%, 3등급 36.3% / 14~14세 1등급 44.7%, 2등급 40.4%, 3등급 36.1% / 15~15세 1등급 44.2%, 2등급 40.2%, 3등급 36.2% / 16~16세 1등급 43.5%, 2등급 39.0%, 3등급 34.5% / 17~17세 1등급 45.7%, 2등급 41.2%, 3등급 36.7% / 18~18세 1등급 48.4%, 2등급 43.6%, 3등급 38.8%",국민체력100 인증 기준 · 상대악력,,,근력,
criteria:028-청소년-M,criteria,"국민체력100 인증 기준 · 상대악력(%) · 청소년 남자: 13~13세 1등급 51.8%, 2등급 46.4%, 3등급 41.0% / 14~14세 1등급 55.0%, 2등급 49.8%, 3등급 44.6% / 15~15세 1등급 58.7%, 2등급 53.0%, 3등급 47.3% / 16~16세 1등급 61.8%, 2등급 55.5%, 3등급 49.2% / 17~17세 1등급 62.6%, 2등급 56.4%, 3등급 50.2% / 18~18세 1등급 61.8%, 2등급 56.0%, 3등급 50.2%",국민체력100 인증 기준 · 상대악력,,,근력,
criteria:035-성인-F,criteria,"국민체력100 인증 기준 · 트레드밀VO2max(ml/kg/min) · 성인 여자: 19~24세 1등급 36.8ml/kg/min, 2등급 34.8ml/kg/min, 3등급 32.8ml/kg/min / 25~29세 1등급 36.0ml/kg/min, 2등급 34.1ml/kg/min, 3등급 32.2ml/kg/min / 30~34세 1등급 34.8ml/kg/min, 2등급 32.9ml/kg/min, 3등급 31.0ml/kg/min / 35~39세 1등급 34.2ml/kg/min, 2등급 32.3ml/kg/min, 3등급 30.5ml/kg/min / 40~44세 1등급 33.8ml/kg/min, 2등급 32.0ml/kg/min, 3등급 30.3ml/kg/min / 45~49세 1등급 33.0ml/kg/min, 2등급 31.4ml/kg/min, 3등급 29.7ml/kg/min / 50~54세 1등급 32.3ml/kg/min, 2등급 30.7ml/kg/min, 3등급 29.1ml/kg/min / 55~59세 1등급 31.3ml/kg/min, 2등급 29.8ml/kg/min, 3등급 28.4ml/kg/min / 60~64세 1등급 30.2ml/kg/min, 2등급 29.0ml/kg/min, 3등급 27.7ml/kg/min",국민체력100 인증 기준 · 트레드밀VO2max,,,심폐지구력,
criteria:035-성인-M,criteria,"국민체력100 인증 기준 · 트레드밀VO2max(ml/kg/min) · 성인 남자: 19~24세 1등급 47.6ml/kg/min, 2등급 44.8ml/kg/min, 3등급 42.0ml/kg/min / 25~29세 1등급 44.8ml/kg/min, 2등급 42.2ml/kg/min, 3등급 39.6ml/kg/min / 30~34세 1등급 42.9ml/kg/min, 2등급 40.6ml/kg/min, 3등급 38.2ml/kg/min / 35~39세 1등급 41.8ml/kg/min, 2등급 39.5ml/kg/min, 3등급 37.2ml/kg/min / 40~44세 1등급 40.9ml/kg/min, 2등급 38.8ml/kg/min, 3등급 36.6ml/kg/min / 45~49세 1등급 40.1ml/kg/min, 2등급 38.1ml/kg/min, 3등급 36.0ml/kg/min / 50~54세 1등급 38.8ml/kg/min, 2등급 36.9ml/kg/min, 3등급 35.0ml/kg/min / 55~59세 1등급 37.7ml/kg/min, 2등급 35.9ml/kg/min, 3등급 34.1ml/kg/min / 60~64세 1등급 36.3ml/kg/min, 2등급 34.8ml/kg/min, 3등급 33.2ml/kg/min",국민체력100 인증 기준 · 트레드밀VO2max,,,심폐지구력,
criteria:035-청소년-F,criteria,"국민체력100 인증 기준 · 트레드밀VO2max(ml/kg/min) · 청소년 여자: 13~13세 1등급 36.2ml/kg/min, 2등급 34.5ml/kg/min, 3등급 32.8ml/kg/min / 14~14세 1등급 36.6ml/kg/min, 2등급 34.8ml/kg/min, 3등급 33.0ml/kg/min / 15~15세 1등급 36.9ml/kg/min, 2등급 35.0ml/kg/min, 3등급 33.2ml/kg/min / 16~16세 1등급 37.3ml/kg/min, 2등급 35.6ml/kg/min, 3등급 33.9ml/kg/min / 17~17세 1등급 37.4ml/kg/min, 2등급 35.7ml/kg/min, 3등급 34.0ml/kg/min / 18~18세 1등급 37.5ml/kg/min, 2등급 35.8ml/kg/min, 3등급 34.1ml/kg/min",국민체력100 인증 기준 · 트레드밀VO2max,,,심폐지구력,
criteria:035-청소년-M,criteria,"국민체력100 인증 기준 · 트레드밀VO2max(ml/kg/min) · 청소년 남자: 13~13세 1등급 45.8ml/kg/min, 2등급 43.2ml/kg/min, 3등급 40.6ml/kg/min / 14~14세 1등급 46.2ml/kg/min, 2등급 43.7ml/kg/min, 3등급 41.2ml/kg/min / 15~15세 1등급 46.8ml/kg/min, 2등급 44.2ml/kg/min, 3등급 41.6ml/kg/min / 16~16세 1등급 47.3ml/kg/min, 2등급 44.6ml/kg/min, 3등급 41.9ml/kg/min / 17~17세 1등급 47.4ml/kg/min, 2등급 44.7ml/kg/min, 3등급 42.0ml/kg/min / 18~18세 1등급 47.5ml/kg/min, 2등급 44.9ml/kg/min, 3등급 42.3ml/kg/min",국민체력100 인증 기준 · 트레드밀VO2max,,,심폐지구력,
criteria:037-성인-F,criteria,"국민체력100 인증 기준 · 스텝검사VO2max(ml/kg/min) · 성인 여자: 19~24세 1등급 36.8ml/kg/min, 2등급 34.8ml/kg/min, 3등급 32.8ml/kg/min / 25~29세 1등급 36.0ml/kg/min, 2등급 34.1ml/kg/min, 3등급 32.2ml/kg/min / 30~34세 1등급 34.8ml/kg/min, 2등급 32.9ml/kg/min, 3등급 31.0ml/kg/min / 35~39세 1등급 34.2ml/kg/min, 2등급 32.3ml/kg/min, 3등급 30.5ml/kg/min / 40~44세 1등급 33.8ml/kg/min, 2등급 32.0ml/kg/min, 3등급 30.3ml/kg/min / 45~49세 1등급 33.0ml/kg/min, 2등급 31.4ml/kg/min, 3등급 29.7ml/kg/min / 50~54세 1등급 32.3ml/kg/min, 2등급 30.7ml/kg/min, 3등급 29.1ml/kg/min / 55~59세 1등급 31.3ml/kg/min, 2등급 29.8ml/kg/min, 3등급 28.4ml/kg/min / 60~64세 1등급 30.2ml/kg/min, 2등급 29.0ml/kg/min, 3등급 27.7ml/kg/min",국민체력100 인증 기준 · 스텝검사VO2max,,,심폐지구력,
criteria:037-성인-M,criteria,"국민체력100 인증 기준 · 스텝검사VO2max(ml/kg/min) · 성인 남자: 19~24세 1등급 47.6ml/kg/min, 2등급 44.8ml/kg/min, 3등급 42.0ml/kg/min / 25~29세 1등급 44.8ml/kg/min, 2등급 42.2ml/kg/min, 3등급 39.6ml/kg/min / 30~34세 1등급 42.9ml/kg/min, 2등급 40.6ml/kg/min, 3등급 38.2ml/kg/min / 35~39세 1등급 41.8ml/kg/min, 2등급 39.5ml/kg/min, 3등급 37.2ml/kg/min / 40~44세 1등급 40.9ml/kg/min, 2등급 38.8ml/kg/min, 3등급 36.6ml/kg/min / 45~49세 1등급 40.1ml/kg/min, 2등급 38.1ml/kg/min, 3등급 36.0ml/kg/min / 50~54세 1등급 38.8ml/kg/min, 2등급 36.9ml/kg/min, 3등급 35.0ml/kg/min / 55~59세 1등급 37.7ml/kg/min, 2등급 35.9ml/kg/min, 3등급 34.1ml/kg/min / 60~64세 1등급 36.3ml/kg/min, 2등급 34.8ml/kg/min, 3등급 33.2ml/kg/min",국민체력100 인증 기준 · 스텝검사VO2max,,,심폐지구력,
criteria:037-청소년-F,criteria,"국민체력100 인증 기준 · 스텝검사VO2max(ml/kg/min) · 청소년 여자: 13~13세 1등급 36.2ml/kg/min, 2등급 34.5ml/kg/min, 3등급 32.8ml/kg/min / 14~14세 1등급 36.6ml/kg/min, 2등급 34.8ml/kg/min, 3등급 33.0ml/kg/min / 15~15세 1등급 36.9ml/kg/min, 2등급 35.0ml/kg/min, 3등급 33.2ml/kg/min / 16~16세 1등급 37.3ml/kg/min, 2등급 35.6ml/kg/min, 3등급 33.9ml/kg/min / 17~17세 1등급 37.4ml/kg/min, 2등급 35.7ml/kg/min, 3등급 34.0ml/kg/min / 18~18세 1등급 37.5ml/kg/min, 2등급 35.8ml/kg/min, 3등급 34.1ml/kg/min",국민체력100 인증 기준 · 스텝검사VO2max,,,심폐지구력,
criteria:037-청소년-M,criteria,"국민체력100 인증 기준 · 스텝검사VO2max(ml/kg/min) · 청소년 남자: 13~13세 1등급 45.8ml/kg/min, 2등급 43.2ml/kg/min, 3등급 40.6ml/kg/min / 14~14세 1등급 46.2ml/kg/min, 2등급 43.7ml/kg/min, 3등급 41.2ml/kg/min / 15~15세 1등급 46.8ml/kg/min, 2등급 44.2ml/kg/min, 3등급 41.6ml/kg/min / 16~16세 1등급 47.3ml/kg/min, 2등급 44.6ml/kg/min, 3등급 41.9ml/kg/min / 17~17세 1등급 47.4ml/kg/min, 2등급 44.7ml/kg/min, 3등급 42.0ml/kg/min / 18~18세 1등급 47.5ml/kg/min, 2등급 44.9ml/kg/min, 3등급 42.3ml/kg/min",국민체력100 인증 기준 · 스텝검사VO2max,,,심폐지구력,
criteria:040-성인-F,criteria,"국민체력100 인증 기준 · 반응시간(초) · 성인 여자: 19~24세 1등급 0.332초, 2등급 0.374초 / 25~29세 1등급 0.343초, 2등급 0.383초 / 30~34세 1등급 0.347초, 2등급 0.381초 / 35~39세 1등급 0.348초, 2등급 0.388초 / 40~44세 1등급 0.345초, 2등급 0.382초 / 45~49세 1등급 0.35초, 2등급 0.392초 / 50~54세 1등급 0.354초, 2등급 0.395초 / 55~59세 1등급 0.369초, 2등급 0.416초 / 60~64세 1등급 0.387초, 2등급 0.434초",국민체력100 인증 기준 · 반응시간,,,민첩성,
criteria:040-성인-M,criteria,"국민체력100 인증 기준 · 반응시간(초) · 성인 남자: 19~24세 1등급 0.301초, 2등급 0.33초 / 25~29세 1등급 0.302초, 2등급 0.335초 / 30~34세 1등급 0.304초, 2등급 0.337초 / 35~39세 1등급 0.311초, 2등급 0.339초 / 40~44세 1등급 0.32초, 2등급 0.346초 / 45~49세 1등급 0.331초, 2등급 0.366초 / 50~54세 1등급 0.337초, 2등급 0.371초 / 55~59세 1등급 0.348초, 2등급 0.383초 / 60~64세 1등급 0.351초, 2등급 0.402초",국민체력100 인증 기준 · 반응시간,,,민첩성,
criteria:041-성인-F,criteria,"국민체력100 인증 기준 · 성인체공시간(초) · 성인 여자: 19~24세 1등급 0.479초, 2등급 0.447초 / 25~29세 1등급 0.466초, 2등급 0.442초 / 30~34세 1등급 0.464초, 2등급 0.437초 / 35~39세 1등급 0.453초, 2등급 0.425초 / 40~44세 1등급 0.442초, 2등급 0.417초 / 45~49세 1등급 0.431초, 2등급 0.404초 / 50~54세 1등급 0.407초, 2등급 0.381초 / 55~59세 1등급 0.402초, 2등급 0.374초 / 60~64세 1등급 0.393초, 2등급 0.366초",국민체력100 인증 기준 · 성인체공시간,,,순발력,
criteria:041-성인-M,criteria,"국민체력100 인증 기준 · 성인체공시간(초) · 성인 남자: 19~24세 1등급 0.605초, 2등급 0.568초 / 25~29세 1등급 0.591초, 2등급 0.559초 / 30~34세 1등급 0.583초, 2등급 0.548초 / 35~39세 1등급 0.581초, 2등급 0.551초 / 40~44세 1등급 0.547초, 2등급 0.521초 / 45~49세 1등급 0.524초, 2등급 0.497초 / 50~54세 1등급 0.527초, 2등급 0.486초 / 55~59세 1등급 0.508초, 2등급 0.475초 / 60~64세 1등급 0.474초, 2등급 0.443초",국민체력100 인증 기준 · 성인체공시간,,,순발력,
criteria:043-유소년-F,criteria,"국민체력100 인증 기준 · 반복옆뛰기(회) · 유소년 여자: 11~11세 1등급 32.0회, 2등급 30.0회 / 12~12세 1등급 33.0회, 2등급 30.0회",국민체력100 인증 기준 · 반복옆뛰기,,,민첩성,
criteria:043-유소년-M,criteria,"국민체력100 인증 기준 · 반복옆뛰기(회) · 유소년 남자: 11~11세 1등급 33.0회, 2등급 30.0회 / 12~12세 1등급 32.0회, 2등급 29.0회",국민체력100 인증 기준 · 반복옆뛰기,,,민첩성,
criteria:050-유아기-F,criteria,"국민체력100 인증 기준 · 5m4회왕복달리기(초) · 유아기 여자: 48~53개월 1등급 11.06초, 2등급 11.8초 / 54~59개월 1등급 10.21초, 2등급 11.0초 / 60~65개월 1등급 10.31초, 2등급 10.81초 / 66~71개월 1등급 9.58초, 2등급 10.19초 / 72~83개월 1등급 9.19초, 2등급 9.72초",국민체력100 인증 기준 · 5m4회왕복달리기,,,민첩성,
criteria:050-유아기-M,criteria,"국민체력100 인증 기준 · 5m4회왕복달리기(초) · 유아기 남자: 48~53개월 1등급 11.06초, 2등급 11.73초 / 54~59개월 1등급 9.88초, 2등급 10.73초 / 60~65개월 1등급 9.46초, 2등급 10.12초 / 66~71개월 1등급 9.13초, 2등급 9.81초 / 72~83개월 1등급 8.8초, 2등급 9.33초",국민체력100 인증 기준 · 5m4회왕복달리기,,,민첩성,
criteria:051-유아기-F,criteria,"국민체력100 인증 기준 · 3x3버튼누르기(초) · 유아기 여자: 48~53개월 1등급 30.72초, 2등급 33.43초 / 54~59개월 1등급 26.76초, 2등급 28.59초 / 60~65개월 1등급 25.04초, 2등급 27.42초 / 66~71개월 1등급 23.21초, 2등급 24.95초 / 72~83개월 1등급 21.91초, 2등급 23.52초",국민체력100 인증 기준 · 3x3버튼누르기,,,협응력,
criteria:051-유아기-M,criteria,"국민체력100 인증 기준 · 3x3버튼누르기(초) · 유아기 남자: 48~53개월 1등급 31.53초, 2등급 33.5초 / 54~59개월 1등급 26.28초, 2등급 28.88초 / 60~65개월 1등급 23.21초, 2등급 25.39초 / 66~71개월 1등급 22.48초, 2등급 24.38초 / 72~83개월 1등급 21.37초, 2등급 22.74초",국민체력100 인증 기준 · 3x3버튼누르기,,,협응력,
prescription:성인-19-F-본운동,prescription,"성인 19세 여자 5,739명에게 처방된 본운동: 달리기(9%), 앉았다 일어서기(4%), 윗몸 말아 올리기(4%), 계단 올라갔다 내려오기(4%), 윗몸올리기(3%), 실내 자전거타기(3%), 엎드려 버티기(3%), 버피운동(3%), 줄넘기(3%), 누워서 다리 들어올리기(2%), 계단 뛰어 오르기(2%), 수영(2%), 누워서 배가로근 수축 II(2%), 웨이트 트레이닝  루틴프로그램(2%), 맨몸운동  루틴프로그램(2%), 트레드밀에서 걷기(2%), 한발 앞으로 내밀고 앉았다 일어서기(2%), 턱걸이(2%), 걷기(2%), 팔벌려뛰기(2%), 저항밴드 운동  루틴프로그램(1%), 매달려서 다리 들기(1%), 바벨 끌어당기기(1%), 옆으로 누워 버티기(1%), 넙다리 뒤쪽 스트레칭(1%), 누워서 엉덩이 들어올리기(1%), 누워서 배가로근 수축 I(1%), 실외 자전거타기(1%), 무릎 높여 제자리 달리기(1%), 팔굽혀펴기(1%)",국민체력100 운동처방 · 성인 19세,,성인,,
prescription:성인-19-F-정리운동,prescription,"성인 19세 여자 5,739명에게 처방된 정리운동: 전신 루틴 스트레칭(16%), 하지 루틴 스트레칭2(13%), 상지 루틴 스트레칭(11%), 하지 루틴 스트레칭1(10%), 넙다리 뒤쪽 스트레칭(7%), 넙다리 안쪽 스트레칭(6%), 배스트레칭(4%), 허리 스트레칭(4%), 엉덩이 스트레칭(3%), 넙다리 앞쪽 스트레칭(3%), 자가근막이완술 루틴 스트레칭(2%), 달리기(2%)",국민체력100 운동처방 · 성인 19세,,성인,,
prescription:성인-19-F-준비운동,prescription,"성인 19세 여자 5,739명에게 처방된 준비운동: 유산소 운동 전 동적 루틴 스트레칭(11%), 전신 루틴 스트레칭(11%), 하지 루틴 스트레칭2(5%), 하지 루틴 스트레칭1(5%), 자가근막이완술 루틴 스트레칭(5%), 등/어깨 뒤쪽 스트레칭(5%), 상지 루틴 스트레칭(4%), 가슴/어깨 앞쪽 스트레칭(4%), 달리기(3%), 목 스트레칭(3%), 아래 팔 스트레칭(3%), 옆으로 누워서팔 앞으로 당기기(3%), 걷기(2%), 허리 스트레칭(2%), 테이블 이용하여 팔 들어 올리기(2%), 진자운동(2%), 배스트레칭(2%), 실내 자전거타기(2%), 넙다리 뒤쪽 스트레칭(2%), 테이블 이용하여 팔 옆으로 벌리기(1%), 동적 스트레칭 루틴프로그램(1%), 실외 자전거타기(1%)",국민체력100 운동처방 · 성인 19세,,성인,,
prescription:성인-19-M-본운동,prescription,"성인 19세 남자 22,747명에게 처방된 본운동: 달리기(9%), 턱걸이(4%), 실내 자전거타기(4%), 앉았다 일어서기(4%), 윗몸 말아 올리기(3%), 윗몸올리기(3%), 버피운동(3%), 엎드려 버티기(3%), 계단 올라갔다 내려오기(3%), 줄넘기(3%), 수영(3%), 계단 뛰어 오르기(2%), 매달려서 다리 들기(2%), 웨이트 트레이닝  루틴프로그램(2%), 누워서 다리 들어올리기(2%), 트레드밀에서 걷기(2%), 팔굽혀펴기(2%), 바벨 끌어당기기(2%), 누워서 팔 다리 동시에 들어올리기(2%), 팔벌려뛰기(1%), 누워서 배가로근 수축 II(1%), 걷기(1%), 실외 자전거타기(1%), 한발 앞으로 내밀고 앉았다 일어서기(1%), 옆으로 누워 버티기(1%), 맨몸운동  루틴프로그램(1%), 앉았다 일어서면서 점프하기(1%), 넙다리 뒤쪽 스트레칭(1%), 소파를 이용한 윗몸올리기(1%), 무릎 높여 제자리 달리기(1%)",국민체력100 운동처방 · 성인 19세,,성인,,
prescription:성인-19-M-정리운동,prescription,"성인 19세 남자 22,747명에게 처방된 정리운동: 전신 루틴 스트레칭(15%), 하지 루틴 스트레칭2(14%), 상지 루틴 스트레칭(11%), 하지 루틴 스트레칭1(11%), 넙다리 뒤쪽 스트레칭(7%), 넙다리 안쪽 스트레칭(6%), 엉덩이 스트레칭(4%), 허리 스트레칭(4%), 배스트레칭(3%), 자가근막이완술 루틴 스트레칭(3%), 넙다리 앞쪽 스트레칭(3%)",국민체력100 운동처방 · 성인 19세,,성인,,
prescription:성인-19-M-준비운동,prescription,"성인 19세 남자 22,747명에게 처방된 준비운동: 유산소 운동 전 동적 루틴 스트레칭(13%), 전신 루틴 스트레칭(10%), 등/어깨 뒤쪽 스트레칭(6%), 가슴/어깨 앞쪽 스트레칭(5%), 자가근막이완술 루틴 스트레칭(4%), 허리 스트레칭(3%), 목 스트레칭(3%), 아래 팔 스트레칭(3%), 하지 루틴 스트레칭1(3%), 옆으로 누워서팔 앞으로 당기기(3%), 달리기(3%), 하지 루틴 스트레칭2(3%), 테이블 이용하여 팔 들어 올리기(3%), 상지 루틴 스트레칭(2%), 배스트레칭(2%), 걷기(2%), 트레드밀에서 걷기(2%), 테이블 이용하여 팔 옆으로 벌리기(2%), 진자운동(2%), 동적 스트레칭 루틴프로그램(1%), 실내 자전거타기(1%), 엉덩이 스트레칭(1%), 옆구리 스트레칭(1%)",국민체력100 운동처방 · 성인 19세,,성인,,
prescription:성인-20-F-본운동,prescription,"성인 20세 여자 4,844명에게 처방된 본운동: 달리기(9%), 앉았다 일어서기(4%), 윗몸 말아 올리기(4%), 엎드려 버티기(4%), 실내 자전거타기(3%), 계단 올라갔다 내려오기(3%), 윗몸올리기(3%), 수영(3%), 버피운동(3%), 계단 뛰어 오르기(2%), 누워서 다리 들어올리기(2%), 줄넘기(2%), 팔벌려뛰기(2%), 한발 앞으로 내밀고 앉았다 일어서기(2%), 누워서 배가로근 수축 II(2%), 트레드밀에서 걷기(2%), 맨몸운동  루틴프로그램(2%), 웨이트 트레이닝  루틴프로그램(1%), 누워서 엉덩이 들어올리기(1%), 실외 자전거타기(1%), 앉았다 일어서면서 점프하기(1%), 턱걸이(1%), 매달려서 다리 들기(1%), 걷기(1%), 무릎 높여 제자리 달리기(1%), 저항밴드 운동  루틴프로그램(1%), 넙다리 뒤쪽 스트레칭(1%), 바벨 끌어당기기(1%), 누워서 배가로근 수축 I(1%), 소파를 이용한 윗몸올리기(1%)",국민체력100 운동처방 · 성인 20세,,성인,,
prescription:성인-20-F-정리운동,prescription,"성인 20세 여자 4,844명에게 처방된 정리운동: 전신 루틴 스트레칭(16%), 하지 루틴 스트레칭2(12%), 상지 루틴 스트레칭(9%), 하지 루틴 스트레칭1(9%), 넙다리 뒤쪽 스트레칭(7%), 넙다리 안쪽 스트레칭(6%), 허리 스트레칭(5%), 배스트레칭(5%), 자가근막이완술 루틴 스트레칭(4%), 넙다리 앞쪽 스트레칭(3%), 엉덩이 스트레칭(3%), 정적 스트레칭  루틴프로그램(2%)",국민체력100 운동처방 · 성인 20세,,성인,,
prescription:성인-20-F-준비운동,prescription,"성인 20세 여자 4,844명에게 처방된 준비운동: 유산소 운동 전 동적 루틴 스트레칭(12%), 전신 루틴 스트레칭(8%), 가슴/어깨 앞쪽 스트레칭(5%), 등/어깨 뒤쪽 스트레칭(5%), 하지 루틴 스트레칭1(4%), 상지 루틴 스트레칭(4%), 하지 루틴 스트레칭2(4%), 달리기(3%), 아래 팔 스트레칭(3%), 자가근막이완술 루틴 스트레칭(3%), 허리 스트레칭(3%), 목 스트레칭(3%), 옆으로 누워서팔 앞으로 당기기(3%), 테이블 이용하여 팔 들어 올리기(3%), 걷기(3%), 진자운동(2%), 배스트레칭(2%), 엉덩이 스트레칭(1%), 동적 스트레칭 루틴프로그램(1%), 실외 자전거타기(1%), 옆구리 스트레칭(1%), 실내 자전거타기(1%), 넙다리 뒤쪽 스트레칭(1%), 테이블 이용하여 팔 옆으로 벌리기(1%), 트레드밀에서 걷기(1%)",국민체력100 운동처방 · 성인 20세,,성인,,
prescription:성인-20-M-본운동,prescription,"성인 20세 남자 13,103명에게 처방된 본운동: 달리기(9%), 턱걸이(4%), 실내 자전거타기(3%), 버피운동(3%), 윗몸올리기(3%), 앉았다 일어서기(3%), 엎드려 버티기(3%), 윗몸 말아 올리기(3%), 줄넘기(3%), 수영(3%), 계단 올라갔다 내려오기(3%), 계단 뛰어 오르기(3%), 웨이트 트레이닝  루틴프로그램(2%), 매달려서 다리 들기(2%), 팔굽혀펴기(2%), 누워서 다리 들어올리기(2%), 바벨 끌어당기기(2%), 팔벌려뛰기(2%), 누워서 팔 다리 동시에 들어올리기(1%), 트레드밀에서 걷기(1%), 맨몸운동  루틴프로그램(1%), 실외 자전거타기(1%), 한발 앞으로 내밀고 앉았다 일어서기(1%), 앉았다 일어서면서 점프하기(1%), 누워서 배가로근 수축 II(1%), 걷기(1%), 넙다리 뒤쪽 스트레칭(1%), 바벨들어올리기(1%), 무릎 높여 제자리 달리기(1%), 옆으로 누워 버티기(1%)",국민체력100 운동처방 · 성인 20세,,성인,,
prescription:성인-20-M-정리운동,prescription,"성인 20세 남자 13,103명에게 처방된 정리운동: 전신 루틴 스트레칭(14%), 하지 루틴 스트레칭2(14%), 상지 루틴 스트레칭(11%), 하지 루틴 스트레칭1(11%), 넙다리 뒤쪽 스트레칭(7%), 넙다리 안쪽 스트레칭(5%), 허리 스트레칭(4%), 엉덩이 스트레칭(4%), 배스트레칭(4%), 자가근막이완술 루틴 스트레칭(3%), 넙다리 앞쪽 스트레칭(3%)",국민체력100 운동처방 · 성인 20세,,성인,,
prescription:성인-20-M-준비운동,prescription,"성인 20세 남자 13,103명에게 처방된 준비운동: 유산소 운동 전 동적 루틴 스트레칭(13%), 전신 루틴 스트레칭(11%), 자가근막이완술 루틴 스트레칭(5%), 등/어깨 뒤쪽 스트레칭(5%), 가슴/어깨 앞쪽 스트레칭(5%), 하지 루틴 스트레칭1(4%), 상지 루틴 스트레칭(3%), 옆으로 누워서팔 앞으로 당기기(3%), 아래 팔 스트레칭(3%), 달리기(3%), 하지 루틴 스트레칭2(3%), 목 스트레칭(3%), 테이블 이용하여 팔 들어 올리기(3%), 허리 스트레칭(2%), 걷기(2%), 테이블 이용하여 팔 옆으로 벌리기(2%), 배스트레칭(2%), 진자운동(2%), 실내 자전거타기(2%), 동적 스트레칭 루틴프로그램(1%), 트레드밀에서 걷기(1%), 엉덩이 스트레칭(1%), 넙다리 뒤쪽 스트레칭(1%), 옆구리 스트레칭(1%)",국민체력100 운동처방 · 성인 20세,,성인,,
prescription:성인-21-F-본운동,prescription,"성인 21세 여자 4,729명에게 처방된 본운동: 달리기(8%), 앉았다 일어서기(5%), 엎드려 버티기(5%), 윗몸올리기(5%), 윗몸 말아 올리기(4%), 실내 자전거타기(3%), 버피운동(3%), 계단 올라갔다 내려오기(3%), 줄넘기(2%), 수영(2%), 매달려서 다리 들기(2%), 한발 앞으로 내밀고 앉았다 일어서기(2%), 누워서 다리 들어올리기(2%), 계단 뛰어 오르기(2%), 팔벌려뛰기(2%), 누워서 배가로근 수축 II(2%), 트레드밀에서 걷기(1%), 옆으로 누워 버티기(1%), 넙다리 뒤쪽 스트레칭(1%), 누워서 엉덩이 들어올리기(1%), 턱걸이(1%), 맨몸운동  루틴프로그램(1%), 실외 자전거타기(1%), 앉았다 일어서면서 점프하기(1%), 웨이트 트레이닝  루틴프로그램(1%), 소파를 이용한 윗몸올리기(1%), 저항밴드 운동  루틴프로그램(1%), 넙다리 안쪽 스트레칭(1%), 바벨 끌어당기기(1%), 누워서 배가로근 수축 I(1%)",국민체력100 운동처방 · 성인 21세,,성인,,
prescription:성인-21-F-정리운동,prescription,"성인 21세 여자 4,729명에게 처방된 정리운동: 전신 루틴 스트레칭(13%), 하지 루틴 스트레칭2(13%), 상지 루틴 스트레칭(11%), 하지 루틴 스트레칭1(10%), 넙다리 뒤쪽 스트레칭(7%), 넙다리 안쪽 스트레칭(5%), 자가근막이완술 루틴 스트레칭(5%), 엉덩이 스트레칭(4%), 허리 스트레칭(4%), 배스트레칭(4%), 넙다리 앞쪽 스트레칭(4%), 달리기(2%)",국민체력100 운동처방 · 성인 21세,,성인,,
prescription:성인-21-F-준비운동,prescription,"성인 21세 여자 4,729명에게 처방된 준비운동: 유산소 운동 전 동적 루틴 스트레칭(10%), 전신 루틴 스트레칭(10%), 등/어깨 뒤쪽 스트레칭(5%), 가슴/어깨 앞쪽 스트레칭(5%), 자가근막이완술 루틴 스트레칭(4%), 하지 루틴 스트레칭1(4%), 허리 스트레칭(3%), 아래 팔 스트레칭(3%), 하지 루틴 스트레칭2(3%), 달리기(3%), 상지 루틴 스트레칭(3%), 목 스트레칭(3%), 배스트레칭(3%), 테이블 이용하여 팔 들어 올리기(2%), 옆으로 누워서팔 앞으로 당기기(2%), 진자운동(2%), 걷기(2%), 엉덩이 스트레칭(2%), 실내 자전거타기(2%), 트레드밀에서 걷기(2%), 옆구리 스트레칭(1%), 넙다리 뒤쪽 스트레칭(1%), 테이블 이용하여 팔 옆으로 벌리기(1%), 실외 자전거타기(1%), 넙다리 안쪽 스트레칭(1%)",국민체력100 운동처방 · 성인 21세,,성인,,
prescription:성인-21-M-본운동,prescription,"성인 21세 남자 7,278명에게 처방된 본운동: 달리기(9%), 버피운동(4%), 턱걸이(4%), 실내 자전거타기(4%), 윗몸올리기(4%), 앉았다 일어서기(3%), 줄넘기(3%), 수영(3%), 계단 올라갔다 내려오기(3%), 엎드려 버티기(3%), 윗몸 말아 올리기(3%), 계단 뛰어 오르기(3%), 웨이트 트레이닝  루틴프로그램(2%), 팔굽혀펴기(2%), 매달려서 다리 들기(2%), 한발 앞으로 내밀고 앉았다 일어서기(2%), 맨몸운동  루틴프로그램(2%), 팔벌려뛰기(1%), 누워서 다리 들어올리기(1%), 트레드밀에서 걷기(1%), 실외 자전거타기(1%), 바벨 끌어당기기(1%), 누워서 팔 다리 동시에 들어올리기(1%), 바벨들어올리기(1%), 넙다리 뒤쪽 스트레칭(1%), 앉았다 일어서면서 점프하기(1%), 누워서 배가로근 수축 II(1%), 왕복달리기(1%), 걷기(1%), 배스트레칭(1%)",국민체력100 운동처방 · 성인 21세,,성인,,
prescription:성인-21-M-정리운동,prescription,"성인 21세 남자 7,278명에게 처방된 정리운동: 전신 루틴 스트레칭(17%), 하지 루틴 스트레칭2(16%), 하지 루틴 스트레칭1(14%), 상지 루틴 스트레칭(13%), 넙다리 뒤쪽 스트레칭(5%), 넙다리 안쪽 스트레칭(3%), 정적 스트레칭  루틴프로그램(3%), 자가근막이완술 루틴 스트레칭(3%), 엉덩이 스트레칭(3%), 허리 스트레칭(2%)",국민체력100 운동처방 · 성인 21세,,성인,,
prescription:성인-21-M-준비운동,prescription,"성인 21세 남자 7,278명에게 처방된 준비운동: 유산소 운동 전 동적 루틴 스트레칭(13%), 전신 루틴 스트레칭(12%), 자가근막이완술 루틴 스트레칭(5%), 등/어깨 뒤쪽 스트레칭(5%), 가슴/어깨 앞쪽 스트레칭(4%), 하지 루틴 스트레칭1(4%), 옆으로 누워서팔 앞으로 당기기(3%), 테이블 이용하여 팔 들어 올리기(3%), 하지 루틴 스트레칭2(3%), 상지 루틴 스트레칭(3%), 허리 스트레칭(3%), 아래 팔 스트레칭(2%), 테이블 이용하여 팔 옆으로 벌리기(2%), 목 스트레칭(2%), 진자운동(2%), 달리기(2%), 동적 스트레칭 루틴프로그램(2%), 걷기(2%), 배스트레칭(1%), 넙다리 뒤쪽 스트레칭(1%), 트레드밀에서 걷기(1%), 실내 자전거타기(1%), 짐볼을 이용한 동적 루틴 스트레칭(1%), 옆구리 스트레칭(1%)",국민체력100 운동처방 · 성인 21세,,성인,,
prescription:성인-22-F-본운동,prescription,"성인 22세 여자 6,172명에게 처방된 본운동: 달리기(8%), 엎드려 버티기(5%), 윗몸 말아 올리기(5%), 윗몸올리기(4%), 앉았다 일어서기(4%), 실내 자전거타기(4%), 버피운동(4%), 누워서 다리 들어올리기(3%), 수영(3%), 계단 올라갔다 내려오기(2%), 줄넘기(2%), 한발 앞으로 내밀고 앉았다 일어서기(2%), 팔벌려뛰기(2%), 웨이트 트레이닝  루틴프로그램(2%), 계단 뛰어 오르기(2%), 옆으로 누워 버티기(2%), 누워서 배가로근 수축 II(2%), 매달려서 다리 들기(1%), 트레드밀에서 걷기(1%), 맨몸운동  루틴프로그램(1%), 턱걸이(1%), 앉았다 일어서면서 점프하기(1%), 소파를 이용한 윗몸올리기(1%), 저항밴드 운동  루틴프로그램(1%), 넙다리 뒤쪽 스트레칭(1%), 누워서 엉덩이 들어올리기(1%), 걷기(1%), 팔굽혀펴기(1%), 왕복달리기(1%), 무릎 높여 제자리 달리기(1%)",국민체력100 운동처방 · 성인 22세,,성인,,
prescription:성인-22-F-정리운동,prescription,"성인 22세 여자 6,172명에게 처방된 정리운동: 전신 루틴 스트레칭(16%), 하지 루틴 스트레칭2(13%), 상지 루틴 스트레칭(11%), 하지 루틴 스트레칭1(10%), 넙다리 뒤쪽 스트레칭(7%), 넙다리 안쪽 스트레칭(6%), 배스트레칭(5%), 허리 스트레칭(5%), 자가근막이완술 루틴 스트레칭(4%), 엉덩이 스트레칭(3%), 정적 스트레칭  루틴프로그램(3%)",국민체력100 운동처방 · 성인 22세,,성인,,
prescription:성인-22-F-준비운동,prescription,"성인 22세 여자 6,172명에게 처방된 준비운동: 유산소 운동 전 동적 루틴 스트레칭(12%), 전신 루틴 스트레칭(9%), 등/어깨 뒤쪽 스트레칭(5%), 가슴/어깨 앞쪽 스트레칭(5%), 하지 루틴 스트레칭1(4%), 자가근막이완술 루틴 스트레칭(4%), 달리기(4%), 목 스트레칭(3%), 허리 스트레칭(3%), 아래 팔 스트레칭(3%), 상지 루틴 스트레칭(3%), 배스트레칭(2%), 옆으로 누워서팔 앞으로 당기기(2%), 진자운동(2%), 테이블 이용하여 팔 들어 올리기(2%), 하지 루틴 스트레칭2(2%), 엉덩이 스트레칭(2%), 걷기(2%), 옆구리 스트레칭(2%), 실내 자전거타기(2%), 트레드밀에서 걷기(1%), 넙다리 뒤쪽 스트레칭(1%), 테이블 이용하여 팔 옆으로 벌리기(1%), 실외 자전거타기(1%), 동적 스트레칭 루틴프로그램(1%)",국민체력100 운동처방 · 성인 22세,,성인,,
prescription:성인-22-M-본운동,prescription,"성인 22세 남자 5,851명에게 처방된 본운동: 달리기(9%), 턱걸이(4%), 버피운동(4%), 실내 자전거타기(4%), 앉았다 일어서기(3%), 윗몸 말아 올리기(3%), 윗몸올리기(3%), 엎드려 버티기(3%), 계단 올라갔다 내려오기(3%), 계단 뛰어 오르기(3%), 줄넘기(3%), 수영(3%), 팔굽혀펴기(2%), 바벨 끌어당기기(2%), 실외 자전거타기(2%), 웨이트 트레이닝  루틴프로그램(2%), 팔벌려뛰기(2%), 매달려서 다리 들기(2%), 맨몸운동  루틴프로그램(1%), 한발 앞으로 내밀고 앉았다 일어서기(1%), 트레드밀에서 걷기(1%), 누워서 배가로근 수축 II(1%), 누워서 다리 들어올리기(1%), 앉았다 일어서면서 점프하기(1%), 걷기(1%), 누워서 팔 다리 동시에 들어올리기(1%), 넙다리 뒤쪽 스트레칭(1%), 옆으로 누워 버티기(1%), 왕복달리기(1%), 엉덩이 스트레칭(1%)",국민체력100 운동처방 · 성인 22세,,성인,,
prescription:성인-22-M-정리운동,prescription,"성인 22세 남자 5,851명에게 처방된 정리운동: 하지 루틴 스트레칭2(15%), 전신 루틴 스트레칭(12%), 하지 루틴 스트레칭1(12%), 상지 루틴 스트레칭(12%), 넙다리 뒤쪽 스트레칭(8%), 넙다리 안쪽 스트레칭(6%), 엉덩이 스트레칭(5%), 배스트레칭(4%), 허리 스트레칭(4%), 정적 스트레칭  루틴프로그램(3%)",국민체력100 운동처방 · 성인 22세,,성인,,
prescription:성인-22-M-준비운동,prescription,"성인 22세 남자 5,851명에게 처방된 준비운동: 유산소 운동 전 동적 루틴 스트레칭(12%), 전신 루틴 스트레칭(11%), 등/어깨 뒤쪽 스트레칭(6%), 자가근막이완술 루틴 스트레칭(5%), 가슴/어깨 앞쪽 스트레칭(4%), 허리 스트레칭(4%), 하지 루틴 스트레칭1(3%), 하지 루틴 스트레칭2(3%), 옆으로 누워서팔 앞으로 당기기(3%), 테이블 이용하여 팔 들어 올리기(3%), 아래 팔 스트레칭(3%), 걷기(3%), 상지 루틴 스트레칭(3%), 달리기(2%), 목 스트레칭(2%), 배스트레칭(2%), 테이블 이용하여 팔 옆으로 벌리기(2%), 진자운동(2%), 동적 스트레칭 루틴프로그램(2%), 트레드밀에서 걷기(2%), 작은 공을 이용한 동적 루틴 스트레칭(2%), 엉덩이 스트레칭(1%), 실내 자전거타기(1%), 넙다리 뒤쪽 스트레칭(1%)",국민체력100 운동처방 · 성인 22세,,성인,,
prescription:성인-23-F-본운동,prescription,"성인 23세 여자 7,444명에게 처방된 본운동: 달리기(7%), 엎드려 버티기(5%), 윗몸올리기(5%), 윗몸 말아 올리기(5%), 앉았다 일어서기(4%), 실내 자전거타기(4%), 버피운동(3%), 수영(3%), 누워서 다리 들어올리기(3%), 계단 올라갔다 내려오기(3%), 줄넘기(2%), 매달려서 다리 들기(2%), 팔벌려뛰기(2%), 웨이트 트레이닝  루틴프로그램(2%), 저항밴드 운동  루틴프로그램(2%), 누워서 배가로근 수축 II(2%), 맨몸운동  루틴프로그램(2%), 트레드밀에서 걷기(1%), 누워서 엉덩이 들어올리기(1%), 턱걸이(1%), 계단 뛰어 오르기(1%), 옆으로 누워 버티기(1%), 소파를 이용한 윗몸올리기(1%), 바벨 끌어당기기(1%), 걷기(1%), 한발 앞으로 내밀고 앉았다 일어서기(1%), 누워서 배가로근 수축 I(1%), 앉았다 일어서면서 점프하기(1%), 실외 자전거타기(1%), 넙다리 뒤쪽 스트레칭(1%)",국민체력100 운동처방 · 성인 23세,,성인,,
prescription:성인-23-F-정리운동,prescription,"성인 23세 여자 7,444명에게 처방된 정리운동: 전신 루틴 스트레칭(15%), 하지 루틴 스트레칭2(13%), 상지 루틴 스트레칭(10%), 하지 루틴 스트레칭1(9%), 넙다리 뒤쪽 스트레칭(9%), 넙다리 안쪽 스트레칭(7%), 배스트레칭(5%), 허리 스트레칭(5%), 엉덩이 스트레칭(4%), 자가근막이완술 루틴 스트레칭(4%)",국민체력100 운동처방 · 성인 23세,,성인,,
prescription:성인-23-F-준비운동,prescription,"성인 23세 여자 7,444명에게 처방된 준비운동: 유산소 운동 전 동적 루틴 스트레칭(11%), 전신 루틴 스트레칭(9%), 등/어깨 뒤쪽 스트레칭(6%), 가슴/어깨 앞쪽 스트레칭(6%), 자가근막이완술 루틴 스트레칭(4%), 하지 루틴 스트레칭1(4%), 목 스트레칭(4%), 아래 팔 스트레칭(3%), 상지 루틴 스트레칭(3%), 달리기(3%), 허리 스트레칭(3%), 옆으로 누워서팔 앞으로 당기기(3%), 걷기(2%), 테이블 이용하여 팔 들어 올리기(2%), 하지 루틴 스트레칭2(2%), 진자운동(2%), 배스트레칭(2%), 실내 자전거타기(2%), 트레드밀에서 걷기(2%), 테이블 이용하여 팔 옆으로 벌리기(1%), 넙다리 뒤쪽 스트레칭(1%), 윗몸올리기(1%), 실외 자전거타기(1%), 옆구리 스트레칭(1%), 엉덩이 스트레칭(1%), 윗몸 말아 올리기(1%), 넙다리 안쪽 스트레칭(1%)",국민체력100 운동처방 · 성인 23세,,성인,,
prescription:성인-23-M-본운동,prescription,"성인 23세 남자 4,618명에게 처방된 본운동: 달리기(9%), 실내 자전거타기(4%), 앉았다 일어서기(4%), 턱걸이(4%), 윗몸 말아 올리기(3%), 엎드려 버티기(3%), 계단 올라갔다 내려오기(3%), 버피운동(3%), 윗몸올리기(3%), 수영(3%), 계단 뛰어 오르기(2%), 줄넘기(2%), 매달려서 다리 들기(2%), 웨이트 트레이닝  루틴프로그램(2%), 한발 앞으로 내밀고 앉았다 일어서기(2%), 팔굽혀펴기(2%), 누워서 팔 다리 동시에 들어올리기(2%), 앉았다 일어서면서 점프하기(1%), 바벨 끌어당기기(1%), 팔벌려뛰기(1%), 누워서 배가로근 수축 II(1%), 누워서 다리 들어올리기(1%), 트레드밀에서 걷기(1%), 맨몸운동  루틴프로그램(1%), 실외 자전거타기(1%), 옆으로 누워 버티기(1%), 넙다리 뒤쪽 스트레칭(1%), 무릎 높여 제자리 달리기(1%), 걷기(1%), 소파를 이용한 윗몸올리기(1%)",국민체력100 운동처방 · 성인 23세,,성인,,
prescription:성인-23-M-정리운동,prescription,"성인 23세 남자 4,618명에게 처방된 정리운동: 전신 루틴 스트레칭(15%), 하지 루틴 스트레칭2(13%), 상지 루틴 스트레칭(11%), 하지 루틴 스트레칭1(10%), 넙다리 뒤쪽 스트레칭(7%), 넙다리 안쪽 스트레칭(5%), 배스트레칭(5%), 엉덩이 스트레칭(5%), 허리 스트레칭(5%), 자가근막이완술 루틴 스트레칭(4%), 정적 스트레칭  루틴프로그램(3%)",국민체력100 운동처방 · 성인 23세,,성인,,
prescription:성인-23-M-준비운동,prescription,"성인 23세 남자 4,618명에게 처방된 준비운동: 유산소 운동 전 동적 루틴 스트레칭(12%), 전신 루틴 스트레칭(10%), 자가근막이완술 루틴 스트레칭(5%), 달리기(4%), 등/어깨 뒤쪽 스트레칭(4%), 가슴/어깨 앞쪽 스트레칭(4%), 하지 루틴 스트레칭1(4%), 상지 루틴 스트레칭(3%), 하지 루틴 스트레칭2(3%), 옆으로 누워서팔 앞으로 당기기(3%), 걷기(3%), 아래 팔 스트레칭(3%), 목 스트레칭(3%), 테이블 이용하여 팔 들어 올리기(2%), 트레드밀에서 걷기(2%), 실내 자전거타기(2%), 작은 공을 이용한 동적 루틴 스트레칭(2%), 진자운동(2%), 허리 스트레칭(2%), 테이블 이용하여 팔 옆으로 벌리기(2%), 동적 스트레칭 루틴프로그램(1%), 배스트레칭(1%), 실외 자전거타기(1%), 줄넘기(1%), 넙다리 뒤쪽 스트레칭(1%), 계단 올라갔다 내려오기(1%)",국민체력100 운동처방 · 성인 23세,,성인,,
prescription:성인-24-F-본운동,prescription,"성인 24세 여자 8,012명에게 처방된 본운동: 달리기(8%), 엎드려 버티기(5%), 윗몸올리기(5%), 윗몸 말아 올리기(4%), 앉았다 일어서기(4%), 버피운동(3%), 실내 자전거타기(3%), 누워서 다리 들어올리기(3%), 수영(2%), 계단 올라갔다 내려오기(2%), 줄넘기(2%), 옆으로 누워 버티기(2%), 누워서 배가로근 수축 II(2%), 매달려서 다리 들기(2%), 소파를 이용한 윗몸올리기(2%), 팔벌려뛰기(2%), 웨이트 트레이닝  루틴프로그램(2%), 걷기(2%), 맨몸운동  루틴프로그램(2%), 한발 앞으로 내밀고 앉았다 일어서기(2%), 저항밴드 운동  루틴프로그램(1%), 계단 뛰어 오르기(1%), 트레드밀에서 걷기(1%), 앉았다 일어서면서 점프하기(1%), 바벨 끌어당기기(1%), 턱걸이(1%), 짐볼 윗몸올리기(1%), 무릎 높여 제자리 달리기(1%), 누워서 엉덩이 들어올리기(1%), 넙다리 뒤쪽 스트레칭(1%)",국민체력100 운동처방 · 성인 24세,,성인,,
prescription:성인-24-F-정리운동,prescription,"성인 24세 여자 8,012명에게 처방된 정리운동: 전신 루틴 스트레칭(16%), 하지 루틴 스트레칭2(12%), 상지 루틴 스트레칭(9%), 하지 루틴 스트레칭1(9%), 넙다리 뒤쪽 스트레칭(8%), 넙다리 안쪽 스트레칭(6%), 허리 스트레칭(5%), 배스트레칭(5%), 엉덩이 스트레칭(4%), 넙다리 앞쪽 스트레칭(3%), 자가근막이완술 루틴 스트레칭(3%)",국민체력100 운동처방 · 성인 24세,,성인,,
prescription:성인-24-F-준비운동,prescription,"성인 24세 여자 8,012명에게 처방된 준비운동: 유산소 운동 전 동적 루틴 스트레칭(11%), 전신 루틴 스트레칭(10%), 가슴/어깨 앞쪽 스트레칭(6%), 등/어깨 뒤쪽 스트레칭(6%), 하지 루틴 스트레칭1(4%), 목 스트레칭(4%), 아래 팔 스트레칭(4%), 상지 루틴 스트레칭(3%), 자가근막이완술 루틴 스트레칭(3%), 달리기(3%), 하지 루틴 스트레칭2(3%), 옆으로 누워서팔 앞으로 당기기(3%), 허리 스트레칭(3%), 진자운동(2%), 걷기(2%), 테이블 이용하여 팔 들어 올리기(2%), 배스트레칭(2%), 실내 자전거타기(2%), 트레드밀에서 걷기(1%), 윗몸올리기(1%), 테이블 이용하여 팔 옆으로 벌리기(1%), 엉덩이 스트레칭(1%), 넙다리 뒤쪽 스트레칭(1%), 실외 자전거타기(1%), 윗몸 말아 올리기(1%)",국민체력100 운동처방 · 성인 24세,,성인,,
prescription:성인-24-M-본운동,prescription,"성인 24세 남자 4,976명에게 처방된 본운동: 달리기(8%), 턱걸이(4%), 앉았다 일어서기(4%), 실내 자전거타기(4%), 윗몸올리기(4%), 엎드려 버티기(4%), 윗몸 말아 올리기(3%), 버피운동(3%), 계단 올라갔다 내려오기(3%), 수영(3%), 계단 뛰어 오르기(3%), 줄넘기(3%), 한발 앞으로 내밀고 앉았다 일어서기(2%), 매달려서 다리 들기(2%), 웨이트 트레이닝  루틴프로그램(2%), 바벨 끌어당기기(2%), 누워서 배가로근 수축 II(2%), 팔굽혀펴기(2%), 누워서 다리 들어올리기(2%), 트레드밀에서 걷기(1%), 팔벌려뛰기(1%), 실외 자전거타기(1%), 넙다리 뒤쪽 스트레칭(1%), 누워서 팔 다리 동시에 들어올리기(1%), 맨몸운동  루틴프로그램(1%), 걷기(1%), 앉았다 일어서면서 점프하기(1%), 옆으로 누워 버티기(1%), 무릎 높여 제자리 달리기(1%), 왕복달리기(1%)",국민체력100 운동처방 · 성인 24세,,성인,,
prescription:성인-24-M-정리운동,prescription,"성인 24세 남자 4,976명에게 처방된 정리운동: 전신 루틴 스트레칭(16%), 하지 루틴 스트레칭2(14%), 상지 루틴 스트레칭(11%), 하지 루틴 스트레칭1(11%), 넙다리 뒤쪽 스트레칭(6%), 넙다리 안쪽 스트레칭(5%), 허리 스트레칭(4%), 배스트레칭(4%), 엉덩이 스트레칭(4%), 자가근막이완술 루틴 스트레칭(3%), 걷기(3%)",국민체력100 운동처방 · 성인 24세,,성인,,
prescription:성인-24-M-준비운동,prescription,"성인 24세 남자 4,976명에게 처방된 준비운동: 유산소 운동 전 동적 루틴 스트레칭(14%), 전신 루틴 스트레칭(10%), 등/어깨 뒤쪽 스트레칭(5%), 자가근막이완술 루틴 스트레칭(5%), 가슴/어깨 앞쪽 스트레칭(5%), 하지 루틴 스트레칭1(4%), 상지 루틴 스트레칭(4%), 하지 루틴 스트레칭2(4%), 아래 팔 스트레칭(3%), 달리기(3%), 걷기(3%), 목 스트레칭(3%), 허리 스트레칭(2%), 테이블 이용하여 팔 들어 올리기(2%), 옆으로 누워서팔 앞으로 당기기(2%), 진자운동(2%), 트레드밀에서 걷기(2%), 실내 자전거타기(1%), 테이블 이용하여 팔 옆으로 벌리기(1%), 배스트레칭(1%), 동적 스트레칭 루틴프로그램(1%), 넙다리 뒤쪽 스트레칭(1%), 옆구리 스트레칭(1%), 엉덩이 스트레칭(1%), 작은 공을 이용한 동적 루틴 스트레칭(1%)",국민체력100 운동처방 · 성인 24세,,성인,,
prescription:성인-25-F-본운동,prescription,"성인 25세 여자 6,542명에게 처방된 본운동: 달리기(7%), 엎드려 버티기(5%), 앉았다 일어서기(5%), 윗몸올리기(4%), 윗몸 말아 올리기(4%), 실내 자전거타기(3%), 버피운동(3%), 누워서 다리 들어올리기(3%), 수영(2%), 계단 올라갔다 내려오기(2%), 줄넘기(2%), 웨이트 트레이닝  루틴프로그램(2%), 누워서 배가로근 수축 II(2%), 트레드밀에서 걷기(2%), 매달려서 다리 들기(2%), 걷기(2%), 한발 앞으로 내밀고 앉았다 일어서기(1%), 턱걸이(1%), 맨몸운동  루틴프로그램(1%), 팔벌려뛰기(1%), 계단 뛰어 오르기(1%), 옆으로 누워 버티기(1%), 바벨 끌어당기기(1%), 누워서 엉덩이 들어올리기(1%), 바벨들어올리기(1%), 소파를 이용한 윗몸올리기(1%), 팔굽혀펴기(1%), 실외 자전거타기(1%), 저항밴드 운동  루틴프로그램(1%), 앉았다 일어서면서 점프하기(1%)",국민체력100 운동처방 · 성인 25세,,성인,,
prescription:성인-25-F-정리운동,prescription,"성인 25세 여자 6,542명에게 처방된 정리운동: 하지 루틴 스트레칭2(14%), 전신 루틴 스트레칭(14%), 상지 루틴 스트레칭(12%), 하지 루틴 스트레칭1(10%), 넙다리 뒤쪽 스트레칭(7%), 배스트레칭(5%), 엉덩이 스트레칭(5%), 넙다리 안쪽 스트레칭(5%), 허리 스트레칭(5%), 자가근막이완술 루틴 스트레칭(4%), 정적 스트레칭  루틴프로그램(3%)",국민체력100 운동처방 · 성인 25세,,성인,,
prescription:성인-25-F-준비운동,prescription,"성인 25세 여자 6,542명에게 처방된 준비운동: 유산소 운동 전 동적 루틴 스트레칭(11%), 전신 루틴 스트레칭(10%), 등/어깨 뒤쪽 스트레칭(5%), 가슴/어깨 앞쪽 스트레칭(5%), 하지 루틴 스트레칭1(4%), 아래 팔 스트레칭(4%), 목 스트레칭(3%), 달리기(3%), 상지 루틴 스트레칭(3%), 자가근막이완술 루틴 스트레칭(3%), 하지 루틴 스트레칭2(3%), 옆으로 누워서팔 앞으로 당기기(3%), 허리 스트레칭(2%), 진자운동(2%), 테이블 이용하여 팔 들어 올리기(2%), 걷기(2%), 넙다리 뒤쪽 스트레칭(2%), 실내 자전거타기(2%), 트레드밀에서 걷기(2%), 배스트레칭(2%), 동적 스트레칭 루틴프로그램(1%), 실외 자전거타기(1%), 테이블 이용하여 팔 옆으로 벌리기(1%), 윗몸 말아 올리기(1%), 넙다리 안쪽 스트레칭(1%), 윗몸올리기(1%), 엉덩이 스트레칭(1%)",국민체력100 운동처방 · 성인 25세,,성인,,
prescription:성인-25-M-본운동,prescription,"성인 25세 남자 5,037명에게 처방된 본운동: 달리기(9%), 턱걸이(5%), 실내 자전거타기(4%), 앉았다 일어서기(3%), 엎드려 버티기(3%), 버피운동(3%), 계단 올라갔다 내려오기(3%), 윗몸 말아 올리기(3%), 윗몸올리기(3%), 줄넘기(3%), 웨이트 트레이닝  루틴프로그램(2%), 수영(2%), 계단 뛰어 오르기(2%), 매달려서 다리 들기(2%), 팔굽혀펴기(2%), 바벨 끌어당기기(2%), 누워서 팔 다리 동시에 들어올리기(1%), 팔벌려뛰기(1%), 트레드밀에서 걷기(1%), 누워서 배가로근 수축 II(1%), 넙다리 뒤쪽 스트레칭(1%), 누워서 다리 들어올리기(1%), 한발 앞으로 내밀고 앉았다 일어서기(1%), 앉았다 일어서면서 점프하기(1%), 걷기(1%), 맨몸운동  루틴프로그램(1%), 옆으로 누워 버티기(1%), 실외 자전거타기(1%), 하지 루틴 스트레칭2(1%), 무릎 높여 제자리 달리기(1%)",국민체력100 운동처방 · 성인 25세,,성인,,
prescription:성인-25-M-정리운동,prescription,"성인 25세 남자 5,037명에게 처방된 정리운동: 전신 루틴 스트레칭(16%), 하지 루틴 스트레칭2(15%), 상지 루틴 스트레칭(11%), 하지 루틴 스트레칭1(11%), 넙다리 뒤쪽 스트레칭(7%), 넙다리 안쪽 스트레칭(6%), 엉덩이 스트레칭(4%), 배스트레칭(4%), 자가근막이완술 루틴 스트레칭(3%), 허리 스트레칭(3%)",국민체력100 운동처방 · 성인 25세,,성인,,
prescription:성인-25-M-준비운동,prescription,"성인 25세 남자 5,037명에게 처방된 준비운동: 유산소 운동 전 동적 루틴 스트레칭(15%), 전신 루틴 스트레칭(10%), 등/어깨 뒤쪽 스트레칭(5%), 가슴/어깨 앞쪽 스트레칭(5%), 자가근막이완술 루틴 스트레칭(4%), 하지 루틴 스트레칭1(4%), 달리기(3%), 목 스트레칭(3%), 상지 루틴 스트레칭(3%), 아래 팔 스트레칭(3%), 하지 루틴 스트레칭2(3%), 걷기(3%), 허리 스트레칭(2%), 트레드밀에서 걷기(2%), 옆으로 누워서팔 앞으로 당기기(2%), 실내 자전거타기(2%), 테이블 이용하여 팔 들어 올리기(2%), 진자운동(2%), 배스트레칭(1%), 동적 스트레칭 루틴프로그램(1%), 테이블 이용하여 팔 옆으로 벌리기(1%), 실외 자전거타기(1%), 넙다리 뒤쪽 스트레칭(1%), 엉덩이 스트레칭(1%)",국민체력100 운동처방 · 성인 25세,,성인,,
prescription:성인-26-F-본운동,prescription,"성인 26세 여자 4,772명에게 처방된 본운동: 달리기(8%), 윗몸올리기(5%), 엎드려 버티기(5%), 윗몸 말아 올리기(4%), 앉았다 일어서기(4%), 수영(3%), 버피운동(3%), 실내 자전거타기(3%), 누워서 다리 들어올리기(3%), 줄넘기(3%), 계단 올라갔다 내려오기(2%), 매달려서 다리 들기(2%), 트레드밀에서 걷기(2%), 웨이트 트레이닝  루틴프로그램(2%), 팔벌려뛰기(2%), 누워서 엉덩이 들어올리기(2%), 누워서 배가로근 수축 II(1%), 계단 뛰어 오르기(1%), 턱걸이(1%), 걷기(1%), 옆으로 누워 버티기(1%), 맨몸운동  루틴프로그램(1%), 앉았다 일어서면서 점프하기(1%), 저항밴드 운동  루틴프로그램(1%), 무릎 높여 제자리 달리기(1%), 한발 앞으로 내밀고 앉았다 일어서기(1%), 누워서 배가로근 수축 I(1%), 넙다리 뒤쪽 스트레칭(1%), 팔굽혀펴기(1%), 바벨 끌어당기기(1%)",국민체력100 운동처방 · 성인 26세,,성인,,
prescription:성인-26-F-정리운동,prescription,"성인 26세 여자 4,772명에게 처방된 정리운동: 전신 루틴 스트레칭(15%), 하지 루틴 스트레칭2(12%), 하지 루틴 스트레칭1(9%), 상지 루틴 스트레칭(9%), 넙다리 뒤쪽 스트레칭(9%), 넙다리 안쪽 스트레칭(7%), 허리 스트레칭(6%), 배스트레칭(5%), 엉덩이 스트레칭(4%), 넙다리 앞쪽 스트레칭(3%), 자가근막이완술 루틴 스트레칭(3%)",국민체력100 운동처방 · 성인 26세,,성인,,
prescription:성인-26-F-준비운동,prescription,"성인 26세 여자 4,772명에게 처방된 준비운동: 유산소 운동 전 동적 루틴 스트레칭(13%), 전신 루틴 스트레칭(9%), 등/어깨 뒤쪽 스트레칭(7%), 가슴/어깨 앞쪽 스트레칭(5%), 목 스트레칭(4%), 아래 팔 스트레칭(4%), 하지 루틴 스트레칭1(4%), 상지 루틴 스트레칭(3%), 자가근막이완술 루틴 스트레칭(3%), 하지 루틴 스트레칭2(3%), 걷기(3%), 달리기(3%), 옆으로 누워서팔 앞으로 당기기(2%), 허리 스트레칭(2%), 진자운동(2%), 넙다리 뒤쪽 스트레칭(2%), 테이블 이용하여 팔 들어 올리기(2%), 실내 자전거타기(2%), 배스트레칭(2%), 트레드밀에서 걷기(2%), 넙다리 안쪽 스트레칭(1%), 동적 스트레칭 루틴프로그램(1%), 윗몸올리기(1%), 테이블 이용하여 팔 옆으로 벌리기(1%)",국민체력100 운동처방 · 성인 26세,,성인,,
prescription:성인-26-M-본운동,prescription,"성인 26세 남자 4,669명에게 처방된 본운동: 달리기(9%), 버피운동(4%), 엎드려 버티기(4%), 턱걸이(4%), 앉았다 일어서기(4%), 계단 올라갔다 내려오기(3%), 윗몸올리기(3%), 실내 자전거타기(3%), 수영(3%), 윗몸 말아 올리기(3%), 줄넘기(2%), 계단 뛰어 오르기(2%), 웨이트 트레이닝  루틴프로그램(2%), 팔벌려뛰기(2%), 매달려서 다리 들기(2%), 바벨 끌어당기기(2%), 팔굽혀펴기(2%), 누워서 팔 다리 동시에 들어올리기(1%), 실외 자전거타기(1%), 앉았다 일어서면서 점프하기(1%), 트레드밀에서 걷기(1%), 누워서 다리 들어올리기(1%), 넙다리 뒤쪽 스트레칭(1%), 누워서 배가로근 수축 II(1%), 무릎 높여 제자리 달리기(1%), 한발 앞으로 내밀고 앉았다 일어서기(1%), 맨몸운동  루틴프로그램(1%), 옆으로 누워 버티기(1%), 걷기(1%), 하지 루틴 스트레칭2(1%)",국민체력100 운동처방 · 성인 26세,,성인,,
prescription:성인-26-M-정리운동,prescription,"성인 26세 남자 4,669명에게 처방된 정리운동: 전신 루틴 스트레칭(18%), 하지 루틴 스트레칭2(14%), 상지 루틴 스트레칭(11%), 하지 루틴 스트레칭1(11%), 넙다리 뒤쪽 스트레칭(6%), 넙다리 안쪽 스트레칭(5%), 자가근막이완술 루틴 스트레칭(4%), 엉덩이 스트레칭(3%), 허리 스트레칭(3%), 배스트레칭(3%), 걷기(3%)",국민체력100 운동처방 · 성인 26세,,성인,,
prescription:성인-26-M-준비운동,prescription,"성인 26세 남자 4,669명에게 처방된 준비운동: 유산소 운동 전 동적 루틴 스트레칭(16%), 전신 루틴 스트레칭(10%), 등/어깨 뒤쪽 스트레칭(5%), 하지 루틴 스트레칭1(4%), 자가근막이완술 루틴 스트레칭(4%), 하지 루틴 스트레칭2(4%), 가슴/어깨 앞쪽 스트레칭(4%), 상지 루틴 스트레칭(4%), 달리기(3%), 목 스트레칭(3%), 아래 팔 스트레칭(3%), 허리 스트레칭(3%), 걷기(3%), 트레드밀에서 걷기(2%), 옆으로 누워서팔 앞으로 당기기(2%), 진자운동(2%), 테이블 이용하여 팔 들어 올리기(2%), 넙다리 뒤쪽 스트레칭(2%), 배스트레칭(2%), 좌식생활자를 위한 동적 루틴 스트레칭(1%), 테이블 이용하여 팔 옆으로 벌리기(1%), 실내 자전거타기(1%), 넙다리 안쪽 스트레칭(1%)",국민체력100 운동처방 · 성인 26세,,성인,,
prescription:성인-27-F-본운동,prescription,"성인 27세 여자 3,575명에게 처방된 본운동: 달리기(7%), 엎드려 버티기(4%), 앉았다 일어서기(4%), 실내 자전거타기(4%), 윗몸올리기(3%), 윗몸 말아 올리기(3%), 버피운동(3%), 수영(3%), 계단 올라갔다 내려오기(3%), 줄넘기(3%), 맨몸운동  루틴프로그램(2%), 누워서 다리 들어올리기(2%), 팔벌려뛰기(2%), 턱걸이(2%), 웨이트 트레이닝  루틴프로그램(2%), 걷기(2%), 한발 앞으로 내밀고 앉았다 일어서기(2%), 매달려서 다리 들기(2%), 저항밴드 운동  루틴프로그램(2%), 바벨 끌어당기기(1%), 소파를 이용한 윗몸올리기(1%), 앉았다 일어서면서 점프하기(1%), 누워서 배가로근 수축 II(1%), 계단 뛰어 오르기(1%), 누워서 엉덩이 들어올리기(1%), 트레드밀에서 걷기(1%), 넙다리 뒤쪽 스트레칭(1%), 팔굽혀펴기(1%), 무릎 높여 제자리 달리기(1%), 옆으로 누워 버티기(1%)",국민체력100 운동처방 · 성인 27세,,성인,,
prescription:성인-27-F-정리운동,prescription,"성인 27세 여자 3,575명에게 처방된 정리운동: 전신 루틴 스트레칭(16%), 하지 루틴 스트레칭2(13%), 상지 루틴 스트레칭(9%), 하지 루틴 스트레칭1(9%), 넙다리 뒤쪽 스트레칭(7%), 넙다리 안쪽 스트레칭(7%), 엉덩이 스트레칭(5%), 허리 스트레칭(4%), 배스트레칭(4%), 넙다리 앞쪽 스트레칭(4%), 정적 스트레칭  루틴프로그램(3%)",국민체력100 운동처방 · 성인 27세,,성인,,
prescription:성인-27-F-준비운동,prescription,"성인 27세 여자 3,575명에게 처방된 준비운동: 유산소 운동 전 동적 루틴 스트레칭(12%), 전신 루틴 스트레칭(11%), 가슴/어깨 앞쪽 스트레칭(5%), 등/어깨 뒤쪽 스트레칭(5%), 하지 루틴 스트레칭1(4%), 자가근막이완술 루틴 스트레칭(4%), 하지 루틴 스트레칭2(3%), 아래 팔 스트레칭(3%), 상지 루틴 스트레칭(3%), 목 스트레칭(3%), 달리기(3%), 걷기(3%), 옆으로 누워서팔 앞으로 당기기(3%), 허리 스트레칭(3%), 진자운동(2%), 배스트레칭(2%), 넙다리 뒤쪽 스트레칭(2%), 테이블 이용하여 팔 들어 올리기(2%), 실내 자전거타기(2%), 동적 스트레칭 루틴프로그램(2%), 트레드밀에서 걷기(1%), 넙다리 안쪽 스트레칭(1%), 실외 자전거타기(1%), 넙다리 앞쪽 스트레칭(1%)",국민체력100 운동처방 · 성인 27세,,성인,,
prescription:성인-27-M-본운동,prescription,"성인 27세 남자 4,817명에게 처방된 본운동: 달리기(10%), 턱걸이(4%), 버피운동(4%), 실내 자전거타기(4%), 앉았다 일어서기(4%), 계단 올라갔다 내려오기(3%), 줄넘기(3%), 엎드려 버티기(3%), 윗몸 말아 올리기(3%), 수영(3%), 계단 뛰어 오르기(3%), 윗몸올리기(3%), 매달려서 다리 들기(2%), 팔굽혀펴기(2%), 팔벌려뛰기(2%), 웨이트 트레이닝  루틴프로그램(2%), 바벨 끌어당기기(2%), 맨몸운동  루틴프로그램(1%), 누워서 다리 들어올리기(1%), 누워서 팔 다리 동시에 들어올리기(1%), 누워서 배가로근 수축 II(1%), 앉았다 일어서면서 점프하기(1%), 트레드밀에서 걷기(1%), 한발 앞으로 내밀고 앉았다 일어서기(1%), 옆으로 누워 버티기(1%), 실외 자전거타기(1%), 소파를 이용한 윗몸올리기(1%), 넙다리 뒤쪽 스트레칭(1%), 걷기(1%), 점프 팔굽혀펴기(1%)",국민체력100 운동처방 · 성인 27세,,성인,,
prescription:성인-27-M-정리운동,prescription,"성인 27세 남자 4,817명에게 처방된 정리운동: 전신 루틴 스트레칭(16%), 하지 루틴 스트레칭2(14%), 상지 루틴 스트레칭(12%), 하지 루틴 스트레칭1(11%), 넙다리 뒤쪽 스트레칭(6%), 넙다리 안쪽 스트레칭(5%), 엉덩이 스트레칭(4%), 허리 스트레칭(3%), 배스트레칭(3%), 정적 스트레칭  루틴프로그램(3%), 달리기(3%), 넙다리 앞쪽 스트레칭(3%)",국민체력100 운동처방 · 성인 27세,,성인,,
prescription:성인-27-M-준비운동,prescription,"성인 27세 남자 4,817명에게 처방된 준비운동: 유산소 운동 전 동적 루틴 스트레칭(13%), 전신 루틴 스트레칭(11%), 자가근막이완술 루틴 스트레칭(5%), 등/어깨 뒤쪽 스트레칭(5%), 하지 루틴 스트레칭1(5%), 가슴/어깨 앞쪽 스트레칭(4%), 하지 루틴 스트레칭2(4%), 상지 루틴 스트레칭(4%), 달리기(4%), 허리 스트레칭(3%), 걷기(3%), 트레드밀에서 걷기(2%), 아래 팔 스트레칭(2%), 목 스트레칭(2%), 실내 자전거타기(2%), 옆으로 누워서팔 앞으로 당기기(2%), 동적 스트레칭 루틴프로그램(2%), 테이블 이용하여 팔 들어 올리기(2%), 작은 공을 이용한 동적 루틴 스트레칭(2%), 진자운동(2%), 배스트레칭(2%), 실외 자전거타기(1%)",국민체력100 운동처방 · 성인 27세,,성인,,
prescription:성인-28-F-본운동,prescription,"성인 28세 여자 2,863명에게 처방된 본운동: 달리기(7%), 엎드려 버티기(4%), 앉았다 일어서기(4%), 버피운동(4%), 윗몸 말아 올리기(3%), 윗몸올리기(3%), 실내 자전거타기(3%), 계단 올라갔다 내려오기(3%), 수영(3%), 줄넘기(2%), 매달려서 다리 들기(2%), 팔벌려뛰기(2%), 한발 앞으로 내밀고 앉았다 일어서기(2%), 맨몸운동  루틴프로그램(2%), 웨이트 트레이닝  루틴프로그램(2%), 누워서 다리 들어올리기(2%), 누워서 엉덩이 들어올리기(2%), 저항밴드 운동  루틴프로그램(2%), 트레드밀에서 걷기(2%), 턱걸이(2%), 바벨 끌어당기기(2%), 누워서 배가로근 수축 II(2%), 계단 뛰어 오르기(1%), 팔굽혀펴기(1%), 넙다리 뒤쪽 스트레칭(1%), 실외 자전거타기(1%), 손목 펴기/굽히기(1%), 왕복달리기(1%), 누워서 배가로근 수축 I(1%), 바벨들어올리기(1%)",국민체력100 운동처방 · 성인 28세,,성인,,
prescription:성인-28-F-정리운동,prescription,"성인 28세 여자 2,863명에게 처방된 정리운동: 전신 루틴 스트레칭(17%), 하지 루틴 스트레칭2(12%), 상지 루틴 스트레칭(12%), 하지 루틴 스트레칭1(10%), 넙다리 뒤쪽 스트레칭(7%), 넙다리 안쪽 스트레칭(5%), 엉덩이 스트레칭(5%), 자가근막이완술 루틴 스트레칭(4%), 배스트레칭(4%), 허리 스트레칭(3%), 정적 스트레칭  루틴프로그램(3%)",국민체력100 운동처방 · 성인 28세,,성인,,
prescription:성인-28-F-준비운동,prescription,"성인 28세 여자 2,863명에게 처방된 준비운동: 유산소 운동 전 동적 루틴 스트레칭(12%), 전신 루틴 스트레칭(11%), 등/어깨 뒤쪽 스트레칭(5%), 가슴/어깨 앞쪽 스트레칭(5%), 자가근막이완술 루틴 스트레칭(4%), 하지 루틴 스트레칭1(4%), 달리기(3%), 상지 루틴 스트레칭(3%), 목 스트레칭(3%), 아래 팔 스트레칭(3%), 걷기(3%), 허리 스트레칭(3%), 테이블 이용하여 팔 들어 올리기(2%), 하지 루틴 스트레칭2(2%), 옆으로 누워서팔 앞으로 당기기(2%), 진자운동(2%), 실내 자전거타기(2%), 동적 스트레칭 루틴프로그램(2%), 트레드밀에서 걷기(2%), 테이블 이용하여 팔 옆으로 벌리기(2%), 배스트레칭(1%), 넙다리 뒤쪽 스트레칭(1%), 실외 자전거타기(1%), 윗몸 말아 올리기(1%), 한발 앞으로 내밀고 앉았다 일어서기(1%), 막대 잡고 팔 안쪽/바깥 돌림(1%)",국민체력100 운동처방 · 성인 28세,,성인,,
prescription:성인-28-M-본운동,prescription,"성인 28세 남자 4,793명에게 처방된 본운동: 달리기(8%), 턱걸이(4%), 버피운동(4%), 실내 자전거타기(4%), 앉았다 일어서기(4%), 엎드려 버티기(3%), 계단 뛰어 오르기(3%), 계단 올라갔다 내려오기(3%), 줄넘기(3%), 윗몸 말아 올리기(3%), 수영(3%), 윗몸올리기(2%), 바벨 끌어당기기(2%), 팔벌려뛰기(2%), 웨이트 트레이닝  루틴프로그램(2%), 매달려서 다리 들기(2%), 트레드밀에서 걷기(2%), 한발 앞으로 내밀고 앉았다 일어서기(1%), 앉았다 일어서면서 점프하기(1%), 팔굽혀펴기(1%), 넙다리 뒤쪽 스트레칭(1%), 누워서 다리 들어올리기(1%), 누워서 팔 다리 동시에 들어올리기(1%), 걷기(1%), 무릎 높여 제자리 달리기(1%), 누워서 배가로근 수축 II(1%), 실외 자전거타기(1%), 맨몸운동  루틴프로그램(1%), 옆으로 누워 버티기(1%), 누워서 수직으로 다리 들어올리기(1%)",국민체력100 운동처방 · 성인 28세,,성인,,
prescription:성인-28-M-정리운동,prescription,"성인 28세 남자 4,793명에게 처방된 정리운동: 전신 루틴 스트레칭(18%), 하지 루틴 스트레칭2(15%), 상지 루틴 스트레칭(12%), 하지 루틴 스트레칭1(10%), 넙다리 뒤쪽 스트레칭(6%), 넙다리 안쪽 스트레칭(5%), 엉덩이 스트레칭(4%), 자가근막이완술 루틴 스트레칭(3%), 허리 스트레칭(3%), 배스트레칭(3%), 넙다리 앞쪽 스트레칭(3%)",국민체력100 운동처방 · 성인 28세,,성인,,
prescription:성인-28-M-준비운동,prescription,"성인 28세 남자 4,793명에게 처방된 준비운동: 유산소 운동 전 동적 루틴 스트레칭(15%), 전신 루틴 스트레칭(9%), 자가근막이완술 루틴 스트레칭(5%), 등/어깨 뒤쪽 스트레칭(4%), 하지 루틴 스트레칭2(4%), 하지 루틴 스트레칭1(4%), 가슴/어깨 앞쪽 스트레칭(4%), 달리기(4%), 상지 루틴 스트레칭(3%), 걷기(3%), 목 스트레칭(3%), 트레드밀에서 걷기(2%), 아래 팔 스트레칭(2%), 진자운동(2%), 실내 자전거타기(2%), 옆으로 누워서팔 앞으로 당기기(2%), 테이블 이용하여 팔 들어 올리기(2%), 허리 스트레칭(2%), 넙다리 뒤쪽 스트레칭(2%), 테이블 이용하여 팔 옆으로 벌리기(1%), 작은 공을 이용한 동적 루틴 스트레칭(1%), 배스트레칭(1%), 좌식생활자를 위한 동적 루틴 스트레칭(1%)",국민체력100 운동처방 · 성인 28세,,성인,,
prescription:성인-29-F-본운동,prescription,"성인 29세 여자 2,387명에게 처방된 본운동: 달리기(9%), 앉았다 일어서기(5%), 엎드려 버티기(3%), 버피운동(3%), 실내 자전거타기(3%), 계단 올라갔다 내려오기(3%), 줄넘기(3%), 수영(3%), 윗몸올리기(3%), 윗몸 말아 올리기(3%), 계단 뛰어 오르기(2%), 맨몸운동  루틴프로그램(2%), 팔벌려뛰기(2%), 누워서 배가로근 수축 II(2%), 웨이트 트레이닝  루틴프로그램(2%), 매달려서 다리 들기(2%), 턱걸이(2%), 넙다리 뒤쪽 스트레칭(1%), 트레드밀에서 걷기(1%), 누워서 다리 들어올리기(1%), 바벨 끌어당기기(1%), 한발 앞으로 내밀고 앉았다 일어서기(1%), 저항밴드 운동  루틴프로그램(1%), 옆으로 누워 버티기(1%), 소파를 이용한 윗몸올리기(1%), 누워서 배가로근 수축 I(1%), 걷기(1%), 누워서 엉덩이 들어올리기(1%), 무릎 높여 제자리 달리기(1%), 하지 루틴 스트레칭2(1%)",국민체력100 운동처방 · 성인 29세,,성인,,
prescription:성인-29-F-정리운동,prescription,"성인 29세 여자 2,387명에게 처방된 정리운동: 전신 루틴 스트레칭(14%), 하지 루틴 스트레칭2(13%), 상지 루틴 스트레칭(11%), 하지 루틴 스트레칭1(9%), 넙다리 뒤쪽 스트레칭(9%), 넙다리 안쪽 스트레칭(6%), 엉덩이 스트레칭(5%), 배스트레칭(5%), 허리 스트레칭(4%), 넙다리 앞쪽 스트레칭(3%)",국민체력100 운동처방 · 성인 29세,,성인,,
prescription:성인-29-F-준비운동,prescription,"성인 29세 여자 2,387명에게 처방된 준비운동: 유산소 운동 전 동적 루틴 스트레칭(13%), 전신 루틴 스트레칭(12%), 상지 루틴 스트레칭(6%), 등/어깨 뒤쪽 스트레칭(5%), 하지 루틴 스트레칭1(5%), 가슴/어깨 앞쪽 스트레칭(4%), 하지 루틴 스트레칭2(4%), 달리기(3%), 목 스트레칭(3%), 자가근막이완술 루틴 스트레칭(2%), 걷기(2%), 진자운동(2%), 아래 팔 스트레칭(2%), 허리 스트레칭(2%), 옆으로 누워서팔 앞으로 당기기(2%), 실내 자전거타기(2%), 트레드밀에서 걷기(2%), 테이블 이용하여 팔 들어 올리기(2%), 실외 자전거타기(1%), 동적 스트레칭 루틴프로그램(1%), 배스트레칭(1%), 작은 공을 이용한 동적 루틴 스트레칭(1%), 테이블 이용하여 팔 옆으로 벌리기(1%), 윗몸올리기(1%)",국민체력100 운동처방 · 성인 29세,,성인,,
prescription:성인-29-M-본운동,prescription,"성인 29세 남자 4,986명에게 처방된 본운동: 달리기(8%), 턱걸이(4%), 실내 자전거타기(4%), 앉았다 일어서기(4%), 버피운동(3%), 계단 올라갔다 내려오기(3%), 윗몸 말아 올리기(3%), 계단 뛰어 오르기(3%), 엎드려 버티기(3%), 수영(3%), 줄넘기(3%), 윗몸올리기(3%), 누워서 배가로근 수축 II(2%), 웨이트 트레이닝  루틴프로그램(2%), 팔벌려뛰기(2%), 팔굽혀펴기(2%), 앉았다 일어서면서 점프하기(2%), 매달려서 다리 들기(2%), 바벨 끌어당기기(1%), 누워서 다리 들어올리기(1%), 한발 앞으로 내밀고 앉았다 일어서기(1%), 트레드밀에서 걷기(1%), 실외 자전거타기(1%), 넙다리 뒤쪽 스트레칭(1%), 맨몸운동  루틴프로그램(1%), 누워서 팔 다리 동시에 들어올리기(1%), 걷기(1%), 무릎 높여 제자리 달리기(1%), 왕복달리기(1%), 넙다리 안쪽 스트레칭(1%)",국민체력100 운동처방 · 성인 29세,,성인,,
prescription:성인-29-M-정리운동,prescription,"성인 29세 남자 4,986명에게 처방된 정리운동: 전신 루틴 스트레칭(17%), 하지 루틴 스트레칭2(14%), 상지 루틴 스트레칭(13%), 하지 루틴 스트레칭1(11%), 넙다리 뒤쪽 스트레칭(6%), 넙다리 안쪽 스트레칭(5%), 자가근막이완술 루틴 스트레칭(4%), 엉덩이 스트레칭(4%), 허리 스트레칭(4%), 배스트레칭(3%), 넙다리 앞쪽 스트레칭(2%)",국민체력100 운동처방 · 성인 29세,,성인,,
prescription:성인-29-M-준비운동,prescription,"성인 29세 남자 4,986명에게 처방된 준비운동: 유산소 운동 전 동적 루틴 스트레칭(13%), 전신 루틴 스트레칭(10%), 등/어깨 뒤쪽 스트레칭(6%), 가슴/어깨 앞쪽 스트레칭(5%), 하지 루틴 스트레칭1(4%), 자가근막이완술 루틴 스트레칭(4%), 달리기(4%), 상지 루틴 스트레칭(4%), 하지 루틴 스트레칭2(3%), 목 스트레칭(3%), 옆으로 누워서팔 앞으로 당기기(3%), 아래 팔 스트레칭(3%), 허리 스트레칭(3%), 걷기(2%), 트레드밀에서 걷기(2%), 테이블 이용하여 팔 들어 올리기(2%), 넙다리 뒤쪽 스트레칭(2%), 실내 자전거타기(2%), 진자운동(2%), 배스트레칭(2%), 동적 스트레칭 루틴프로그램(2%), 실외 자전거타기(1%)",국민체력100 운동처방 · 성인 29세,,성인,,
prescription:성인-30-F-본운동,prescription,"성인 30세 여자 2,002명에게 처방된 본운동: 달리기(8%), 실내 자전거타기(5%), 앉았다 일어서기(4%), 엎드려 버티기(4%), 수영(3%), 줄넘기(3%), 웨이트 트레이닝  루틴프로그램(3%), 윗몸 말아 올리기(3%), 저항밴드 운동  루틴프로그램(2%), 계단 올라갔다 내려오기(2%), 맨몸운동  루틴프로그램(2%), 버피운동(2%), 윗몸올리기(2%), 트레드밀에서 걷기(2%), 옆으로 누워 버티기(2%), 한발 앞으로 내밀고 앉았다 일어서기(2%), 턱걸이(2%), 누워서 다리 들어올리기(1%), 팔벌려뛰기(1%), 매달려서 다리 들기(1%), 넙다리 뒤쪽 스트레칭(1%), 누워서 배가로근 수축 II(1%), 앉았다 일어서면서 점프하기(1%), 누워서 엉덩이 들어올리기(1%), 걷기(1%), 바벨 끌어당기기(1%), 계단 뛰어 오르기(1%), 소파를 이용한 윗몸올리기(1%), 누워서 팔 다리 동시에 들어올리기(1%), 실외 자전거타기(1%)",국민체력100 운동처방 · 성인 30세,,성인,,
prescription:성인-30-F-정리운동,prescription,"성인 30세 여자 2,002명에게 처방된 정리운동: 전신 루틴 스트레칭(19%), 하지 루틴 스트레칭2(11%), 상지 루틴 스트레칭(8%), 하지 루틴 스트레칭1(7%), 넙다리 뒤쪽 스트레칭(7%), 넙다리 안쪽 스트레칭(5%), 엉덩이 스트레칭(4%), 배스트레칭(4%), 자가근막이완술 루틴 스트레칭(4%), 허리 스트레칭(4%), 넙다리 앞쪽 스트레칭(3%), 정적 스트레칭  루틴프로그램(2%), 걷기(2%)",국민체력100 운동처방 · 성인 30세,,성인,,
prescription:성인-30-F-준비운동,prescription,"성인 30세 여자 2,002명에게 처방된 준비운동: 전신 루틴 스트레칭(13%), 유산소 운동 전 동적 루틴 스트레칭(12%), 하지 루틴 스트레칭1(5%), 상지 루틴 스트레칭(5%), 등/어깨 뒤쪽 스트레칭(4%), 가슴/어깨 앞쪽 스트레칭(4%), 하지 루틴 스트레칭2(4%), 달리기(3%), 자가근막이완술 루틴 스트레칭(3%), 목 스트레칭(3%), 아래 팔 스트레칭(2%), 옆으로 누워서팔 앞으로 당기기(2%), 걷기(2%), 허리 스트레칭(2%), 진자운동(2%), 테이블 이용하여 팔 들어 올리기(2%), 실내 자전거타기(2%), 넙다리 뒤쪽 스트레칭(2%), 트레드밀에서 걷기(1%), 실외 자전거타기(1%), 테이블 이용하여 팔 옆으로 벌리기(1%), 동적 스트레칭 루틴프로그램(1%), 배스트레칭(1%), 엉덩이 스트레칭(1%)",국민체력100 운동처방 · 성인 30세,,성인,,
prescription:성인-30-M-본운동,prescription,"성인 30세 남자 4,851명에게 처방된 본운동: 달리기(8%), 턱걸이(6%), 앉았다 일어서기(4%), 실내 자전거타기(4%), 버피운동(4%), 수영(3%), 계단 뛰어 오르기(3%), 계단 올라갔다 내려오기(3%), 엎드려 버티기(3%), 줄넘기(3%), 윗몸 말아 올리기(3%), 바벨 끌어당기기(2%), 윗몸올리기(2%), 팔굽혀펴기(2%), 웨이트 트레이닝  루틴프로그램(2%), 팔벌려뛰기(2%), 누워서 배가로근 수축 II(2%), 한발 앞으로 내밀고 앉았다 일어서기(2%), 매달려서 다리 들기(2%), 실외 자전거타기(1%), 맨몸운동  루틴프로그램(1%), 트레드밀에서 걷기(1%), 걷기(1%), 넙다리 뒤쪽 스트레칭(1%), 누워서 다리 들어올리기(1%), 누워서 팔 다리 동시에 들어올리기(1%), 옆으로 누워 버티기(1%), 앉았다 일어서면서 점프하기(1%), 무릎 높여 제자리 달리기(1%), 바벨들어올리기(1%)",국민체력100 운동처방 · 성인 30세,,성인,,
prescription:성인-30-M-정리운동,prescription,"성인 30세 남자 4,851명에게 처방된 정리운동: 하지 루틴 스트레칭2(16%), 전신 루틴 스트레칭(15%), 상지 루틴 스트레칭(14%), 하지 루틴 스트레칭1(11%), 넙다리 뒤쪽 스트레칭(6%), 자가근막이완술 루틴 스트레칭(4%), 넙다리 안쪽 스트레칭(4%), 허리 스트레칭(3%), 엉덩이 스트레칭(3%), 배스트레칭(3%)",국민체력100 운동처방 · 성인 30세,,성인,,
prescription:성인-30-M-준비운동,prescription,"성인 30세 남자 4,851명에게 처방된 준비운동: 유산소 운동 전 동적 루틴 스트레칭(15%), 전신 루틴 스트레칭(9%), 자가근막이완술 루틴 스트레칭(6%), 하지 루틴 스트레칭1(5%), 달리기(4%), 가슴/어깨 앞쪽 스트레칭(4%), 등/어깨 뒤쪽 스트레칭(4%), 상지 루틴 스트레칭(4%), 하지 루틴 스트레칭2(3%), 아래 팔 스트레칭(3%), 목 스트레칭(3%), 실내 자전거타기(2%), 걷기(2%), 트레드밀에서 걷기(2%), 옆으로 누워서팔 앞으로 당기기(2%), 테이블 이용하여 팔 들어 올리기(2%), 실외 자전거타기(2%), 진자운동(2%), 허리 스트레칭(2%), 넙다리 뒤쪽 스트레칭(1%), 테이블 이용하여 팔 옆으로 벌리기(1%), 좌식생활자를 위한 동적 루틴 스트레칭(1%), 작은 공을 이용한 동적 루틴 스트레칭(1%)",국민체력100 운동처방 · 성인 30세,,성인,,
prescription:성인-31-F-본운동,prescription,"성인 31세 여자 1,710명에게 처방된 본운동: 달리기(7%), 앉았다 일어서기(5%), 실내 자전거타기(4%), 엎드려 버티기(4%), 버피운동(3%), 수영(3%), 윗몸올리기(3%), 줄넘기(3%), 계단 올라갔다 내려오기(3%), 턱걸이(3%), 한발 앞으로 내밀고 앉았다 일어서기(2%), 누워서 배가로근 수축 II(2%), 팔벌려뛰기(2%), 옆으로 누워 버티기(2%), 윗몸 말아 올리기(2%), 계단 뛰어 오르기(2%), 누워서 다리 들어올리기(2%), 바벨 끌어당기기(2%), 트레드밀에서 걷기(2%), 누워서 엉덩이 들어올리기(2%), 웨이트 트레이닝  루틴프로그램(1%), 넙다리 뒤쪽 스트레칭(1%), 맨몸운동  루틴프로그램(1%), 매달려서 다리 들기(1%), 저항밴드 운동  루틴프로그램(1%), 걷기(1%), 누워서 하늘 자전거(1%), 앉았다 일어서면서 점프하기(1%), 서서 뒤꿈치 들기(1%), 누워서 수직으로 다리 들어올리기(1%)",국민체력100 운동처방 · 성인 31세,,성인,,
prescription:성인-31-F-정리운동,prescription,"성인 31세 여자 1,710명에게 처방된 정리운동: 전신 루틴 스트레칭(16%), 하지 루틴 스트레칭2(13%), 상지 루틴 스트레칭(12%), 넙다리 뒤쪽 스트레칭(7%), 하지 루틴 스트레칭1(7%), 배스트레칭(6%), 허리 스트레칭(6%), 넙다리 안쪽 스트레칭(5%), 엉덩이 스트레칭(5%), 옆구리 스트레칭(3%), 자가근막이완술 루틴 스트레칭(3%)",국민체력100 운동처방 · 성인 31세,,성인,,
prescription:성인-31-F-준비운동,prescription,"성인 31세 여자 1,710명에게 처방된 준비운동: 유산소 운동 전 동적 루틴 스트레칭(13%), 전신 루틴 스트레칭(10%), 하지 루틴 스트레칭1(6%), 상지 루틴 스트레칭(5%), 하지 루틴 스트레칭2(5%), 등/어깨 뒤쪽 스트레칭(4%), 자가근막이완술 루틴 스트레칭(4%), 가슴/어깨 앞쪽 스트레칭(4%), 달리기(3%), 목 스트레칭(3%), 허리 스트레칭(3%), 진자운동(2%), 테이블 이용하여 팔 들어 올리기(2%), 걷기(2%), 아래 팔 스트레칭(2%), 옆으로 누워서팔 앞으로 당기기(2%), 트레드밀에서 걷기(2%), 테이블 이용하여 팔 옆으로 벌리기(2%), 실내 자전거타기(2%), 배스트레칭(1%), 넙다리 뒤쪽 스트레칭(1%), 엉덩이 스트레칭(1%), 동적 스트레칭 루틴프로그램(1%)",국민체력100 운동처방 · 성인 31세,,성인,,
prescription:성인-31-M-본운동,prescription,"성인 31세 남자 4,780명에게 처방된 본운동: 달리기(8%), 턱걸이(5%), 버피운동(4%), 실내 자전거타기(4%), 앉았다 일어서기(4%), 수영(3%), 줄넘기(3%), 계단 올라갔다 내려오기(3%), 계단 뛰어 오르기(3%), 윗몸올리기(2%), 윗몸 말아 올리기(2%), 엎드려 버티기(2%), 누워서 배가로근 수축 II(2%), 바벨 끌어당기기(2%), 한발 앞으로 내밀고 앉았다 일어서기(2%), 매달려서 다리 들기(2%), 팔벌려뛰기(2%), 웨이트 트레이닝  루틴프로그램(2%), 바벨들어올리기(1%), 팔굽혀펴기(1%), 누워서 다리 들어올리기(1%), 누워서 팔 다리 동시에 들어올리기(1%), 넙다리 뒤쪽 스트레칭(1%), 트레드밀에서 걷기(1%), 맨몸운동  루틴프로그램(1%), 실외 자전거타기(1%), 앉았다 일어서면서 점프하기(1%), 걷기(1%), 손목 펴기/굽히기(1%), 옆으로 누워 버티기(1%)",국민체력100 운동처방 · 성인 31세,,성인,,
prescription:성인-31-M-정리운동,prescription,"성인 31세 남자 4,780명에게 처방된 정리운동: 하지 루틴 스트레칭2(17%), 상지 루틴 스트레칭(14%), 전신 루틴 스트레칭(13%), 하지 루틴 스트레칭1(11%), 넙다리 뒤쪽 스트레칭(6%), 허리 스트레칭(5%), 배스트레칭(4%), 넙다리 안쪽 스트레칭(4%), 엉덩이 스트레칭(4%), 자가근막이완술 루틴 스트레칭(3%)",국민체력100 운동처방 · 성인 31세,,성인,,
prescription:성인-31-M-준비운동,prescription,"성인 31세 남자 4,780명에게 처방된 준비운동: 유산소 운동 전 동적 루틴 스트레칭(14%), 전신 루틴 스트레칭(9%), 등/어깨 뒤쪽 스트레칭(6%), 가슴/어깨 앞쪽 스트레칭(5%), 자가근막이완술 루틴 스트레칭(5%), 달리기(4%), 목 스트레칭(4%), 하지 루틴 스트레칭1(4%), 아래 팔 스트레칭(3%), 하지 루틴 스트레칭2(3%), 허리 스트레칭(3%), 걷기(2%), 실외 자전거타기(2%), 실내 자전거타기(2%), 상지 루틴 스트레칭(2%), 트레드밀에서 걷기(2%), 옆으로 누워서팔 앞으로 당기기(2%), 테이블 이용하여 팔 들어 올리기(2%), 진자운동(2%), 배스트레칭(1%), 넙다리 뒤쪽 스트레칭(1%), 작은 공을 이용한 동적 루틴 스트레칭(1%)",국민체력100 운동처방 · 성인 31세,,성인,,
prescription:성인-32-F-본운동,prescription,"성인 32세 여자 1,531명에게 처방된 본운동: 달리기(7%), 앉았다 일어서기(5%), 실내 자전거타기(4%), 버피운동(4%), 엎드려 버티기(3%), 계단 올라갔다 내려오기(3%), 수영(3%), 줄넘기(3%), 윗몸올리기(3%), 팔벌려뛰기(3%), 맨몸운동  루틴프로그램(2%), 한발 앞으로 내밀고 앉았다 일어서기(2%), 윗몸 말아 올리기(2%), 계단 뛰어 오르기(2%), 저항밴드 운동  루틴프로그램(2%), 턱걸이(2%), 옆으로 누워 버티기(2%), 누워서 배가로근 수축 II(2%), 누워서 다리 들어올리기(2%), 앉았다 일어서면서 점프하기(2%), 바벨 끌어당기기(2%), 웨이트 트레이닝  루틴프로그램(2%), 넙다리 뒤쪽 스트레칭(1%), 무릎 높여 제자리 달리기(1%), 소파를 이용한 윗몸올리기(1%), 팔굽혀펴기(1%), 누워서 엉덩이 들어올리기(1%), 실외 자전거타기(1%), 덤벨 옆으로 들어올리기(1%), 손목 펴기/굽히기(1%)",국민체력100 운동처방 · 성인 32세,,성인,,
prescription:성인-32-F-정리운동,prescription,"성인 32세 여자 1,531명에게 처방된 정리운동: 전신 루틴 스트레칭(16%), 하지 루틴 스트레칭2(12%), 상지 루틴 스트레칭(10%), 하지 루틴 스트레칭1(9%), 넙다리 뒤쪽 스트레칭(8%), 넙다리 안쪽 스트레칭(5%), 넙다리 앞쪽 스트레칭(5%), 엉덩이 스트레칭(4%), 정적 스트레칭  루틴프로그램(3%), 달리기(3%), 자가근막이완술 루틴 스트레칭(2%), 실내 자전거타기(2%), 가슴/어깨 앞쪽 스트레칭(2%), 허리 스트레칭(2%)",국민체력100 운동처방 · 성인 32세,,성인,,
prescription:성인-32-F-준비운동,prescription,"성인 32세 여자 1,531명에게 처방된 준비운동: 전신 루틴 스트레칭(11%), 유산소 운동 전 동적 루틴 스트레칭(11%), 하지 루틴 스트레칭1(6%), 등/어깨 뒤쪽 스트레칭(6%), 가슴/어깨 앞쪽 스트레칭(5%), 상지 루틴 스트레칭(4%), 자가근막이완술 루틴 스트레칭(4%), 달리기(4%), 걷기(3%), 하지 루틴 스트레칭2(3%), 목 스트레칭(3%), 진자운동(2%), 허리 스트레칭(2%), 옆으로 누워서팔 앞으로 당기기(2%), 배스트레칭(2%), 아래 팔 스트레칭(2%), 테이블 이용하여 팔 들어 올리기(2%), 실내 자전거타기(2%), 넙다리 뒤쪽 스트레칭(1%), 옆구리 스트레칭(1%), 동적 스트레칭 루틴프로그램(1%), 실외 자전거타기(1%), 앉았다 일어서기(1%), 테이블 이용하여 팔 옆으로 벌리기(1%)",국민체력100 운동처방 · 성인 32세,,성인,,
prescription:성인-32-M-본운동,prescription,"성인 32세 남자 4,575명에게 처방된 본운동: 달리기(9%), 턱걸이(6%), 앉았다 일어서기(4%), 버피운동(4%), 실내 자전거타기(4%), 계단 올라갔다 내려오기(3%), 수영(3%), 줄넘기(3%), 계단 뛰어 오르기(3%), 웨이트 트레이닝  루틴프로그램(3%), 바벨 끌어당기기(2%), 윗몸 말아 올리기(2%), 엎드려 버티기(2%), 윗몸올리기(2%), 누워서 배가로근 수축 II(2%), 한발 앞으로 내밀고 앉았다 일어서기(2%), 맨몸운동  루틴프로그램(2%), 트레드밀에서 걷기(2%), 매달려서 다리 들기(2%), 팔굽혀펴기(1%), 넙다리 뒤쪽 스트레칭(1%), 실외 자전거타기(1%), 팔벌려뛰기(1%), 앉았다 일어서면서 점프하기(1%), 걷기(1%), 허리 굽혀 덤벨 들기(1%), 옆으로 누워 버티기(1%), 점프 팔굽혀펴기(1%), 누워서 다리 들어올리기(1%), 왕복달리기(1%)",국민체력100 운동처방 · 성인 32세,,성인,,
prescription:성인-32-M-정리운동,prescription,"성인 32세 남자 4,575명에게 처방된 정리운동: 전신 루틴 스트레칭(15%), 하지 루틴 스트레칭2(14%), 상지 루틴 스트레칭(13%), 하지 루틴 스트레칭1(11%), 넙다리 뒤쪽 스트레칭(6%), 넙다리 안쪽 스트레칭(5%), 엉덩이 스트레칭(4%), 배스트레칭(3%), 허리 스트레칭(3%), 넙다리 앞쪽 스트레칭(3%), 정적 스트레칭  루틴프로그램(3%)",국민체력100 운동처방 · 성인 32세,,성인,,
prescription:성인-32-M-준비운동,prescription,"성인 32세 남자 4,575명에게 처방된 준비운동: 유산소 운동 전 동적 루틴 스트레칭(13%), 전신 루틴 스트레칭(10%), 자가근막이완술 루틴 스트레칭(5%), 달리기(5%), 등/어깨 뒤쪽 스트레칭(5%), 가슴/어깨 앞쪽 스트레칭(5%), 하지 루틴 스트레칭1(4%), 상지 루틴 스트레칭(3%), 하지 루틴 스트레칭2(3%), 걷기(3%), 목 스트레칭(3%), 아래 팔 스트레칭(3%), 동적 스트레칭 루틴프로그램(2%), 허리 스트레칭(2%), 옆으로 누워서팔 앞으로 당기기(2%), 실내 자전거타기(2%), 실외 자전거타기(2%), 트레드밀에서 걷기(2%), 넙다리 뒤쪽 스트레칭(2%), 테이블 이용하여 팔 들어 올리기(2%), 진자운동(2%), 배스트레칭(1%)",국민체력100 운동처방 · 성인 32세,,성인,,
prescription:성인-33-F-본운동,prescription,"성인 33세 여자 1,450명에게 처방된 본운동: 달리기(7%), 버피운동(5%), 앉았다 일어서기(5%), 엎드려 버티기(4%), 실내 자전거타기(4%), 계단 올라갔다 내려오기(3%), 팔벌려뛰기(3%), 윗몸올리기(2%), 수영(2%), 턱걸이(2%), 맨몸운동  루틴프로그램(2%), 윗몸 말아 올리기(2%), 줄넘기(2%), 저항밴드 운동  루틴프로그램(2%), 앉았다 일어서면서 점프하기(2%), 누워서 배가로근 수축 II(2%), 누워서 다리 들어올리기(2%), 무릎 높여 제자리 달리기(2%), 바벨 끌어당기기(2%), 웨이트 트레이닝  루틴프로그램(1%), 계단 뛰어 오르기(1%), 트레드밀에서 걷기(1%), 한발 앞으로 내밀고 앉았다 일어서기(1%), 실외 자전거타기(1%), 팔꿈치 굽히기(1%), 팔굽혀펴기(1%), 걷기(1%), 넙다리 뒤쪽 스트레칭(1%), 스텝퍼 오르내리기(1%), 매달려서 다리 들기(1%)",국민체력100 운동처방 · 성인 33세,,성인,,
prescription:성인-33-F-정리운동,prescription,"성인 33세 여자 1,450명에게 처방된 정리운동: 전신 루틴 스트레칭(16%), 하지 루틴 스트레칭2(10%), 상지 루틴 스트레칭(9%), 넙다리 뒤쪽 스트레칭(8%), 넙다리 안쪽 스트레칭(7%), 하지 루틴 스트레칭1(7%), 배스트레칭(6%), 허리 스트레칭(5%), 엉덩이 스트레칭(5%), 넙다리 앞쪽 스트레칭(4%), 자가근막이완술 루틴 스트레칭(3%)",국민체력100 운동처방 · 성인 33세,,성인,,
prescription:성인-33-F-준비운동,prescription,"성인 33세 여자 1,450명에게 처방된 준비운동: 유산소 운동 전 동적 루틴 스트레칭(13%), 전신 루틴 스트레칭(10%), 하지 루틴 스트레칭1(6%), 상지 루틴 스트레칭(6%), 가슴/어깨 앞쪽 스트레칭(6%), 등/어깨 뒤쪽 스트레칭(5%), 하지 루틴 스트레칭2(4%), 자가근막이완술 루틴 스트레칭(4%), 목 스트레칭(4%), 허리 스트레칭(3%), 배스트레칭(2%), 아래 팔 스트레칭(2%), 달리기(2%), 걷기(2%), 테이블 이용하여 팔 들어 올리기(2%), 진자운동(2%), 옆으로 누워서팔 앞으로 당기기(2%), 넙다리 뒤쪽 스트레칭(1%), 트레드밀에서 걷기(1%), 실내 자전거타기(1%), 실외 자전거타기(1%)",국민체력100 운동처방 · 성인 33세,,성인,,
prescription:성인-33-M-본운동,prescription,"성인 33세 남자 4,131명에게 처방된 본운동: 달리기(8%), 턱걸이(4%), 버피운동(4%), 수영(4%), 앉았다 일어서기(3%), 줄넘기(3%), 계단 올라갔다 내려오기(3%), 실내 자전거타기(3%), 계단 뛰어 오르기(3%), 엎드려 버티기(3%), 바벨 끌어당기기(2%), 윗몸올리기(2%), 팔벌려뛰기(2%), 웨이트 트레이닝  루틴프로그램(2%), 앉았다 일어서면서 점프하기(2%), 매달려서 다리 들기(2%), 무릎 높여 제자리 달리기(2%), 윗몸 말아 올리기(2%), 한발 앞으로 내밀고 앉았다 일어서기(1%), 실외 자전거타기(1%), 맨몸운동  루틴프로그램(1%), 누워서 배가로근 수축 II(1%), 넙다리 뒤쪽 스트레칭(1%), 팔굽혀펴기(1%), 트레드밀에서 걷기(1%), 걷기(1%), 점프 팔굽혀펴기(1%), 누워서 팔 다리 동시에 들어올리기(1%), 누워서 다리 들어올리기(1%), 바벨들어올리기(1%)",국민체력100 운동처방 · 성인 33세,,성인,,
prescription:성인-33-M-정리운동,prescription,"성인 33세 남자 4,131명에게 처방된 정리운동: 전신 루틴 스트레칭(16%), 하지 루틴 스트레칭2(13%), 상지 루틴 스트레칭(12%), 하지 루틴 스트레칭1(9%), 넙다리 뒤쪽 스트레칭(7%), 넙다리 안쪽 스트레칭(6%), 엉덩이 스트레칭(5%), 허리 스트레칭(4%), 넙다리 앞쪽 스트레칭(3%), 배스트레칭(3%), 걷기(3%)",국민체력100 운동처방 · 성인 33세,,성인,,
prescription:성인-33-M-준비운동,prescription,"성인 33세 남자 4,131명에게 처방된 준비운동: 유산소 운동 전 동적 루틴 스트레칭(14%), 전신 루틴 스트레칭(9%), 등/어깨 뒤쪽 스트레칭(5%), 가슴/어깨 앞쪽 스트레칭(4%), 달리기(4%), 자가근막이완술 루틴 스트레칭(4%), 하지 루틴 스트레칭1(4%), 상지 루틴 스트레칭(3%), 하지 루틴 스트레칭2(3%), 목 스트레칭(3%), 아래 팔 스트레칭(3%), 허리 스트레칭(3%), 걷기(3%), 배스트레칭(2%), 트레드밀에서 걷기(2%), 실내 자전거타기(2%), 옆으로 누워서팔 앞으로 당기기(2%), 실외 자전거타기(2%), 넙다리 뒤쪽 스트레칭(2%), 테이블 이용하여 팔 들어 올리기(2%), 작은 공을 이용한 동적 루틴 스트레칭(2%), 진자운동(1%), 좌식생활자를 위한 동적 루틴 스트레칭(1%)",국민체력100 운동처방 · 성인 33세,,성인,,
prescription:성인-34-F-본운동,prescription,"성인 34세 여자 1,227명에게 처방된 본운동: 달리기(6%), 앉았다 일어서기(6%), 실내 자전거타기(3%), 엎드려 버티기(3%), 팔벌려뛰기(3%), 버피운동(3%), 윗몸올리기(3%), 수영(3%), 계단 올라갔다 내려오기(3%), 턱걸이(3%), 줄넘기(2%), 저항밴드 운동  루틴프로그램(2%), 한발 앞으로 내밀고 앉았다 일어서기(2%), 맨몸운동  루틴프로그램(2%), 계단 뛰어 오르기(2%), 앉았다 일어서면서 점프하기(2%), 윗몸 말아 올리기(2%), 매달려서 다리 들기(2%), 무릎 높여 제자리 달리기(2%), 웨이트 트레이닝  루틴프로그램(2%), 트레드밀에서 걷기(2%), 옆으로 누워 버티기(1%), 누워서 배가로근 수축 II(1%), 바벨 끌어당기기(1%), 넙다리 뒤쪽 스트레칭(1%), 실외 자전거타기(1%), 전완대고 버티기(1%), 박스 운동  루틴프로그램(1%), 물병 옆으로 들어올리기(1%), 걷기(1%)",국민체력100 운동처방 · 성인 34세,,성인,,
prescription:성인-34-F-정리운동,prescription,"성인 34세 여자 1,227명에게 처방된 정리운동: 전신 루틴 스트레칭(14%), 상지 루틴 스트레칭(13%), 하지 루틴 스트레칭2(13%), 하지 루틴 스트레칭1(10%), 넙다리 뒤쪽 스트레칭(6%), 넙다리 안쪽 스트레칭(5%), 허리 스트레칭(4%), 넙다리 앞쪽 스트레칭(4%), 엉덩이 스트레칭(4%), 가슴/어깨 앞쪽 스트레칭(4%), 등/어깨 뒤쪽 스트레칭(3%), 배스트레칭(2%)",국민체력100 운동처방 · 성인 34세,,성인,,
prescription:성인-34-F-준비운동,prescription,"성인 34세 여자 1,227명에게 처방된 준비운동: 유산소 운동 전 동적 루틴 스트레칭(12%), 전신 루틴 스트레칭(12%), 상지 루틴 스트레칭(5%), 하지 루틴 스트레칭1(5%), 하지 루틴 스트레칭2(5%), 자가근막이완술 루틴 스트레칭(5%), 달리기(3%), 실내 자전거타기(3%), 등/어깨 뒤쪽 스트레칭(3%), 가슴/어깨 앞쪽 스트레칭(3%), 트레드밀에서 걷기(2%), 허리 스트레칭(2%), 옆으로 누워서팔 앞으로 당기기(2%), 걷기(2%), 진자운동(2%), 넙다리 뒤쪽 스트레칭(2%), 배스트레칭(2%), 목 스트레칭(2%), 테이블 이용하여 팔 들어 올리기(1%), 엉덩이 스트레칭(1%), 실외 자전거타기(1%), 줄넘기(1%), 테이블 이용하여 팔 옆으로 벌리기(1%), 옆구리 스트레칭(1%), 아래 팔 스트레칭(1%)",국민체력100 운동처방 · 성인 34세,,성인,,
prescription:성인-34-M-본운동,prescription,"성인 34세 남자 3,639명에게 처방된 본운동: 달리기(8%), 턱걸이(5%), 버피운동(5%), 앉았다 일어서기(4%), 실내 자전거타기(4%), 줄넘기(3%), 엎드려 버티기(3%), 수영(3%), 계단 올라갔다 내려오기(3%), 계단 뛰어 오르기(3%), 윗몸 말아 올리기(2%), 웨이트 트레이닝  루틴프로그램(2%), 윗몸올리기(2%), 팔벌려뛰기(2%), 맨몸운동  루틴프로그램(2%), 앉았다 일어서면서 점프하기(2%), 바벨 끌어당기기(2%), 팔굽혀펴기(1%), 한발 앞으로 내밀고 앉았다 일어서기(1%), 누워서 배가로근 수축 II(1%), 매달려서 다리 들기(1%), 트레드밀에서 걷기(1%), 무릎 높여 제자리 달리기(1%), 넙다리 뒤쪽 스트레칭(1%), 누워서 다리 들어올리기(1%), 실외 자전거타기(1%), 걷기(1%), 옆으로 누워 버티기(1%), 점프 팔굽혀펴기(1%), 계단 두발 뛰기(1%)",국민체력100 운동처방 · 성인 34세,,성인,,
prescription:성인-34-M-정리운동,prescription,"성인 34세 남자 3,639명에게 처방된 정리운동: 하지 루틴 스트레칭2(15%), 상지 루틴 스트레칭(15%), 전신 루틴 스트레칭(14%), 하지 루틴 스트레칭1(11%), 넙다리 뒤쪽 스트레칭(6%), 넙다리 안쪽 스트레칭(6%), 엉덩이 스트레칭(4%), 넙다리 앞쪽 스트레칭(4%), 허리 스트레칭(3%), 배스트레칭(2%)",국민체력100 운동처방 · 성인 34세,,성인,,
prescription:성인-34-M-준비운동,prescription,"성인 34세 남자 3,639명에게 처방된 준비운동: 유산소 운동 전 동적 루틴 스트레칭(13%), 전신 루틴 스트레칭(10%), 하지 루틴 스트레칭1(5%), 등/어깨 뒤쪽 스트레칭(5%), 달리기(5%), 가슴/어깨 앞쪽 스트레칭(4%), 자가근막이완술 루틴 스트레칭(4%), 상지 루틴 스트레칭(4%), 하지 루틴 스트레칭2(3%), 허리 스트레칭(3%), 실외 자전거타기(3%), 목 스트레칭(2%), 아래 팔 스트레칭(2%), 트레드밀에서 걷기(2%), 옆으로 누워서팔 앞으로 당기기(2%), 배스트레칭(2%), 실내 자전거타기(2%), 걷기(2%), 테이블 이용하여 팔 들어 올리기(2%), 진자운동(2%), 넙다리 앞쪽 스트레칭(1%), 테이블 이용하여 팔 옆으로 벌리기(1%), 넙다리 뒤쪽 스트레칭(1%)",국민체력100 운동처방 · 성인 34세,,성인,,
prescription:성인-35-F-본운동,prescription,"성인 35세 여자 1,120명에게 처방된 본운동: 달리기(5%), 앉았다 일어서기(5%), 실내 자전거타기(4%), 엎드려 버티기(4%), 버피운동(3%), 윗몸올리기(3%), 수영(3%), 계단 올라갔다 내려오기(3%), 옆으로 누워 버티기(2%), 윗몸 말아 올리기(2%), 팔벌려뛰기(2%), 한발 앞으로 내밀고 앉았다 일어서기(2%), 계단 뛰어 오르기(2%), 턱걸이(2%), 앉았다 일어서면서 점프하기(2%), 누워서 배가로근 수축 II(2%), 줄넘기(2%), 바벨 끌어당기기(2%), 팔굽혀펴기(2%), 걷기(1%), 점프 팔굽혀펴기(1%), 누워서 다리 들어올리기(1%), 맨몸운동  루틴프로그램(1%), 트레드밀에서 걷기(1%), 저항밴드 운동  루틴프로그램(1%), 누워서 엉덩이 들어올리기(1%), 매달려서 다리 들기(1%), 바벨들어올리기(1%), 앉아서 당겨 내리기(1%), 넙다리 뒤쪽 스트레칭(1%)",국민체력100 운동처방 · 성인 35세,,성인,,
prescription:성인-35-F-정리운동,prescription,"성인 35세 여자 1,120명에게 처방된 정리운동: 전신 루틴 스트레칭(16%), 하지 루틴 스트레칭2(11%), 상지 루틴 스트레칭(11%), 넙다리 뒤쪽 스트레칭(9%), 넙다리 안쪽 스트레칭(8%), 엉덩이 스트레칭(7%), 하지 루틴 스트레칭1(6%), 넙다리 앞쪽 스트레칭(5%), 허리 스트레칭(4%), 자가근막이완술 루틴 스트레칭(4%)",국민체력100 운동처방 · 성인 35세,,성인,,
prescription:성인-35-F-준비운동,prescription,"성인 35세 여자 1,120명에게 처방된 준비운동: 유산소 운동 전 동적 루틴 스트레칭(11%), 전신 루틴 스트레칭(10%), 등/어깨 뒤쪽 스트레칭(6%), 가슴/어깨 앞쪽 스트레칭(5%), 하지 루틴 스트레칭1(5%), 상지 루틴 스트레칭(4%), 허리 스트레칭(4%), 배스트레칭(3%), 자가근막이완술 루틴 스트레칭(3%), 목 스트레칭(3%), 진자운동(3%), 하지 루틴 스트레칭2(3%), 달리기(3%), 걷기(3%), 엉덩이 스트레칭(3%), 옆으로 누워서팔 앞으로 당기기(2%), 아래 팔 스트레칭(2%), 테이블 이용하여 팔 들어 올리기(2%), 넙다리 뒤쪽 스트레칭(2%), 넙다리 안쪽 스트레칭(2%), 실내 자전거타기(1%), 넙다리 앞쪽 스트레칭(1%)",국민체력100 운동처방 · 성인 35세,,성인,,
prescription:성인-35-M-본운동,prescription,"성인 35세 남자 3,290명에게 처방된 본운동: 달리기(9%), 턱걸이(5%), 앉았다 일어서기(4%), 실내 자전거타기(4%), 줄넘기(3%), 버피운동(3%), 계단 올라갔다 내려오기(3%), 계단 뛰어 오르기(3%), 웨이트 트레이닝  루틴프로그램(3%), 수영(3%), 매달려서 다리 들기(2%), 한발 앞으로 내밀고 앉았다 일어서기(2%), 팔벌려뛰기(2%), 윗몸올리기(2%), 윗몸 말아 올리기(2%), 엎드려 버티기(2%), 누워서 배가로근 수축 II(2%), 맨몸운동  루틴프로그램(2%), 바벨 끌어당기기(1%), 실외 자전거타기(1%), 팔굽혀펴기(1%), 걷기(1%), 점프 팔굽혀펴기(1%), 넙다리 뒤쪽 스트레칭(1%), 트레드밀에서 걷기(1%), 앉았다 일어서면서 점프하기(1%), 무릎 높여 제자리 달리기(1%), 누워서 다리 들어올리기(1%), 저항밴드 운동  루틴프로그램(1%), 왕복달리기(1%)",국민체력100 운동처방 · 성인 35세,,성인,,
prescription:성인-35-M-정리운동,prescription,"성인 35세 남자 3,290명에게 처방된 정리운동: 전신 루틴 스트레칭(16%), 상지 루틴 스트레칭(14%), 하지 루틴 스트레칭2(14%), 하지 루틴 스트레칭1(10%), 넙다리 뒤쪽 스트레칭(7%), 넙다리 안쪽 스트레칭(5%), 엉덩이 스트레칭(4%), 허리 스트레칭(3%), 넙다리 앞쪽 스트레칭(3%), 자가근막이완술 루틴 스트레칭(3%), 배스트레칭(3%)",국민체력100 운동처방 · 성인 35세,,성인,,
prescription:성인-35-M-준비운동,prescription,"성인 35세 남자 3,290명에게 처방된 준비운동: 유산소 운동 전 동적 루틴 스트레칭(12%), 전신 루틴 스트레칭(11%), 달리기(5%), 가슴/어깨 앞쪽 스트레칭(5%), 등/어깨 뒤쪽 스트레칭(5%), 자가근막이완술 루틴 스트레칭(5%), 하지 루틴 스트레칭1(3%), 허리 스트레칭(3%), 하지 루틴 스트레칭2(3%), 걷기(3%), 실외 자전거타기(3%), 실내 자전거타기(3%), 목 스트레칭(3%), 옆으로 누워서팔 앞으로 당기기(2%), 아래 팔 스트레칭(2%), 트레드밀에서 걷기(2%), 배스트레칭(2%), 상지 루틴 스트레칭(2%), 테이블 이용하여 팔 들어 올리기(2%), 진자운동(2%), 작은 공을 이용한 동적 루틴 스트레칭(1%), 테이블 이용하여 팔 옆으로 벌리기(1%)",국민체력100 운동처방 · 성인 35세,,성인,,
prescription:성인-36-F-본운동,prescription,"성인 36세 여자 1,102명에게 처방된 본운동: 달리기(7%), 앉았다 일어서기(5%), 엎드려 버티기(4%), 실내 자전거타기(4%), 수영(3%), 버피운동(3%), 맨몸운동  루틴프로그램(3%), 윗몸올리기(3%), 계단 올라갔다 내려오기(3%), 줄넘기(2%), 저항밴드 운동  루틴프로그램(2%), 팔벌려뛰기(2%), 매달려서 다리 들기(2%), 턱걸이(2%), 웨이트 트레이닝  루틴프로그램(2%), 한발 앞으로 내밀고 앉았다 일어서기(2%), 트레드밀에서 걷기(2%), 윗몸 말아 올리기(2%), 걷기(2%), 바벨 끌어당기기(2%), 누워서 엉덩이 들어올리기(1%), 계단 뛰어 오르기(1%), 넙다리 뒤쪽 스트레칭(1%), 하지 루틴 스트레칭2(1%), 옆으로 누워 버티기(1%), 앉았다 일어서면서 점프하기(1%), 조깅(1%), 실외 자전거타기(1%), 팔굽혀펴기(1%), 엎드려서 다리 차올리기(1%)",국민체력100 운동처방 · 성인 36세,,성인,,
prescription:성인-36-F-정리운동,prescription,"성인 36세 여자 1,102명에게 처방된 정리운동: 전신 루틴 스트레칭(15%), 하지 루틴 스트레칭2(13%), 상지 루틴 스트레칭(11%), 하지 루틴 스트레칭1(9%), 배스트레칭(6%), 넙다리 뒤쪽 스트레칭(6%), 허리 스트레칭(6%), 엉덩이 스트레칭(4%), 넙다리 안쪽 스트레칭(3%), 옆구리 스트레칭(3%), 걷기(3%), 자가근막이완술 루틴 스트레칭(2%)",국민체력100 운동처방 · 성인 36세,,성인,,
prescription:성인-36-F-준비운동,prescription,"성인 36세 여자 1,102명에게 처방된 준비운동: 전신 루틴 스트레칭(12%), 유산소 운동 전 동적 루틴 스트레칭(10%), 상지 루틴 스트레칭(6%), 하지 루틴 스트레칭1(6%), 하지 루틴 스트레칭2(5%), 등/어깨 뒤쪽 스트레칭(4%), 달리기(4%), 넙다리 뒤쪽 스트레칭(3%), 실내 자전거타기(3%), 가슴/어깨 앞쪽 스트레칭(3%), 목 스트레칭(3%), 옆으로 누워서팔 앞으로 당기기(2%), 트레드밀에서 걷기(2%), 걷기(2%), 테이블 이용하여 팔 들어 올리기(2%), 아래 팔 스트레칭(2%), 자가근막이완술 루틴 스트레칭(2%), 진자운동(2%), 배스트레칭(2%), 넙다리 안쪽 스트레칭(1%), 실외 자전거타기(1%), 허리 스트레칭(1%), 테이블 이용하여 팔 옆으로 벌리기(1%), 좌식생활자를 위한 동적 루틴 스트레칭(1%)",국민체력100 운동처방 · 성인 36세,,성인,,
prescription:성인-36-M-본운동,prescription,"성인 36세 남자 3,035명에게 처방된 본운동: 달리기(8%), 턱걸이(5%), 계단 올라갔다 내려오기(4%), 버피운동(4%), 앉았다 일어서기(4%), 실내 자전거타기(4%), 엎드려 버티기(3%), 수영(3%), 줄넘기(3%), 웨이트 트레이닝  루틴프로그램(2%), 팔벌려뛰기(2%), 계단 뛰어 오르기(2%), 맨몸운동  루틴프로그램(2%), 팔굽혀펴기(2%), 누워서 배가로근 수축 II(2%), 바벨 끌어당기기(2%), 한발 앞으로 내밀고 앉았다 일어서기(2%), 윗몸올리기(2%), 매달려서 다리 들기(2%), 윗몸 말아 올리기(2%), 앉았다 일어서면서 점프하기(2%), 실외 자전거타기(1%), 누워서 다리 들어올리기(1%), 걷기(1%), 무릎 높여 제자리 달리기(1%), 누워서 팔 다리 동시에 들어올리기(1%), 넙다리 뒤쪽 스트레칭(1%), 옆으로 누워 버티기(1%), 트레드밀에서 걷기(1%), 스텝퍼 오르내리기(1%)",국민체력100 운동처방 · 성인 36세,,성인,,
prescription:성인-36-M-정리운동,prescription,"성인 36세 남자 3,035명에게 처방된 정리운동: 전신 루틴 스트레칭(15%), 하지 루틴 스트레칭2(14%), 상지 루틴 스트레칭(12%), 하지 루틴 스트레칭1(11%), 넙다리 뒤쪽 스트레칭(6%), 넙다리 안쪽 스트레칭(5%), 허리 스트레칭(4%), 엉덩이 스트레칭(4%), 배스트레칭(4%), 정적 스트레칭  루틴프로그램(3%), 넙다리 앞쪽 스트레칭(3%), 달리기(3%)",국민체력100 운동처방 · 성인 36세,,성인,,
prescription:성인-36-M-준비운동,prescription,"성인 36세 남자 3,035명에게 처방된 준비운동: 유산소 운동 전 동적 루틴 스트레칭(14%), 전신 루틴 스트레칭(9%), 등/어깨 뒤쪽 스트레칭(6%), 자가근막이완술 루틴 스트레칭(5%), 가슴/어깨 앞쪽 스트레칭(5%), 달리기(5%), 하지 루틴 스트레칭1(4%), 하지 루틴 스트레칭2(4%), 걷기(3%), 아래 팔 스트레칭(3%), 목 스트레칭(3%), 상지 루틴 스트레칭(3%), 실내 자전거타기(2%), 실외 자전거타기(2%), 허리 스트레칭(2%), 트레드밀에서 걷기(2%), 동적 스트레칭 루틴프로그램(2%), 옆으로 누워서팔 앞으로 당기기(2%), 진자운동(1%), 테이블 이용하여 팔 옆으로 벌리기(1%), 테이블 이용하여 팔 들어 올리기(1%), 넙다리 뒤쪽 스트레칭(1%)",국민체력100 운동처방 · 성인 36세,,성인,,
prescription:성인-37-F-본운동,prescription,"성인 37세 여자 1,093명에게 처방된 본운동: 달리기(6%), 앉았다 일어서기(4%), 엎드려 버티기(4%), 계단 올라갔다 내려오기(4%), 실내 자전거타기(4%), 수영(3%), 팔벌려뛰기(3%), 버피운동(3%), 윗몸올리기(3%), 윗몸 말아 올리기(2%), 맨몸운동  루틴프로그램(2%), 줄넘기(2%), 계단 뛰어 오르기(2%), 저항밴드 운동  루틴프로그램(2%), 누워서 배가로근 수축 II(2%), 누워서 다리 들어올리기(2%), 턱걸이(2%), 바벨 끌어당기기(2%), 한발 앞으로 내밀고 앉았다 일어서기(1%), 트레드밀에서 걷기(1%), 무릎 높여 제자리 달리기(1%), 전완대고 버티기(1%), 누워서 엉덩이 들어올리기(1%), 하지 루틴 스트레칭2(1%), 넙다리 뒤쪽 스트레칭(1%), 웨이트 트레이닝  루틴프로그램(1%), 옆으로 누워 버티기(1%), 실외 자전거타기(1%), 사다리 안팎 뛰기(1%), 앉았다 일어서면서 점프하기(1%)",국민체력100 운동처방 · 성인 37세,,성인,,
prescription:성인-37-F-정리운동,prescription,"성인 37세 여자 1,093명에게 처방된 정리운동: 전신 루틴 스트레칭(15%), 하지 루틴 스트레칭2(13%), 하지 루틴 스트레칭1(11%), 상지 루틴 스트레칭(10%), 넙다리 뒤쪽 스트레칭(5%), 허리 스트레칭(4%), 엉덩이 스트레칭(4%), 배스트레칭(4%), 넙다리 안쪽 스트레칭(4%), 걷기(3%), 요가 및 필라테스  루틴프로그램(3%), 자가근막이완술 루틴 스트레칭(3%)",국민체력100 운동처방 · 성인 37세,,성인,,
prescription:성인-37-F-준비운동,prescription,"성인 37세 여자 1,093명에게 처방된 준비운동: 전신 루틴 스트레칭(12%), 유산소 운동 전 동적 루틴 스트레칭(12%), 하지 루틴 스트레칭1(6%), 등/어깨 뒤쪽 스트레칭(5%), 상지 루틴 스트레칭(4%), 가슴/어깨 앞쪽 스트레칭(4%), 하지 루틴 스트레칭2(4%), 달리기(4%), 자가근막이완술 루틴 스트레칭(3%), 테이블 이용하여 팔 들어 올리기(3%), 옆으로 누워서팔 앞으로 당기기(3%), 허리 스트레칭(3%), 목 스트레칭(3%), 진자운동(2%), 배스트레칭(2%), 아래 팔 스트레칭(2%), 걷기(2%), 정적 스트레칭  루틴프로그램(2%), 트레드밀에서 걷기(1%), 실외 자전거타기(1%), 좌식생활자를 위한 동적 루틴 스트레칭(1%), 테이블 이용하여 팔 옆으로 벌리기(1%)",국민체력100 운동처방 · 성인 37세,,성인,,
prescription:성인-37-M-본운동,prescription,"성인 37세 남자 2,775명에게 처방된 본운동: 달리기(9%), 앉았다 일어서기(6%), 턱걸이(5%), 실내 자전거타기(5%), 버피운동(4%), 수영(4%), 계단 올라갔다 내려오기(3%), 줄넘기(3%), 웨이트 트레이닝  루틴프로그램(3%), 계단 뛰어 오르기(3%), 엎드려 버티기(2%), 바벨 끌어당기기(2%), 맨몸운동  루틴프로그램(2%), 팔굽혀펴기(2%), 윗몸올리기(2%), 팔벌려뛰기(2%), 한발 앞으로 내밀고 앉았다 일어서기(2%), 누워서 배가로근 수축 II(2%), 매달려서 다리 들기(2%), 윗몸 말아 올리기(2%), 트레드밀에서 걷기(1%), 바벨들어올리기(1%), 실외 자전거타기(1%), 저항밴드 운동  루틴프로그램(1%), 앉았다 일어서면서 점프하기(1%), 넙다리 뒤쪽 스트레칭(1%), 누워서 팔 다리 동시에 들어올리기(1%), 누워서 다리 들어올리기(1%), 연속 상향 점프하기(1%), 허리 굽혀 덤벨 들기(1%)",국민체력100 운동처방 · 성인 37세,,성인,,
prescription:성인-37-M-정리운동,prescription,"성인 37세 남자 2,775명에게 처방된 정리운동: 하지 루틴 스트레칭2(16%), 상지 루틴 스트레칭(15%), 전신 루틴 스트레칭(14%), 하지 루틴 스트레칭1(11%), 넙다리 뒤쪽 스트레칭(6%), 넙다리 안쪽 스트레칭(6%), 엉덩이 스트레칭(4%), 넙다리 앞쪽 스트레칭(4%), 허리 스트레칭(3%), 자가근막이완술 루틴 스트레칭(2%)",국민체력100 운동처방 · 성인 37세,,성인,,
prescription:성인-37-M-준비운동,prescription,"성인 37세 남자 2,775명에게 처방된 준비운동: 유산소 운동 전 동적 루틴 스트레칭(12%), 전신 루틴 스트레칭(10%), 등/어깨 뒤쪽 스트레칭(6%), 자가근막이완술 루틴 스트레칭(6%), 가슴/어깨 앞쪽 스트레칭(6%), 달리기(5%), 하지 루틴 스트레칭2(4%), 하지 루틴 스트레칭1(4%), 상지 루틴 스트레칭(4%), 허리 스트레칭(3%), 목 스트레칭(3%), 실외 자전거타기(3%), 아래 팔 스트레칭(2%), 배스트레칭(2%), 걷기(2%), 실내 자전거타기(2%), 트레드밀에서 걷기(2%), 테이블 이용하여 팔 들어 올리기(2%), 넙다리 뒤쪽 스트레칭(2%), 옆으로 누워서팔 앞으로 당기기(1%)",국민체력100 운동처방 · 성인 37세,,성인,,
prescription:성인-38-F-본운동,prescription,"성인 38세 여자 1,082명에게 처방된 본운동: 달리기(7%), 앉았다 일어서기(5%), 엎드려 버티기(4%), 버피운동(4%), 실내 자전거타기(4%), 윗몸 말아 올리기(3%), 계단 올라갔다 내려오기(3%), 윗몸올리기(3%), 팔벌려뛰기(2%), 누워서 다리 들어올리기(2%), 팔굽혀펴기(2%), 수영(2%), 앉았다 일어서면서 점프하기(2%), 계단 뛰어 오르기(2%), 맨몸운동  루틴프로그램(2%), 트레드밀에서 걷기(2%), 줄넘기(2%), 매달려서 다리 들기(2%), 걷기(2%), 턱걸이(1%), 무릎 높여 제자리 달리기(1%), 바벨 끌어당기기(1%), 누워서 하늘 자전거(1%), 누워서 배가로근 수축 II(1%), 웨이트 트레이닝  루틴프로그램(1%), 옆으로 누워 버티기(1%), 저항밴드 운동  루틴프로그램(1%), 한발 앞으로 내밀고 앉았다 일어서기(1%), 바벨들어올리기(1%), 소파를 이용한 윗몸올리기(1%)",국민체력100 운동처방 · 성인 38세,,성인,,
prescription:성인-38-F-정리운동,prescription,"성인 38세 여자 1,082명에게 처방된 정리운동: 하지 루틴 스트레칭2(15%), 하지 루틴 스트레칭1(13%), 전신 루틴 스트레칭(12%), 상지 루틴 스트레칭(11%), 넙다리 뒤쪽 스트레칭(9%), 넙다리 안쪽 스트레칭(5%), 엉덩이 스트레칭(5%), 자가근막이완술 루틴 스트레칭(5%), 허리 스트레칭(5%), 배스트레칭(5%)",국민체력100 운동처방 · 성인 38세,,성인,,
prescription:성인-38-F-준비운동,prescription,"성인 38세 여자 1,082명에게 처방된 준비운동: 유산소 운동 전 동적 루틴 스트레칭(14%), 전신 루틴 스트레칭(13%), 가슴/어깨 앞쪽 스트레칭(4%), 목 스트레칭(4%), 자가근막이완술 루틴 스트레칭(4%), 등/어깨 뒤쪽 스트레칭(4%), 하지 루틴 스트레칭1(4%), 하지 루틴 스트레칭2(3%), 상지 루틴 스트레칭(3%), 허리 스트레칭(3%), 달리기(3%), 아래 팔 스트레칭(3%), 실외 자전거타기(2%), 옆으로 누워서팔 앞으로 당기기(2%), 진자운동(2%), 걷기(2%), 실내 자전거타기(2%), 배스트레칭(2%), 트레드밀에서 걷기(2%), 테이블 이용하여 팔 들어 올리기(2%), 엉덩이 스트레칭(1%), 동적 스트레칭 루틴프로그램(1%)",국민체력100 운동처방 · 성인 38세,,성인,,
prescription:성인-38-M-본운동,prescription,"성인 38세 남자 2,659명에게 처방된 본운동: 달리기(9%), 앉았다 일어서기(5%), 턱걸이(5%), 버피운동(5%), 실내 자전거타기(4%), 수영(3%), 윗몸올리기(3%), 계단 올라갔다 내려오기(3%), 줄넘기(3%), 계단 뛰어 오르기(3%), 바벨 끌어당기기(2%), 엎드려 버티기(2%), 웨이트 트레이닝  루틴프로그램(2%), 팔벌려뛰기(2%), 앉았다 일어서면서 점프하기(2%), 트레드밀에서 걷기(2%), 매달려서 다리 들기(2%), 팔굽혀펴기(2%), 걷기(1%), 누워서 배가로근 수축 II(1%), 윗몸 말아 올리기(1%), 맨몸운동  루틴프로그램(1%), 무릎 높여 제자리 달리기(1%), 실외 자전거타기(1%), 한발 앞으로 내밀고 앉았다 일어서기(1%), 넙다리 뒤쪽 스트레칭(1%), 누워서 팔 다리 동시에 들어올리기(1%), 누워서 다리 들어올리기(1%), 옆으로 누워 버티기(1%), 의자에 앉아 다리 뻗어 올리기(1%)",국민체력100 운동처방 · 성인 38세,,성인,,
prescription:성인-38-M-정리운동,prescription,"성인 38세 남자 2,659명에게 처방된 정리운동: 하지 루틴 스트레칭2(16%), 전신 루틴 스트레칭(15%), 상지 루틴 스트레칭(13%), 하지 루틴 스트레칭1(11%), 넙다리 뒤쪽 스트레칭(6%), 자가근막이완술 루틴 스트레칭(4%), 넙다리 안쪽 스트레칭(4%), 엉덩이 스트레칭(4%), 허리 스트레칭(4%), 배스트레칭(4%)",국민체력100 운동처방 · 성인 38세,,성인,,
prescription:성인-38-M-준비운동,prescription,"성인 38세 남자 2,659명에게 처방된 준비운동: 유산소 운동 전 동적 루틴 스트레칭(15%), 전신 루틴 스트레칭(10%), 자가근막이완술 루틴 스트레칭(5%), 등/어깨 뒤쪽 스트레칭(5%), 가슴/어깨 앞쪽 스트레칭(4%), 하지 루틴 스트레칭1(4%), 달리기(4%), 허리 스트레칭(3%), 목 스트레칭(3%), 하지 루틴 스트레칭2(3%), 상지 루틴 스트레칭(3%), 아래 팔 스트레칭(3%), 걷기(2%), 넙다리 뒤쪽 스트레칭(2%), 옆으로 누워서팔 앞으로 당기기(2%), 실내 자전거타기(2%), 배스트레칭(2%), 실외 자전거타기(2%), 진자운동(2%), 테이블 이용하여 팔 들어 올리기(1%), 트레드밀에서 걷기(1%), 넙다리 앞쪽 스트레칭(1%)",국민체력100 운동처방 · 성인 38세,,성인,,
prescription:성인-39-F-본운동,prescription,"성인 39세 여자 990명에게 처방된 본운동: 달리기(7%), 앉았다 일어서기(5%), 버피운동(3%), 엎드려 버티기(3%), 계단 올라갔다 내려오기(3%), 실내 자전거타기(3%), 윗몸올리기(3%), 수영(2%), 무릎 높여 제자리 달리기(2%), 팔벌려뛰기(2%), 넙다리 뒤쪽 스트레칭(2%), 한발 앞으로 내밀고 앉았다 일어서기(2%), 윗몸 말아 올리기(2%), 누워서 배가로근 수축 II(2%), 누워서 다리 들어올리기(2%), 앉았다 일어서면서 점프하기(2%), 계단 뛰어 오르기(2%), 옆으로 누워 버티기(1%), 웨이트 트레이닝  루틴프로그램(1%), 스텝퍼 뛰어서 오르내리기(1%), 네발기기 자세로 팔 다리 들기(1%), 팔굽혀펴기(1%), 턱걸이(1%), 매달려서 다리 들기(1%), 넙다리 안쪽 스트레칭(1%), 스텝퍼 옆으로 뛰어넘기(1%), 스텝퍼 뛰어서 넘어가기(1%), 걷기(1%), 줄넘기(1%), 트레드밀에서 걷기(1%)",국민체력100 운동처방 · 성인 39세,,성인,,
prescription:성인-39-F-정리운동,prescription,"성인 39세 여자 990명에게 처방된 정리운동: 전신 루틴 스트레칭(16%), 하지 루틴 스트레칭2(14%), 상지 루틴 스트레칭(12%), 하지 루틴 스트레칭1(8%), 넙다리 뒤쪽 스트레칭(8%), 넙다리 안쪽 스트레칭(7%), 허리 스트레칭(5%), 배스트레칭(3%), 자가근막이완술 루틴 스트레칭(3%), 엉덩이 스트레칭(3%), 넙다리 앞쪽 스트레칭(3%)",국민체력100 운동처방 · 성인 39세,,성인,,
prescription:성인-39-F-준비운동,prescription,"성인 39세 여자 990명에게 처방된 준비운동: 유산소 운동 전 동적 루틴 스트레칭(12%), 전신 루틴 스트레칭(12%), 상지 루틴 스트레칭(5%), 하지 루틴 스트레칭1(5%), 등/어깨 뒤쪽 스트레칭(5%), 아래 팔 스트레칭(4%), 달리기(4%), 걷기(4%), 하지 루틴 스트레칭2(4%), 가슴/어깨 앞쪽 스트레칭(4%), 자가근막이완술 루틴 스트레칭(3%), 목 스트레칭(3%), 실내 자전거타기(3%), 좌식생활자를 위한 동적 루틴 스트레칭(2%), 진자운동(2%), 옆으로 누워서팔 앞으로 당기기(2%), 트레드밀에서 걷기(2%), 허리 스트레칭(1%), 테이블 이용하여 팔 들어 올리기(1%), 실외 자전거타기(1%), 동적 스트레칭 루틴프로그램(1%)",국민체력100 운동처방 · 성인 39세,,성인,,
prescription:성인-39-M-본운동,prescription,"성인 39세 남자 2,521명에게 처방된 본운동: 달리기(9%), 앉았다 일어서기(5%), 턱걸이(5%), 실내 자전거타기(4%), 계단 올라갔다 내려오기(4%), 버피운동(3%), 계단 뛰어 오르기(3%), 수영(3%), 줄넘기(3%), 엎드려 버티기(2%), 윗몸올리기(2%), 바벨 끌어당기기(2%), 윗몸 말아 올리기(2%), 누워서 배가로근 수축 II(2%), 웨이트 트레이닝  루틴프로그램(2%), 앉았다 일어서면서 점프하기(2%), 매달려서 다리 들기(2%), 한발 앞으로 내밀고 앉았다 일어서기(2%), 팔벌려뛰기(2%), 트레드밀에서 걷기(1%), 누워서 팔 다리 동시에 들어올리기(1%), 옆으로 누워 버티기(1%), 맨몸운동  루틴프로그램(1%), 팔굽혀펴기(1%), 누워서 다리 들어올리기(1%), 걷기(1%), 넙다리 뒤쪽 스트레칭(1%), 실외 자전거타기(1%), 허리 굽혀 덤벨 들기(1%), 무릎 높여 제자리 달리기(1%)",국민체력100 운동처방 · 성인 39세,,성인,,
prescription:성인-39-M-정리운동,prescription,"성인 39세 남자 2,521명에게 처방된 정리운동: 전신 루틴 스트레칭(15%), 하지 루틴 스트레칭2(15%), 상지 루틴 스트레칭(14%), 하지 루틴 스트레칭1(10%), 넙다리 뒤쪽 스트레칭(6%), 넙다리 안쪽 스트레칭(5%), 엉덩이 스트레칭(4%), 넙다리 앞쪽 스트레칭(3%), 허리 스트레칭(3%), 자가근막이완술 루틴 스트레칭(3%), 배스트레칭(3%)",국민체력100 운동처방 · 성인 39세,,성인,,
prescription:성인-39-M-준비운동,prescription,"성인 39세 남자 2,521명에게 처방된 준비운동: 유산소 운동 전 동적 루틴 스트레칭(12%), 전신 루틴 스트레칭(8%), 등/어깨 뒤쪽 스트레칭(6%), 자가근막이완술 루틴 스트레칭(5%), 달리기(5%), 가슴/어깨 앞쪽 스트레칭(5%), 하지 루틴 스트레칭1(4%), 상지 루틴 스트레칭(4%), 하지 루틴 스트레칭2(4%), 허리 스트레칭(3%), 걷기(3%), 아래 팔 스트레칭(2%), 배스트레칭(2%), 목 스트레칭(2%), 실외 자전거타기(2%), 실내 자전거타기(2%), 작은 공을 이용한 동적 루틴 스트레칭(2%), 옆으로 누워서팔 앞으로 당기기(2%), 트레드밀에서 걷기(2%), 진자운동(2%), 테이블 이용하여 팔 들어 올리기(1%), 동적 스트레칭 루틴프로그램(1%)",국민체력100 운동처방 · 성인 39세,,성인,,
prescription:성인-40-F-본운동,prescription,"성인 40세 여자 1,065명에게 처방된 본운동: 달리기(7%), 앉았다 일어서기(5%), 엎드려 버티기(4%), 실내 자전거타기(4%), 버피운동(4%), 윗몸올리기(3%), 수영(3%), 팔벌려뛰기(2%), 줄넘기(2%), 한발 앞으로 내밀고 앉았다 일어서기(2%), 계단 올라갔다 내려오기(2%), 누워서 배가로근 수축 II(2%), 턱걸이(2%), 윗몸 말아 올리기(2%), 맨몸운동  루틴프로그램(2%), 누워서 엉덩이 들어올리기(2%), 팔굽혀펴기(2%), 옆으로 누워 버티기(2%), 매달려서 다리 들기(2%), 누워서 다리 들어올리기(2%), 저항밴드 운동  루틴프로그램(1%), 서서 다리 뒤로 차기(1%), 계단 뛰어 오르기(1%), 트레드밀에서 걷기(1%), 손목 펴기/굽히기(1%), 웨이트 트레이닝  루틴프로그램(1%), 실외 자전거타기(1%), 바벨 끌어당기기(1%), 엎드려서 팔 다리 들기(1%), 넙다리 뒤쪽 스트레칭(1%)",국민체력100 운동처방 · 성인 40세,,성인,,
prescription:성인-40-F-정리운동,prescription,"성인 40세 여자 1,065명에게 처방된 정리운동: 전신 루틴 스트레칭(16%), 하지 루틴 스트레칭2(13%), 상지 루틴 스트레칭(10%), 하지 루틴 스트레칭1(8%), 자가근막이완술 루틴 스트레칭(5%), 넙다리 뒤쪽 스트레칭(5%), 엉덩이 스트레칭(5%), 허리 스트레칭(5%), 배스트레칭(4%), 넙다리 안쪽 스트레칭(4%), 걷기(3%), 정적 스트레칭  루틴프로그램(3%), 등/어깨 뒤쪽 스트레칭(3%)",국민체력100 운동처방 · 성인 40세,,성인,,
prescription:성인-40-F-준비운동,prescription,"성인 40세 여자 1,065명에게 처방된 준비운동: 유산소 운동 전 동적 루틴 스트레칭(13%), 전신 루틴 스트레칭(11%), 하지 루틴 스트레칭1(7%), 상지 루틴 스트레칭(5%), 가슴/어깨 앞쪽 스트레칭(5%), 달리기(4%), 등/어깨 뒤쪽 스트레칭(4%), 하지 루틴 스트레칭2(4%), 목 스트레칭(4%), 자가근막이완술 루틴 스트레칭(3%), 걷기(3%), 옆으로 누워서팔 앞으로 당기기(3%), 진자운동(2%), 허리 스트레칭(2%), 아래 팔 스트레칭(2%), 배스트레칭(2%), 실내 자전거타기(2%), 넙다리 뒤쪽 스트레칭(1%), 트레드밀에서 걷기(1%), 테이블 이용하여 팔 들어 올리기(1%)",국민체력100 운동처방 · 성인 40세,,성인,,
prescription:성인-40-M-본운동,prescription,"성인 40세 남자 2,310명에게 처방된 본운동: 달리기(7%), 턱걸이(5%), 앉았다 일어서기(4%), 버피운동(4%), 실내 자전거타기(4%), 계단 올라갔다 내려오기(3%), 윗몸올리기(3%), 엎드려 버티기(3%), 계단 뛰어 오르기(3%), 수영(3%), 팔벌려뛰기(2%), 줄넘기(2%), 한발 앞으로 내밀고 앉았다 일어서기(2%), 바벨 끌어당기기(2%), 윗몸 말아 올리기(2%), 트레드밀에서 걷기(2%), 실외 자전거타기(2%), 누워서 배가로근 수축 II(2%), 넙다리 뒤쪽 스트레칭(1%), 누워서 다리 들어올리기(1%), 팔굽혀펴기(1%), 무릎 높여 제자리 달리기(1%), 웨이트 트레이닝  루틴프로그램(1%), 옆으로 누워 버티기(1%), 매달려서 다리 들기(1%), 앉았다 일어서면서 점프하기(1%), 걷기(1%), 넙다리 안쪽 스트레칭(1%), 바벨들어올리기(1%), 스텝퍼 오르내리기(1%)",국민체력100 운동처방 · 성인 40세,,성인,,
prescription:성인-40-M-정리운동,prescription,"성인 40세 남자 2,310명에게 처방된 정리운동: 전신 루틴 스트레칭(16%), 하지 루틴 스트레칭2(14%), 상지 루틴 스트레칭(13%), 하지 루틴 스트레칭1(10%), 넙다리 뒤쪽 스트레칭(5%), 자가근막이완술 루틴 스트레칭(5%), 넙다리 안쪽 스트레칭(4%), 달리기(3%), 엉덩이 스트레칭(3%), 허리 스트레칭(3%), 배스트레칭(3%), 정적 스트레칭  루틴프로그램(2%)",국민체력100 운동처방 · 성인 40세,,성인,,
prescription:성인-40-M-준비운동,prescription,"성인 40세 남자 2,310명에게 처방된 준비운동: 유산소 운동 전 동적 루틴 스트레칭(14%), 전신 루틴 스트레칭(9%), 자가근막이완술 루틴 스트레칭(5%), 하지 루틴 스트레칭1(5%), 하지 루틴 스트레칭2(4%), 달리기(4%), 상지 루틴 스트레칭(4%), 등/어깨 뒤쪽 스트레칭(4%), 가슴/어깨 앞쪽 스트레칭(4%), 목 스트레칭(2%), 아래 팔 스트레칭(2%), 실내 자전거타기(2%), 넙다리 뒤쪽 스트레칭(2%), 걷기(2%), 허리 스트레칭(2%), 실외 자전거타기(2%), 옆으로 누워서팔 앞으로 당기기(2%), 진자운동(2%), 배스트레칭(2%), 넙다리 앞쪽 스트레칭(2%), 트레드밀에서 걷기(1%), 작은 공을 이용한 동적 루틴 스트레칭(1%), 동적 스트레칭 루틴프로그램(1%)",국민체력100 운동처방 · 성인 40세,,성인,,
prescription:성인-41-F-본운동,prescription,"성인 41세 여자 1,160명에게 처방된 본운동: 달리기(6%), 앉았다 일어서기(5%), 엎드려 버티기(4%), 실내 자전거타기(4%), 계단 올라갔다 내려오기(4%), 팔벌려뛰기(4%), 버피운동(3%), 맨몸운동  루틴프로그램(3%), 윗몸올리기(3%), 옆으로 누워 버티기(3%), 누워서 배가로근 수축 II(2%), 앉았다 일어서면서 점프하기(2%), 줄넘기(2%), 수영(2%), 한발 앞으로 내밀고 앉았다 일어서기(2%), 저항밴드 운동  루틴프로그램(2%), 누워서 다리 들어올리기(2%), 계단 뛰어 오르기(2%), 누워서 팔 다리 동시에 들어올리기(2%), 무릎 높여 제자리 달리기(1%), 누워서 엉덩이 들어올리기(1%), 턱걸이(1%), 걷기(1%), 넙다리 뒤쪽 스트레칭(1%), 트레드밀에서 걷기(1%), 매달려서 다리 들기(1%), 웨이트 트레이닝  루틴프로그램(1%), 바벨 끌어당기기(1%), 자가근막이완술 루틴 스트레칭(1%), 바벨들어올리기(1%)",국민체력100 운동처방 · 성인 41세,,성인,,
prescription:성인-41-F-정리운동,prescription,"성인 41세 여자 1,160명에게 처방된 정리운동: 전신 루틴 스트레칭(16%), 하지 루틴 스트레칭2(14%), 상지 루틴 스트레칭(10%), 하지 루틴 스트레칭1(8%), 넙다리 안쪽 스트레칭(7%), 넙다리 뒤쪽 스트레칭(6%), 엉덩이 스트레칭(6%), 넙다리 앞쪽 스트레칭(5%), 허리 스트레칭(4%), 배스트레칭(4%)",국민체력100 운동처방 · 성인 41세,,성인,,
prescription:성인-41-F-준비운동,prescription,"성인 41세 여자 1,160명에게 처방된 준비운동: 유산소 운동 전 동적 루틴 스트레칭(14%), 전신 루틴 스트레칭(12%), 상지 루틴 스트레칭(7%), 하지 루틴 스트레칭1(6%), 하지 루틴 스트레칭2(6%), 등/어깨 뒤쪽 스트레칭(5%), 가슴/어깨 앞쪽 스트레칭(4%), 허리 스트레칭(3%), 배스트레칭(3%), 달리기(3%), 자가근막이완술 루틴 스트레칭(3%), 걷기(2%), 목 스트레칭(2%), 진자운동(2%), 아래 팔 스트레칭(2%), 옆으로 누워서팔 앞으로 당기기(2%), 실내 자전거타기(2%), 테이블 이용하여 팔 들어 올리기(2%), 테이블 이용하여 팔 옆으로 벌리기(1%), 작은 공을 이용한 동적 루틴 스트레칭(1%)",국민체력100 운동처방 · 성인 41세,,성인,,
prescription:성인-41-M-본운동,prescription,"성인 41세 남자 2,353명에게 처방된 본운동: 달리기(8%), 턱걸이(4%), 실내 자전거타기(4%), 계단 올라갔다 내려오기(4%), 앉았다 일어서기(4%), 버피운동(4%), 엎드려 버티기(3%), 계단 뛰어 오르기(3%), 윗몸올리기(3%), 윗몸 말아 올리기(2%), 수영(2%), 누워서 배가로근 수축 II(2%), 줄넘기(2%), 바벨 끌어당기기(2%), 앉았다 일어서면서 점프하기(2%), 한발 앞으로 내밀고 앉았다 일어서기(2%), 웨이트 트레이닝  루틴프로그램(2%), 팔굽혀펴기(1%), 팔벌려뛰기(1%), 매달려서 다리 들기(1%), 무릎 높여 제자리 달리기(1%), 트레드밀에서 걷기(1%), 걷기(1%), 맨몸운동  루틴프로그램(1%), 넙다리 뒤쪽 스트레칭(1%), 실외 자전거타기(1%), 누워서 팔 다리 동시에 들어올리기(1%), 허리 굽혀 덤벨 들기(1%), 소파를 이용한 윗몸올리기(1%), 앉아서 다리 밀기(1%)",국민체력100 운동처방 · 성인 41세,,성인,,
prescription:성인-41-M-정리운동,prescription,"성인 41세 남자 2,353명에게 처방된 정리운동: 전신 루틴 스트레칭(18%), 하지 루틴 스트레칭2(15%), 상지 루틴 스트레칭(13%), 하지 루틴 스트레칭1(12%), 넙다리 뒤쪽 스트레칭(4%), 자가근막이완술 루틴 스트레칭(4%), 엉덩이 스트레칭(4%), 배스트레칭(4%), 달리기(3%), 허리 스트레칭(3%), 넙다리 안쪽 스트레칭(3%)",국민체력100 운동처방 · 성인 41세,,성인,,
prescription:성인-41-M-준비운동,prescription,"성인 41세 남자 2,353명에게 처방된 준비운동: 유산소 운동 전 동적 루틴 스트레칭(14%), 전신 루틴 스트레칭(10%), 하지 루틴 스트레칭2(6%), 자가근막이완술 루틴 스트레칭(5%), 하지 루틴 스트레칭1(5%), 달리기(4%), 상지 루틴 스트레칭(4%), 등/어깨 뒤쪽 스트레칭(4%), 실내 자전거타기(3%), 가슴/어깨 앞쪽 스트레칭(3%), 걷기(3%), 작은 공을 이용한 동적 루틴 스트레칭(2%), 트레드밀에서 걷기(2%), 실외 자전거타기(2%), 목 스트레칭(2%), 허리 스트레칭(2%), 아래 팔 스트레칭(2%), 옆으로 누워서팔 앞으로 당기기(2%), 넙다리 뒤쪽 스트레칭(2%), 진자운동(1%), 엉덩이 스트레칭(1%), 테이블 이용하여 팔 들어 올리기(1%)",국민체력100 운동처방 · 성인 41세,,성인,,
prescription:성인-42-F-본운동,prescription,"성인 42세 여자 1,350명에게 처방된 본운동: 달리기(7%), 엎드려 버티기(5%), 수영(4%), 실내 자전거타기(4%), 앉았다 일어서기(4%), 계단 올라갔다 내려오기(3%), 버피운동(3%), 윗몸올리기(2%), 한발 앞으로 내밀고 앉았다 일어서기(2%), 팔벌려뛰기(2%), 누워서 배가로근 수축 II(2%), 윗몸 말아 올리기(2%), 계단 뛰어 오르기(2%), 옆으로 누워 버티기(2%), 줄넘기(2%), 턱걸이(2%), 누워서 다리 들어올리기(2%), 앉았다 일어서면서 점프하기(2%), 덤벨 옆으로 들어올리기(2%), 맨몸운동  루틴프로그램(2%), 웨이트 트레이닝  루틴프로그램(1%), 매달려서 다리 들기(1%), 손목 펴기/굽히기(1%), 바벨 끌어당기기(1%), 저항밴드 운동  루틴프로그램(1%), 무릎 높여 제자리 달리기(1%), 바벨 들어 팔꿈치 굽히기(1%), 트레드밀에서 걷기(1%), 넙다리 뒤쪽 스트레칭(1%), 소파를 이용한 윗몸올리기(1%)",국민체력100 운동처방 · 성인 42세,,성인,,
prescription:성인-42-F-정리운동,prescription,"성인 42세 여자 1,350명에게 처방된 정리운동: 전신 루틴 스트레칭(15%), 하지 루틴 스트레칭2(12%), 넙다리 뒤쪽 스트레칭(10%), 상지 루틴 스트레칭(10%), 엉덩이 스트레칭(8%), 넙다리 앞쪽 스트레칭(6%), 하지 루틴 스트레칭1(5%), 넙다리 안쪽 스트레칭(5%), 허리 스트레칭(3%), 자가근막이완술 루틴 스트레칭(3%), 배스트레칭(3%), 걷기(2%)",국민체력100 운동처방 · 성인 42세,,성인,,
prescription:성인-42-F-준비운동,prescription,"성인 42세 여자 1,350명에게 처방된 준비운동: 유산소 운동 전 동적 루틴 스트레칭(12%), 전신 루틴 스트레칭(11%), 하지 루틴 스트레칭1(5%), 상지 루틴 스트레칭(5%), 허리 스트레칭(5%), 등/어깨 뒤쪽 스트레칭(5%), 하지 루틴 스트레칭2(5%), 가슴/어깨 앞쪽 스트레칭(4%), 달리기(4%), 넙다리 뒤쪽 스트레칭(4%), 자가근막이완술 루틴 스트레칭(3%), 진자운동(2%), 걷기(2%), 배스트레칭(2%), 옆으로 누워서팔 앞으로 당기기(2%), 목 스트레칭(2%), 테이블 이용하여 팔 들어 올리기(2%), 실내 자전거타기(2%), 트레드밀에서 걷기(2%)",국민체력100 운동처방 · 성인 42세,,성인,,
prescription:성인-42-M-본운동,prescription,"성인 42세 남자 2,368명에게 처방된 본운동: 달리기(8%), 앉았다 일어서기(5%), 턱걸이(4%), 계단 올라갔다 내려오기(4%), 실내 자전거타기(4%), 버피운동(3%), 한발 앞으로 내밀고 앉았다 일어서기(3%), 계단 뛰어 오르기(3%), 엎드려 버티기(3%), 수영(3%), 줄넘기(3%), 윗몸올리기(2%), 팔굽혀펴기(2%), 팔벌려뛰기(2%), 윗몸 말아 올리기(2%), 실외 자전거타기(2%), 바벨 끌어당기기(2%), 무릎 높여 제자리 달리기(2%), 웨이트 트레이닝  루틴프로그램(2%), 누워서 배가로근 수축 II(2%), 트레드밀에서 걷기(2%), 걷기(2%), 앉았다 일어서면서 점프하기(1%), 누워서 다리 들어올리기(1%), 매달려서 다리 들기(1%), 점프 팔굽혀펴기(1%), 맨몸운동  루틴프로그램(1%), 넙다리 뒤쪽 스트레칭(1%), 서서 다리 뒤로 차기(1%), 바벨들어올리기(1%)",국민체력100 운동처방 · 성인 42세,,성인,,
prescription:성인-42-M-정리운동,prescription,"성인 42세 남자 2,368명에게 처방된 정리운동: 전신 루틴 스트레칭(18%), 하지 루틴 스트레칭2(14%), 상지 루틴 스트레칭(11%), 하지 루틴 스트레칭1(11%), 넙다리 뒤쪽 스트레칭(7%), 엉덩이 스트레칭(5%), 넙다리 안쪽 스트레칭(5%), 허리 스트레칭(4%), 넙다리 앞쪽 스트레칭(4%), 배스트레칭(3%)",국민체력100 운동처방 · 성인 42세,,성인,,
prescription:성인-42-M-준비운동,prescription,"성인 42세 남자 2,368명에게 처방된 준비운동: 유산소 운동 전 동적 루틴 스트레칭(13%), 전신 루틴 스트레칭(9%), 등/어깨 뒤쪽 스트레칭(7%), 가슴/어깨 앞쪽 스트레칭(6%), 목 스트레칭(4%), 자가근막이완술 루틴 스트레칭(4%), 하지 루틴 스트레칭2(4%), 달리기(4%), 허리 스트레칭(3%), 하지 루틴 스트레칭1(3%), 아래 팔 스트레칭(3%), 걷기(3%), 실내 자전거타기(3%), 상지 루틴 스트레칭(3%), 실외 자전거타기(3%), 트레드밀에서 걷기(2%), 배스트레칭(2%), 동적 스트레칭 루틴프로그램(2%), 옆으로 누워서팔 앞으로 당기기(2%), 작은 공을 이용한 동적 루틴 스트레칭(2%)",국민체력100 운동처방 · 성인 42세,,성인,,
prescription:성인-43-F-본운동,prescription,"성인 43세 여자 1,434명에게 처방된 본운동: 달리기(7%), 엎드려 버티기(5%), 앉았다 일어서기(5%), 버피운동(4%), 실내 자전거타기(4%), 윗몸 말아 올리기(3%), 수영(3%), 팔벌려뛰기(2%), 계단 올라갔다 내려오기(2%), 윗몸올리기(2%), 턱걸이(2%), 줄넘기(2%), 한발 앞으로 내밀고 앉았다 일어서기(2%), 계단 뛰어 오르기(2%), 누워서 다리 들어올리기(2%), 앉았다 일어서면서 점프하기(2%), 웨이트 트레이닝  루틴프로그램(2%), 저항밴드 운동  루틴프로그램(1%), 트레드밀에서 걷기(1%), 맨몸운동  루틴프로그램(1%), 누워서 배가로근 수축 II(1%), 매달려서 다리 들기(1%), 옆으로 누워 버티기(1%), 무릎 높여 제자리 달리기(1%), 걷기(1%), 넙다리 뒤쪽 스트레칭(1%), 누워서 엉덩이 들어올리기(1%), 실외 자전거타기(1%), 바벨 끌어당기기(1%), 하지 루틴 스트레칭2(1%)",국민체력100 운동처방 · 성인 43세,,성인,,
prescription:성인-43-F-정리운동,prescription,"성인 43세 여자 1,434명에게 처방된 정리운동: 전신 루틴 스트레칭(20%), 하지 루틴 스트레칭2(12%), 상지 루틴 스트레칭(10%), 하지 루틴 스트레칭1(9%), 넙다리 뒤쪽 스트레칭(8%), 엉덩이 스트레칭(5%), 넙다리 안쪽 스트레칭(5%), 넙다리 앞쪽 스트레칭(4%), 자가근막이완술 루틴 스트레칭(3%), 걷기(3%), 배스트레칭(3%)",국민체력100 운동처방 · 성인 43세,,성인,,
prescription:성인-43-F-준비운동,prescription,"성인 43세 여자 1,434명에게 처방된 준비운동: 유산소 운동 전 동적 루틴 스트레칭(14%), 전신 루틴 스트레칭(10%), 상지 루틴 스트레칭(6%), 하지 루틴 스트레칭1(5%), 하지 루틴 스트레칭2(5%), 가슴/어깨 앞쪽 스트레칭(4%), 등/어깨 뒤쪽 스트레칭(4%), 자가근막이완술 루틴 스트레칭(4%), 달리기(3%), 허리 스트레칭(3%), 트레드밀에서 걷기(3%), 목 스트레칭(3%), 테이블 이용하여 팔 들어 올리기(2%), 배스트레칭(2%), 걷기(2%), 옆으로 누워서팔 앞으로 당기기(2%), 아래 팔 스트레칭(2%), 좌식생활자를 위한 동적 루틴 스트레칭(2%), 진자운동(2%), 넙다리 뒤쪽 스트레칭(2%), 실내 자전거타기(1%), 줄넘기(1%)",국민체력100 운동처방 · 성인 43세,,성인,,
prescription:성인-43-M-본운동,prescription,"성인 43세 남자 2,477명에게 처방된 본운동: 달리기(8%), 앉았다 일어서기(5%), 턱걸이(5%), 계단 올라갔다 내려오기(5%), 버피운동(4%), 엎드려 버티기(4%), 실내 자전거타기(4%), 계단 뛰어 오르기(3%), 수영(3%), 윗몸올리기(2%), 윗몸 말아 올리기(2%), 실외 자전거타기(2%), 바벨 끌어당기기(2%), 팔굽혀펴기(2%), 줄넘기(2%), 팔벌려뛰기(2%), 누워서 팔 다리 동시에 들어올리기(2%), 앉았다 일어서면서 점프하기(2%), 누워서 다리 들어올리기(2%), 한발 앞으로 내밀고 앉았다 일어서기(2%), 매달려서 다리 들기(2%), 웨이트 트레이닝  루틴프로그램(2%), 넙다리 뒤쪽 스트레칭(1%), 누워서 배가로근 수축 II(1%), 트레드밀에서 걷기(1%), 넙다리 안쪽 스트레칭(1%), 맨몸운동  루틴프로그램(1%), 옆으로 누워 버티기(1%), 걷기(1%), 허리 굽혀 덤벨 들기(1%)",국민체력100 운동처방 · 성인 43세,,성인,,
prescription:성인-43-M-정리운동,prescription,"성인 43세 남자 2,477명에게 처방된 정리운동: 전신 루틴 스트레칭(18%), 하지 루틴 스트레칭2(16%), 상지 루틴 스트레칭(13%), 하지 루틴 스트레칭1(12%), 넙다리 뒤쪽 스트레칭(5%), 넙다리 안쪽 스트레칭(4%), 엉덩이 스트레칭(4%), 배스트레칭(3%), 허리 스트레칭(3%), 걷기(3%), 넙다리 앞쪽 스트레칭(2%)",국민체력100 운동처방 · 성인 43세,,성인,,
prescription:성인-43-M-준비운동,prescription,"성인 43세 남자 2,477명에게 처방된 준비운동: 유산소 운동 전 동적 루틴 스트레칭(12%), 전신 루틴 스트레칭(12%), 달리기(5%), 하지 루틴 스트레칭1(5%), 자가근막이완술 루틴 스트레칭(5%), 상지 루틴 스트레칭(4%), 등/어깨 뒤쪽 스트레칭(4%), 하지 루틴 스트레칭2(4%), 가슴/어깨 앞쪽 스트레칭(4%), 허리 스트레칭(3%), 실내 자전거타기(3%), 옆으로 누워서팔 앞으로 당기기(2%), 걷기(2%), 실외 자전거타기(2%), 트레드밀에서 걷기(2%), 아래 팔 스트레칭(2%), 목 스트레칭(2%), 테이블 이용하여 팔 들어 올리기(2%), 배스트레칭(2%), 진자운동(2%), 작은 공을 이용한 동적 루틴 스트레칭(2%)",국민체력100 운동처방 · 성인 43세,,성인,,
prescription:성인-44-F-본운동,prescription,"성인 44세 여자 1,446명에게 처방된 본운동: 달리기(7%), 앉았다 일어서기(6%), 실내 자전거타기(4%), 엎드려 버티기(4%), 계단 올라갔다 내려오기(4%), 버피운동(4%), 수영(3%), 줄넘기(3%), 팔벌려뛰기(3%), 윗몸올리기(2%), 트레드밀에서 걷기(2%), 누워서 배가로근 수축 II(2%), 계단 뛰어 오르기(2%), 걷기(2%), 한발 앞으로 내밀고 앉았다 일어서기(2%), 윗몸 말아 올리기(2%), 앉았다 일어서면서 점프하기(2%), 누워서 엉덩이 들어올리기(2%), 옆으로 누워 버티기(1%), 팔굽혀펴기(1%), 무릎 높여 제자리 달리기(1%), 실외 자전거타기(1%), 넙다리 뒤쪽 스트레칭(1%), 턱걸이(1%), 누워서 다리 들어올리기(1%), 네발기기 자세로 팔 다리 들기(1%), 스텝퍼 오르내리기(1%), 바벨 끌어당기기(1%), 매달려서 다리 들기(1%), 저항밴드 운동  루틴프로그램(1%)",국민체력100 운동처방 · 성인 44세,,성인,,
prescription:성인-44-F-정리운동,prescription,"성인 44세 여자 1,446명에게 처방된 정리운동: 전신 루틴 스트레칭(17%), 하지 루틴 스트레칭2(12%), 하지 루틴 스트레칭1(10%), 상지 루틴 스트레칭(8%), 넙다리 뒤쪽 스트레칭(8%), 엉덩이 스트레칭(7%), 넙다리 안쪽 스트레칭(6%), 넙다리 앞쪽 스트레칭(4%), 허리 스트레칭(4%), 배스트레칭(3%), 옆구리 스트레칭(2%)",국민체력100 운동처방 · 성인 44세,,성인,,
prescription:성인-44-F-준비운동,prescription,"성인 44세 여자 1,446명에게 처방된 준비운동: 전신 루틴 스트레칭(13%), 유산소 운동 전 동적 루틴 스트레칭(12%), 하지 루틴 스트레칭1(7%), 상지 루틴 스트레칭(7%), 하지 루틴 스트레칭2(4%), 등/어깨 뒤쪽 스트레칭(4%), 가슴/어깨 앞쪽 스트레칭(4%), 옆으로 누워서팔 앞으로 당기기(3%), 달리기(2%), 자가근막이완술 루틴 스트레칭(2%), 진자운동(2%), 목 스트레칭(2%), 허리 스트레칭(2%), 걷기(2%), 테이블 이용하여 팔 들어 올리기(2%), 아래 팔 스트레칭(2%), 배스트레칭(2%), 트레드밀에서 걷기(2%), 실내 자전거타기(1%), 좌식생활자를 위한 동적 루틴 스트레칭(1%), 넙다리 뒤쪽 스트레칭(1%), 버피운동(1%)",국민체력100 운동처방 · 성인 44세,,성인,,
prescription:성인-44-M-본운동,prescription,"성인 44세 남자 2,360명에게 처방된 본운동: 달리기(9%), 앉았다 일어서기(5%), 실내 자전거타기(5%), 턱걸이(5%), 버피운동(4%), 계단 올라갔다 내려오기(4%), 엎드려 버티기(3%), 수영(3%), 계단 뛰어 오르기(3%), 줄넘기(3%), 윗몸올리기(2%), 윗몸 말아 올리기(2%), 한발 앞으로 내밀고 앉았다 일어서기(2%), 누워서 배가로근 수축 II(2%), 팔굽혀펴기(2%), 트레드밀에서 걷기(2%), 웨이트 트레이닝  루틴프로그램(2%), 바벨들어올리기(1%), 실외 자전거타기(1%), 걷기(1%), 앉았다 일어서면서 점프하기(1%), 매달려서 다리 들기(1%), 바벨 끌어당기기(1%), 옆으로 누워 버티기(1%), 앉아서 당겨 내리기(1%), 넙다리 뒤쪽 스트레칭(1%), 누워서 다리 들어올리기(1%), 팔벌려뛰기(1%), 맨몸운동  루틴프로그램(1%), 하지 루틴 스트레칭2(1%)",국민체력100 운동처방 · 성인 44세,,성인,,
prescription:성인-44-M-정리운동,prescription,"성인 44세 남자 2,360명에게 처방된 정리운동: 전신 루틴 스트레칭(14%), 하지 루틴 스트레칭2(13%), 상지 루틴 스트레칭(11%), 하지 루틴 스트레칭1(10%), 넙다리 뒤쪽 스트레칭(9%), 넙다리 안쪽 스트레칭(7%), 엉덩이 스트레칭(5%), 넙다리 앞쪽 스트레칭(5%), 허리 스트레칭(4%), 배스트레칭(4%)",국민체력100 운동처방 · 성인 44세,,성인,,
prescription:성인-44-M-준비운동,prescription,"성인 44세 남자 2,360명에게 처방된 준비운동: 유산소 운동 전 동적 루틴 스트레칭(13%), 전신 루틴 스트레칭(8%), 등/어깨 뒤쪽 스트레칭(7%), 가슴/어깨 앞쪽 스트레칭(6%), 허리 스트레칭(4%), 하지 루틴 스트레칭1(4%), 아래 팔 스트레칭(4%), 달리기(4%), 목 스트레칭(4%), 자가근막이완술 루틴 스트레칭(4%), 상지 루틴 스트레칭(3%), 하지 루틴 스트레칭2(3%), 배스트레칭(3%), 옆으로 누워서팔 앞으로 당기기(2%), 실내 자전거타기(2%), 진자운동(2%), 걷기(2%), 실외 자전거타기(2%), 테이블 이용하여 팔 들어 올리기(2%), 트레드밀에서 걷기(1%), 넙다리 뒤쪽 스트레칭(1%)",국민체력100 운동처방 · 성인 44세,,성인,,
prescription:성인-45-F-본운동,prescription,"성인 45세 여자 1,492명에게 처방된 본운동: 달리기(7%), 앉았다 일어서기(5%), 계단 올라갔다 내려오기(5%), 실내 자전거타기(5%), 계단 뛰어 오르기(3%), 줄넘기(3%), 엎드려 버티기(3%), 버피운동(3%), 윗몸올리기(3%), 수영(3%), 누워서 배가로근 수축 II(3%), 팔벌려뛰기(2%), 윗몸 말아 올리기(2%), 매달려서 다리 들기(2%), 옆으로 누워 버티기(2%), 맨몸운동  루틴프로그램(1%), 트레드밀에서 걷기(1%), 넙다리 뒤쪽 스트레칭(1%), 실외 자전거타기(1%), 손목 펴기/굽히기(1%), 걷기(1%), 한발 앞으로 내밀고 앉았다 일어서기(1%), 바벨 끌어당기기(1%), 턱걸이(1%), 누워서 엉덩이 들어올리기(1%), 덤벨 옆으로 들어올리기(1%), 허리 굽혀 덤벨 뒤로 들기(1%), 스텝퍼 옆으로 뛰어넘기(1%), 무릎 높여 제자리 달리기(1%), 네발기기 자세로 팔 다리 들기(1%)",국민체력100 운동처방 · 성인 45세,,성인,,
prescription:성인-45-F-정리운동,prescription,"성인 45세 여자 1,492명에게 처방된 정리운동: 전신 루틴 스트레칭(19%), 하지 루틴 스트레칭2(12%), 하지 루틴 스트레칭1(10%), 상지 루틴 스트레칭(10%), 넙다리 뒤쪽 스트레칭(8%), 엉덩이 스트레칭(7%), 넙다리 안쪽 스트레칭(6%), 넙다리 앞쪽 스트레칭(5%), 배스트레칭(3%), 허리 스트레칭(3%)",국민체력100 운동처방 · 성인 45세,,성인,,
prescription:성인-45-F-준비운동,prescription,"성인 45세 여자 1,492명에게 처방된 준비운동: 유산소 운동 전 동적 루틴 스트레칭(13%), 전신 루틴 스트레칭(10%), 등/어깨 뒤쪽 스트레칭(5%), 하지 루틴 스트레칭1(5%), 상지 루틴 스트레칭(5%), 가슴/어깨 앞쪽 스트레칭(5%), 하지 루틴 스트레칭2(5%), 자가근막이완술 루틴 스트레칭(4%), 허리 스트레칭(4%), 옆으로 누워서팔 앞으로 당기기(3%), 진자운동(2%), 배스트레칭(2%), 달리기(2%), 목 스트레칭(2%), 아래 팔 스트레칭(2%), 걷기(2%), 테이블 이용하여 팔 들어 올리기(2%), 넙다리 뒤쪽 스트레칭(2%), 트레드밀에서 걷기(1%), 좌식생활자를 위한 동적 루틴 스트레칭(1%), 테이블 이용하여 팔 옆으로 벌리기(1%)",국민체력100 운동처방 · 성인 45세,,성인,,
prescription:성인-45-M-본운동,prescription,"성인 45세 남자 2,626명에게 처방된 본운동: 달리기(8%), 앉았다 일어서기(5%), 턱걸이(5%), 실내 자전거타기(4%), 계단 올라갔다 내려오기(4%), 수영(3%), 버피운동(3%), 계단 뛰어 오르기(3%), 엎드려 버티기(3%), 줄넘기(3%), 윗몸올리기(2%), 팔굽혀펴기(2%), 바벨 끌어당기기(2%), 윗몸 말아 올리기(2%), 웨이트 트레이닝  루틴프로그램(2%), 한발 앞으로 내밀고 앉았다 일어서기(2%), 팔벌려뛰기(2%), 누워서 배가로근 수축 II(2%), 맨몸운동  루틴프로그램(2%), 실외 자전거타기(1%), 매달려서 다리 들기(1%), 앉았다 일어서면서 점프하기(1%), 누워서 다리 들어올리기(1%), 트레드밀에서 걷기(1%), 저항밴드 운동  루틴프로그램(1%), 무릎 높여 제자리 달리기(1%), 넙다리 뒤쪽 스트레칭(1%), 걷기(1%), 엉덩이 스트레칭(1%), 손목 펴기/굽히기(1%)",국민체력100 운동처방 · 성인 45세,,성인,,
prescription:성인-45-M-정리운동,prescription,"성인 45세 남자 2,626명에게 처방된 정리운동: 전신 루틴 스트레칭(18%), 하지 루틴 스트레칭2(13%), 상지 루틴 스트레칭(12%), 하지 루틴 스트레칭1(9%), 넙다리 뒤쪽 스트레칭(7%), 넙다리 안쪽 스트레칭(5%), 엉덩이 스트레칭(5%), 허리 스트레칭(3%), 넙다리 앞쪽 스트레칭(3%), 배스트레칭(3%), 자가근막이완술 루틴 스트레칭(2%)",국민체력100 운동처방 · 성인 45세,,성인,,
prescription:성인-45-M-준비운동,prescription,"성인 45세 남자 2,626명에게 처방된 준비운동: 유산소 운동 전 동적 루틴 스트레칭(13%), 전신 루틴 스트레칭(9%), 등/어깨 뒤쪽 스트레칭(6%), 가슴/어깨 앞쪽 스트레칭(6%), 자가근막이완술 루틴 스트레칭(5%), 달리기(4%), 하지 루틴 스트레칭1(4%), 아래 팔 스트레칭(4%), 목 스트레칭(3%), 허리 스트레칭(3%), 실내 자전거타기(3%), 하지 루틴 스트레칭2(3%), 상지 루틴 스트레칭(3%), 걷기(3%), 실외 자전거타기(2%), 옆으로 누워서팔 앞으로 당기기(2%), 배스트레칭(2%), 트레드밀에서 걷기(2%), 넙다리 뒤쪽 스트레칭(2%), 작은 공을 이용한 동적 루틴 스트레칭(1%), 테이블 이용하여 팔 들어 올리기(1%)",국민체력100 운동처방 · 성인 45세,,성인,,
prescription:성인-46-F-본운동,prescription,"성인 46세 여자 1,425명에게 처방된 본운동: 달리기(7%), 실내 자전거타기(5%), 앉았다 일어서기(4%), 엎드려 버티기(4%), 계단 올라갔다 내려오기(4%), 수영(3%), 한발 앞으로 내밀고 앉았다 일어서기(3%), 맨몸운동  루틴프로그램(3%), 버피운동(2%), 윗몸 말아 올리기(2%), 윗몸올리기(2%), 누워서 배가로근 수축 II(2%), 팔벌려뛰기(2%), 누워서 다리 들어올리기(2%), 트레드밀에서 걷기(2%), 계단 뛰어 오르기(2%), 줄넘기(2%), 누워서 엉덩이 들어올리기(2%), 바벨 끌어당기기(2%), 턱걸이(2%), 걷기(2%), 웨이트 트레이닝  루틴프로그램(1%), 옆으로 누워 버티기(1%), 팔굽혀펴기(1%), 저항밴드 운동  루틴프로그램(1%), 매달려서 다리 들기(1%), 하지 루틴 스트레칭2(1%), 서서 다리 뒤로 차기(1%), 앉아서 당겨 내리기(1%), 허리 굽혀 덤벨 들기(1%)",국민체력100 운동처방 · 성인 46세,,성인,,
prescription:성인-46-F-정리운동,prescription,"성인 46세 여자 1,425명에게 처방된 정리운동: 전신 루틴 스트레칭(17%), 하지 루틴 스트레칭2(12%), 상지 루틴 스트레칭(9%), 하지 루틴 스트레칭1(9%), 넙다리 뒤쪽 스트레칭(6%), 엉덩이 스트레칭(6%), 허리 스트레칭(5%), 배스트레칭(5%), 넙다리 안쪽 스트레칭(4%), 옆구리 스트레칭(3%), 넙다리 앞쪽 스트레칭(3%), 가슴/어깨 앞쪽 스트레칭(2%), 등/어깨 뒤쪽 스트레칭(2%)",국민체력100 운동처방 · 성인 46세,,성인,,
prescription:성인-46-F-준비운동,prescription,"성인 46세 여자 1,425명에게 처방된 준비운동: 전신 루틴 스트레칭(12%), 유산소 운동 전 동적 루틴 스트레칭(10%), 등/어깨 뒤쪽 스트레칭(6%), 상지 루틴 스트레칭(5%), 하지 루틴 스트레칭1(5%), 가슴/어깨 앞쪽 스트레칭(4%), 허리 스트레칭(4%), 하지 루틴 스트레칭2(4%), 자가근막이완술 루틴 스트레칭(4%), 아래 팔 스트레칭(3%), 달리기(3%), 배스트레칭(3%), 목 스트레칭(3%), 옆으로 누워서팔 앞으로 당기기(3%), 걷기(3%), 진자운동(2%), 실내 자전거타기(2%), 옆구리 스트레칭(2%), 트레드밀에서 걷기(2%)",국민체력100 운동처방 · 성인 46세,,성인,,
prescription:성인-46-M-본운동,prescription,"성인 46세 남자 2,195명에게 처방된 본운동: 달리기(9%), 계단 올라갔다 내려오기(5%), 실내 자전거타기(5%), 턱걸이(4%), 앉았다 일어서기(4%), 버피운동(4%), 수영(3%), 계단 뛰어 오르기(3%), 엎드려 버티기(3%), 줄넘기(3%), 윗몸올리기(3%), 팔굽혀펴기(2%), 팔벌려뛰기(2%), 바벨 끌어당기기(2%), 웨이트 트레이닝  루틴프로그램(2%), 한발 앞으로 내밀고 앉았다 일어서기(2%), 누워서 배가로근 수축 II(2%), 맨몸운동  루틴프로그램(2%), 윗몸 말아 올리기(2%), 누워서 다리 들어올리기(1%), 실외 자전거타기(1%), 넙다리 뒤쪽 스트레칭(1%), 매달려서 다리 들기(1%), 앉았다 일어서면서 점프하기(1%), 트레드밀에서 걷기(1%), 무릎 높여 제자리 달리기(1%), 누워서 팔 다리 동시에 들어올리기(1%), 바벨들어올리기(1%), 계단 두발 뛰기(1%), 허리 굽혀 덤벨 들기(1%)",국민체력100 운동처방 · 성인 46세,,성인,,
prescription:성인-46-M-정리운동,prescription,"성인 46세 남자 2,195명에게 처방된 정리운동: 하지 루틴 스트레칭2(18%), 상지 루틴 스트레칭(15%), 전신 루틴 스트레칭(15%), 하지 루틴 스트레칭1(13%), 넙다리 뒤쪽 스트레칭(5%), 넙다리 안쪽 스트레칭(4%), 엉덩이 스트레칭(3%), 걷기(3%), 허리 스트레칭(3%), 넙다리 앞쪽 스트레칭(3%)",국민체력100 운동처방 · 성인 46세,,성인,,
prescription:성인-46-M-준비운동,prescription,"성인 46세 남자 2,195명에게 처방된 준비운동: 유산소 운동 전 동적 루틴 스트레칭(15%), 전신 루틴 스트레칭(11%), 자가근막이완술 루틴 스트레칭(5%), 하지 루틴 스트레칭1(4%), 달리기(4%), 가슴/어깨 앞쪽 스트레칭(4%), 하지 루틴 스트레칭2(4%), 등/어깨 뒤쪽 스트레칭(4%), 상지 루틴 스트레칭(4%), 아래 팔 스트레칭(3%), 목 스트레칭(2%), 작은 공을 이용한 동적 루틴 스트레칭(2%), 실외 자전거타기(2%), 허리 스트레칭(2%), 트레드밀에서 걷기(2%), 실내 자전거타기(2%), 걷기(2%), 넙다리 뒤쪽 스트레칭(2%), 옆으로 누워서팔 앞으로 당기기(2%), 진자운동(2%), 테이블 이용하여 팔 들어 올리기(2%)",국민체력100 운동처방 · 성인 46세,,성인,,
prescription:성인-47-F-본운동,prescription,"성인 47세 여자 1,315명에게 처방된 본운동: 달리기(7%), 앉았다 일어서기(5%), 엎드려 버티기(5%), 윗몸 말아 올리기(4%), 실내 자전거타기(4%), 수영(3%), 계단 올라갔다 내려오기(3%), 윗몸올리기(3%), 누워서 배가로근 수축 II(3%), 버피운동(3%), 옆으로 누워 버티기(3%), 누워서 다리 들어올리기(2%), 팔벌려뛰기(2%), 계단 뛰어 오르기(2%), 한발 앞으로 내밀고 앉았다 일어서기(2%), 줄넘기(2%), 트레드밀에서 걷기(1%), 걷기(1%), 서서 다리 뒤로 차기(1%), 바벨 끌어당기기(1%), 앉았다 일어서면서 점프하기(1%), 실외 자전거타기(1%), 누워서 엉덩이 들어올리기(1%), 스텝퍼 뛰어서 넘어가기(1%), 누워서 하늘 자전거(1%), 턱걸이(1%), 손목 펴기/굽히기(1%), 매달려서 다리 들기(1%), 바벨들어올리기(1%), 하지 루틴 스트레칭2(1%)",국민체력100 운동처방 · 성인 47세,,성인,,
prescription:성인-47-F-정리운동,prescription,"성인 47세 여자 1,315명에게 처방된 정리운동: 전신 루틴 스트레칭(15%), 하지 루틴 스트레칭2(14%), 상지 루틴 스트레칭(12%), 하지 루틴 스트레칭1(11%), 넙다리 안쪽 스트레칭(6%), 넙다리 뒤쪽 스트레칭(6%), 넙다리 앞쪽 스트레칭(5%), 엉덩이 스트레칭(4%), 허리 스트레칭(3%), 자가근막이완술 루틴 스트레칭(3%), 배스트레칭(3%)",국민체력100 운동처방 · 성인 47세,,성인,,
prescription:성인-47-F-준비운동,prescription,"성인 47세 여자 1,315명에게 처방된 준비운동: 유산소 운동 전 동적 루틴 스트레칭(16%), 전신 루틴 스트레칭(8%), 상지 루틴 스트레칭(7%), 등/어깨 뒤쪽 스트레칭(6%), 가슴/어깨 앞쪽 스트레칭(6%), 하지 루틴 스트레칭1(5%), 하지 루틴 스트레칭2(5%), 허리 스트레칭(4%), 자가근막이완술 루틴 스트레칭(3%), 달리기(3%), 목 스트레칭(3%), 걷기(2%), 진자운동(2%), 아래 팔 스트레칭(2%), 실내 자전거타기(2%), 테이블 이용하여 팔 들어 올리기(2%), 배스트레칭(2%), 좌식생활자를 위한 동적 루틴 스트레칭(2%), 옆으로 누워서팔 앞으로 당기기(2%)",국민체력100 운동처방 · 성인 47세,,성인,,
prescription:성인-47-M-본운동,prescription,"성인 47세 남자 1,909명에게 처방된 본운동: 달리기(9%), 앉았다 일어서기(5%), 실내 자전거타기(5%), 계단 올라갔다 내려오기(5%), 턱걸이(4%), 수영(4%), 윗몸올리기(4%), 줄넘기(3%), 버피운동(3%), 엎드려 버티기(3%), 계단 뛰어 오르기(2%), 웨이트 트레이닝  루틴프로그램(2%), 윗몸 말아 올리기(2%), 누워서 배가로근 수축 II(2%), 팔굽혀펴기(2%), 맨몸운동  루틴프로그램(2%), 한발 앞으로 내밀고 앉았다 일어서기(2%), 바벨 끌어당기기(1%), 실외 자전거타기(1%), 걷기(1%), 저항밴드 운동  루틴프로그램(1%), 스텝퍼 오르내리기(1%), 매달려서 다리 들기(1%), 팔벌려뛰기(1%), 앉았다 일어서면서 점프하기(1%), 허리 굽혀 덤벨 들기(1%), 누워서 팔 다리 동시에 들어올리기(1%), 트레드밀에서 걷기(1%), 넙다리 뒤쪽 스트레칭(1%), 옆으로 누워 버티기(1%)",국민체력100 운동처방 · 성인 47세,,성인,,
prescription:성인-47-M-정리운동,prescription,"성인 47세 남자 1,909명에게 처방된 정리운동: 전신 루틴 스트레칭(15%), 상지 루틴 스트레칭(14%), 하지 루틴 스트레칭2(14%), 하지 루틴 스트레칭1(12%), 넙다리 뒤쪽 스트레칭(7%), 넙다리 안쪽 스트레칭(5%), 엉덩이 스트레칭(4%), 넙다리 앞쪽 스트레칭(3%), 허리 스트레칭(3%), 자가근막이완술 루틴 스트레칭(3%)",국민체력100 운동처방 · 성인 47세,,성인,,
prescription:성인-47-M-준비운동,prescription,"성인 47세 남자 1,909명에게 처방된 준비운동: 유산소 운동 전 동적 루틴 스트레칭(13%), 전신 루틴 스트레칭(10%), 등/어깨 뒤쪽 스트레칭(6%), 가슴/어깨 앞쪽 스트레칭(5%), 자가근막이완술 루틴 스트레칭(5%), 달리기(4%), 상지 루틴 스트레칭(3%), 하지 루틴 스트레칭1(3%), 허리 스트레칭(3%), 하지 루틴 스트레칭2(3%), 목 스트레칭(3%), 아래 팔 스트레칭(2%), 실내 자전거타기(2%), 걷기(2%), 작은 공을 이용한 동적 루틴 스트레칭(2%), 배스트레칭(2%), 테이블 이용하여 팔 들어 올리기(2%), 실외 자전거타기(2%), 넙다리 뒤쪽 스트레칭(2%), 트레드밀에서 걷기(2%), 옆으로 누워서팔 앞으로 당기기(2%), 진자운동(2%), 테이블 이용하여 팔 옆으로 벌리기(1%)",국민체력100 운동처방 · 성인 47세,,성인,,
prescription:성인-48-F-본운동,prescription,"성인 48세 여자 1,382명에게 처방된 본운동: 달리기(8%), 엎드려 버티기(5%), 실내 자전거타기(5%), 앉았다 일어서기(4%), 윗몸올리기(3%), 윗몸 말아 올리기(3%), 수영(3%), 누워서 다리 들어올리기(3%), 계단 올라갔다 내려오기(2%), 버피운동(2%), 계단 뛰어 오르기(2%), 줄넘기(2%), 옆으로 누워 버티기(2%), 팔벌려뛰기(2%), 걷기(2%), 누워서 배가로근 수축 II(2%), 한발 앞으로 내밀고 앉았다 일어서기(1%), 트레드밀에서 걷기(1%), 넙다리 뒤쪽 스트레칭(1%), 바벨 끌어당기기(1%), 누워서 엉덩이 들어올리기(1%), 턱걸이(1%), 맨몸운동  루틴프로그램(1%), 누워서 배가로근 수축 I(1%), 스텝퍼 오르내리기(1%), 팔굽혀펴기(1%), 매달려서 다리 들기(1%), 누워서 다리 좌우로 움직이기(1%), 엉덩이 스트레칭(1%), 넙다리 안쪽 스트레칭(1%)",국민체력100 운동처방 · 성인 48세,,성인,,
prescription:성인-48-F-정리운동,prescription,"성인 48세 여자 1,382명에게 처방된 정리운동: 전신 루틴 스트레칭(14%), 상지 루틴 스트레칭(11%), 하지 루틴 스트레칭2(10%), 하지 루틴 스트레칭1(8%), 넙다리 뒤쪽 스트레칭(7%), 엉덩이 스트레칭(5%), 넙다리 안쪽 스트레칭(4%), 허리 스트레칭(4%), 가슴/어깨 앞쪽 스트레칭(4%), 배스트레칭(3%), 자가근막이완술 루틴 스트레칭(3%), 아래 팔 스트레칭(3%), 넙다리 앞쪽 스트레칭(3%), 걷기(3%)",국민체력100 운동처방 · 성인 48세,,성인,,
prescription:성인-48-F-준비운동,prescription,"성인 48세 여자 1,382명에게 처방된 준비운동: 유산소 운동 전 동적 루틴 스트레칭(13%), 전신 루틴 스트레칭(11%), 하지 루틴 스트레칭1(5%), 가슴/어깨 앞쪽 스트레칭(5%), 상지 루틴 스트레칭(5%), 등/어깨 뒤쪽 스트레칭(4%), 하지 루틴 스트레칭2(4%), 달리기(3%), 자가근막이완술 루틴 스트레칭(3%), 허리 스트레칭(3%), 걷기(3%), 실내 자전거타기(3%), 아래 팔 스트레칭(2%), 트레드밀에서 걷기(2%), 목 스트레칭(2%), 진자운동(2%), 옆으로 누워서팔 앞으로 당기기(2%), 옆구리 스트레칭(2%), 배스트레칭(2%), 테이블 이용하여 팔 들어 올리기(2%), 엉덩이 스트레칭(2%), 작은 공을 이용한 동적 루틴 스트레칭(1%)",국민체력100 운동처방 · 성인 48세,,성인,,
prescription:성인-48-M-본운동,prescription,"성인 48세 남자 1,849명에게 처방된 본운동: 달리기(8%), 앉았다 일어서기(5%), 실내 자전거타기(5%), 버피운동(4%), 계단 올라갔다 내려오기(4%), 턱걸이(4%), 수영(3%), 줄넘기(3%), 팔벌려뛰기(3%), 윗몸올리기(3%), 계단 뛰어 오르기(3%), 엎드려 버티기(2%), 윗몸 말아 올리기(2%), 바벨 끌어당기기(2%), 한발 앞으로 내밀고 앉았다 일어서기(2%), 누워서 배가로근 수축 II(2%), 웨이트 트레이닝  루틴프로그램(2%), 트레드밀에서 걷기(1%), 매달려서 다리 들기(1%), 옆으로 누워 버티기(1%), 누워서 다리 들어올리기(1%), 팔굽혀펴기(1%), 맨몸운동  루틴프로그램(1%), 바벨들어올리기(1%), 앉았다 일어서면서 점프하기(1%), 걷기(1%), 실외 자전거타기(1%), 의자에 한 다리 올리고 앉앗다 일어서기(1%), 왕복달리기(1%), 손목 펴기/굽히기(1%)",국민체력100 운동처방 · 성인 48세,,성인,,
prescription:성인-48-M-정리운동,prescription,"성인 48세 남자 1,849명에게 처방된 정리운동: 하지 루틴 스트레칭2(15%), 전신 루틴 스트레칭(14%), 상지 루틴 스트레칭(14%), 하지 루틴 스트레칭1(13%), 넙다리 뒤쪽 스트레칭(6%), 넙다리 안쪽 스트레칭(5%), 엉덩이 스트레칭(5%), 배스트레칭(3%), 넙다리 앞쪽 스트레칭(3%), 달리기(3%)",국민체력100 운동처방 · 성인 48세,,성인,,
prescription:성인-48-M-준비운동,prescription,"성인 48세 남자 1,849명에게 처방된 준비운동: 유산소 운동 전 동적 루틴 스트레칭(16%), 전신 루틴 스트레칭(9%), 자가근막이완술 루틴 스트레칭(6%), 가슴/어깨 앞쪽 스트레칭(5%), 등/어깨 뒤쪽 스트레칭(5%), 달리기(4%), 하지 루틴 스트레칭1(4%), 하지 루틴 스트레칭2(3%), 상지 루틴 스트레칭(3%), 걷기(3%), 배스트레칭(3%), 허리 스트레칭(3%), 실내 자전거타기(2%), 목 스트레칭(2%), 아래 팔 스트레칭(2%), 옆으로 누워서팔 앞으로 당기기(2%), 실외 자전거타기(2%), 작은 공을 이용한 동적 루틴 스트레칭(2%), 테이블 이용하여 팔 들어 올리기(2%), 트레드밀에서 걷기(1%), 진자운동(1%), 빠르게 걷기(1%)",국민체력100 운동처방 · 성인 48세,,성인,,
prescription:성인-49-F-본운동,prescription,"성인 49세 여자 1,561명에게 처방된 본운동: 달리기(7%), 엎드려 버티기(5%), 앉았다 일어서기(4%), 계단 올라갔다 내려오기(4%), 수영(4%), 실내 자전거타기(4%), 윗몸올리기(4%), 누워서 배가로근 수축 II(3%), 윗몸 말아 올리기(3%), 줄넘기(2%), 버피운동(2%), 누워서 다리 들어올리기(2%), 한발 앞으로 내밀고 앉았다 일어서기(2%), 걷기(2%), 트레드밀에서 걷기(2%), 팔벌려뛰기(2%), 계단 뛰어 오르기(1%), 턱걸이(1%), 앉았다 일어서면서 점프하기(1%), 옆으로 누워 버티기(1%), 누워서 수직으로 다리 들어올리기(1%), 누워서 팔 다리 동시에 들어올리기(1%), 팔굽혀펴기(1%), 넙다리 뒤쪽 스트레칭(1%), 매달려서 다리 들기(1%), 실외 자전거타기(1%), 웨이트 트레이닝  루틴프로그램(1%), 네발기기 자세로 팔 다리 들기(1%), 저항밴드 운동  루틴프로그램(1%), 사다리 안팎 뛰기(1%)",국민체력100 운동처방 · 성인 49세,,성인,,
prescription:성인-49-F-정리운동,prescription,"성인 49세 여자 1,561명에게 처방된 정리운동: 전신 루틴 스트레칭(21%), 하지 루틴 스트레칭2(13%), 하지 루틴 스트레칭1(10%), 상지 루틴 스트레칭(9%), 넙다리 뒤쪽 스트레칭(6%), 넙다리 안쪽 스트레칭(5%), 걷기(4%), 넙다리 앞쪽 스트레칭(3%), 엉덩이 스트레칭(3%), 배스트레칭(3%), 자가근막이완술 루틴 스트레칭(3%), 달리기(2%)",국민체력100 운동처방 · 성인 49세,,성인,,
prescription:성인-49-F-준비운동,prescription,"성인 49세 여자 1,561명에게 처방된 준비운동: 유산소 운동 전 동적 루틴 스트레칭(16%), 전신 루틴 스트레칭(10%), 하지 루틴 스트레칭1(6%), 상지 루틴 스트레칭(5%), 자가근막이완술 루틴 스트레칭(5%), 하지 루틴 스트레칭2(4%), 가슴/어깨 앞쪽 스트레칭(4%), 등/어깨 뒤쪽 스트레칭(4%), 목 스트레칭(4%), 아래 팔 스트레칭(4%), 달리기(3%), 진자운동(3%), 테이블 이용하여 팔 들어 올리기(3%), 트레드밀에서 걷기(2%), 옆으로 누워서팔 앞으로 당기기(2%), 걷기(2%), 허리 스트레칭(2%), 실내 자전거타기(2%), 테이블 이용하여 팔 옆으로 벌리기(1%), 넙다리 뒤쪽 스트레칭(1%)",국민체력100 운동처방 · 성인 49세,,성인,,
prescription:성인-49-M-본운동,prescription,"성인 49세 남자 1,780명에게 처방된 본운동: 달리기(8%), 실내 자전거타기(5%), 턱걸이(4%), 앉았다 일어서기(4%), 엎드려 버티기(4%), 계단 올라갔다 내려오기(3%), 줄넘기(3%), 윗몸올리기(3%), 계단 뛰어 오르기(3%), 수영(3%), 버피운동(3%), 바벨 끌어당기기(2%), 윗몸 말아 올리기(2%), 소파를 이용한 윗몸올리기(2%), 누워서 다리 들어올리기(2%), 팔벌려뛰기(2%), 누워서 배가로근 수축 II(2%), 웨이트 트레이닝  루틴프로그램(2%), 한발 앞으로 내밀고 앉았다 일어서기(2%), 매달려서 다리 들기(1%), 넙다리 뒤쪽 스트레칭(1%), 팔굽혀펴기(1%), 트레드밀에서 걷기(1%), 맨몸운동  루틴프로그램(1%), 옆으로 누워 버티기(1%), 앉았다 일어서면서 점프하기(1%), 걷기(1%), 저항밴드 운동  루틴프로그램(1%), 무릎 높여 제자리 달리기(1%), 누워서 엉덩이 들어올리기(1%)",국민체력100 운동처방 · 성인 49세,,성인,,
prescription:성인-49-M-정리운동,prescription,"성인 49세 남자 1,780명에게 처방된 정리운동: 전신 루틴 스트레칭(17%), 하지 루틴 스트레칭2(12%), 상지 루틴 스트레칭(11%), 하지 루틴 스트레칭1(9%), 넙다리 뒤쪽 스트레칭(7%), 넙다리 안쪽 스트레칭(5%), 넙다리 앞쪽 스트레칭(5%), 엉덩이 스트레칭(4%), 자가근막이완술 루틴 스트레칭(3%), 배스트레칭(3%), 허리 스트레칭(3%)",국민체력100 운동처방 · 성인 49세,,성인,,
prescription:성인-49-M-준비운동,prescription,"성인 49세 남자 1,780명에게 처방된 준비운동: 유산소 운동 전 동적 루틴 스트레칭(14%), 전신 루틴 스트레칭(8%), 등/어깨 뒤쪽 스트레칭(5%), 하지 루틴 스트레칭1(5%), 자가근막이완술 루틴 스트레칭(5%), 가슴/어깨 앞쪽 스트레칭(4%), 하지 루틴 스트레칭2(4%), 상지 루틴 스트레칭(4%), 달리기(4%), 실내 자전거타기(3%), 목 스트레칭(3%), 허리 스트레칭(3%), 걷기(3%), 아래 팔 스트레칭(2%), 배스트레칭(2%), 트레드밀에서 걷기(2%), 실외 자전거타기(2%), 넙다리 뒤쪽 스트레칭(2%), 진자운동(2%), 작은 공을 이용한 동적 루틴 스트레칭(1%), 옆으로 누워서팔 앞으로 당기기(1%), 넙다리 앞쪽 스트레칭(1%)",국민체력100 운동처방 · 성인 49세,,성인,,
prescription:성인-50-F-본운동,prescription,"성인 50세 여자 1,726명에게 처방된 본운동: 달리기(7%), 앉았다 일어서기(5%), 엎드려 버티기(5%), 실내 자전거타기(4%), 버피운동(3%), 수영(3%), 윗몸올리기(3%), 계단 올라갔다 내려오기(3%), 팔벌려뛰기(3%), 윗몸 말아 올리기(3%), 누워서 다리 들어올리기(2%), 줄넘기(2%), 걷기(2%), 트레드밀에서 걷기(2%), 누워서 배가로근 수축 II(2%), 한발 앞으로 내밀고 앉았다 일어서기(2%), 팔굽혀펴기(2%), 옆으로 누워 버티기(2%), 턱걸이(2%), 바벨 끌어당기기(2%), 실외 자전거타기(1%), 계단 뛰어 오르기(1%), 앉았다 일어서면서 점프하기(1%), 매달려서 다리 들기(1%), 넙다리 뒤쪽 스트레칭(1%), 맨몸운동  루틴프로그램(1%), 네발기기 자세로 팔 다리 들기(1%), 누워서 엉덩이 들어올리기(1%), 소파를 이용한 윗몸올리기(1%), 무릎 높여 제자리 달리기(1%)",국민체력100 운동처방 · 성인 50세,,성인,,
prescription:성인-50-F-정리운동,prescription,"성인 50세 여자 1,726명에게 처방된 정리운동: 전신 루틴 스트레칭(17%), 하지 루틴 스트레칭2(11%), 넙다리 뒤쪽 스트레칭(9%), 하지 루틴 스트레칭1(8%), 상지 루틴 스트레칭(7%), 넙다리 안쪽 스트레칭(6%), 엉덩이 스트레칭(6%), 넙다리 앞쪽 스트레칭(5%), 자가근막이완술 루틴 스트레칭(4%), 허리 스트레칭(4%), 배스트레칭(3%), 걷기(2%)",국민체력100 운동처방 · 성인 50세,,성인,,
prescription:성인-50-F-준비운동,prescription,"성인 50세 여자 1,726명에게 처방된 준비운동: 유산소 운동 전 동적 루틴 스트레칭(14%), 전신 루틴 스트레칭(9%), 등/어깨 뒤쪽 스트레칭(5%), 하지 루틴 스트레칭1(5%), 가슴/어깨 앞쪽 스트레칭(5%), 하지 루틴 스트레칭2(4%), 상지 루틴 스트레칭(4%), 허리 스트레칭(4%), 자가근막이완술 루틴 스트레칭(3%), 달리기(3%), 목 스트레칭(2%), 배스트레칭(2%), 걷기(2%), 진자운동(2%), 옆으로 누워서팔 앞으로 당기기(2%), 아래 팔 스트레칭(2%), 실내 자전거타기(2%), 넙다리 안쪽 스트레칭(2%), 넙다리 뒤쪽 스트레칭(2%), 테이블 이용하여 팔 들어 올리기(2%), 좌식생활자를 위한 동적 루틴 스트레칭(1%), 트레드밀에서 걷기(1%), 테이블 이용하여 팔 옆으로 벌리기(1%), 옆구리 스트레칭(1%)",국민체력100 운동처방 · 성인 50세,,성인,,
prescription:성인-50-M-본운동,prescription,"성인 50세 남자 1,871명에게 처방된 본운동: 달리기(8%), 실내 자전거타기(5%), 버피운동(4%), 앉았다 일어서기(4%), 턱걸이(4%), 계단 뛰어 오르기(3%), 계단 올라갔다 내려오기(3%), 수영(3%), 줄넘기(3%), 엎드려 버티기(3%), 누워서 배가로근 수축 II(2%), 윗몸올리기(2%), 한발 앞으로 내밀고 앉았다 일어서기(2%), 팔벌려뛰기(2%), 팔굽혀펴기(2%), 윗몸 말아 올리기(2%), 바벨 끌어당기기(2%), 앉았다 일어서면서 점프하기(1%), 누워서 다리 들어올리기(1%), 넙다리 뒤쪽 스트레칭(1%), 실외 자전거타기(1%), 무릎 높여 제자리 달리기(1%), 점프 팔굽혀펴기(1%), 트레드밀에서 걷기(1%), 웨이트 트레이닝  루틴프로그램(1%), 매달려서 다리 들기(1%), 걷기(1%), 옆으로 누워 버티기(1%), 맨몸운동  루틴프로그램(1%), 누워서 엉덩이 들어올리기(1%)",국민체력100 운동처방 · 성인 50세,,성인,,
prescription:성인-50-M-정리운동,prescription,"성인 50세 남자 1,871명에게 처방된 정리운동: 전신 루틴 스트레칭(21%), 하지 루틴 스트레칭2(15%), 상지 루틴 스트레칭(12%), 하지 루틴 스트레칭1(10%), 넙다리 뒤쪽 스트레칭(6%), 넙다리 안쪽 스트레칭(6%), 허리 스트레칭(3%), 넙다리 앞쪽 스트레칭(3%), 배스트레칭(3%), 엉덩이 스트레칭(3%)",국민체력100 운동처방 · 성인 50세,,성인,,
prescription:성인-50-M-준비운동,prescription,"성인 50세 남자 1,871명에게 처방된 준비운동: 유산소 운동 전 동적 루틴 스트레칭(15%), 전신 루틴 스트레칭(7%), 등/어깨 뒤쪽 스트레칭(6%), 가슴/어깨 앞쪽 스트레칭(5%), 자가근막이완술 루틴 스트레칭(5%), 하지 루틴 스트레칭2(4%), 아래 팔 스트레칭(4%), 하지 루틴 스트레칭1(4%), 목 스트레칭(4%), 달리기(4%), 상지 루틴 스트레칭(3%), 허리 스트레칭(3%), 배스트레칭(2%), 실외 자전거타기(2%), 걷기(2%), 옆으로 누워서팔 앞으로 당기기(2%), 트레드밀에서 걷기(2%), 실내 자전거타기(2%), 테이블 이용하여 팔 들어 올리기(1%), 테이블 이용하여 팔 옆으로 벌리기(1%), 넙다리 뒤쪽 스트레칭(1%)",국민체력100 운동처방 · 성인 50세,,성인,,
prescription:성인-51-F-본운동,prescription,"성인 51세 여자 1,928명에게 처방된 본운동: 달리기(6%), 앉았다 일어서기(4%), 엎드려 버티기(4%), 실내 자전거타기(4%), 수영(3%), 계단 올라갔다 내려오기(3%), 팔벌려뛰기(3%), 윗몸 말아 올리기(3%), 버피운동(2%), 한발 앞으로 내밀고 앉았다 일어서기(2%), 윗몸올리기(2%), 누워서 배가로근 수축 II(2%), 줄넘기(2%), 넙다리 뒤쪽 스트레칭(2%), 누워서 다리 들어올리기(2%), 옆으로 누워 버티기(2%), 누워서 엉덩이 들어올리기(2%), 계단 뛰어 오르기(1%), 턱걸이(1%), 팔꿈치 굽히기(1%), 트레드밀에서 걷기(1%), 매달려서 다리 들기(1%), 하지 루틴 스트레칭2(1%), 맨몸운동  루틴프로그램(1%), 누워서 하늘 자전거(1%), 실외 자전거타기(1%), 넙다리 안쪽 스트레칭(1%), 소파를 이용한 윗몸올리기(1%), 무릎 높여 제자리 달리기(1%), 걷기(1%)",국민체력100 운동처방 · 성인 51세,,성인,,
prescription:성인-51-F-정리운동,prescription,"성인 51세 여자 1,928명에게 처방된 정리운동: 전신 루틴 스트레칭(17%), 상지 루틴 스트레칭(12%), 하지 루틴 스트레칭2(12%), 하지 루틴 스트레칭1(9%), 넙다리 뒤쪽 스트레칭(6%), 넙다리 앞쪽 스트레칭(5%), 넙다리 안쪽 스트레칭(5%), 엉덩이 스트레칭(4%), 달리기(4%), 줄넘기(3%), 걷기(2%), 허리 스트레칭(2%)",국민체력100 운동처방 · 성인 51세,,성인,,
prescription:성인-51-F-준비운동,prescription,"성인 51세 여자 1,928명에게 처방된 준비운동: 유산소 운동 전 동적 루틴 스트레칭(15%), 전신 루틴 스트레칭(9%), 자가근막이완술 루틴 스트레칭(5%), 하지 루틴 스트레칭1(5%), 상지 루틴 스트레칭(5%), 걷기(4%), 하지 루틴 스트레칭2(3%), 등/어깨 뒤쪽 스트레칭(3%), 가슴/어깨 앞쪽 스트레칭(3%), 달리기(3%), 허리 스트레칭(3%), 진자운동(3%), 작은 공을 이용한 동적 루틴 스트레칭(2%), 옆으로 누워서팔 앞으로 당기기(2%), 목 스트레칭(2%), 실내 자전거타기(2%), 넙다리 뒤쪽 스트레칭(2%), 트레드밀에서 걷기(2%), 아래 팔 스트레칭(2%), 테이블 이용하여 팔 들어 올리기(1%), 넙다리 앞쪽 스트레칭(1%), 넙다리 안쪽 스트레칭(1%), 좌식생활자를 위한 동적 루틴 스트레칭(1%), 배스트레칭(1%)",국민체력100 운동처방 · 성인 51세,,성인,,
prescription:성인-51-M-본운동,prescription,"성인 51세 남자 1,878명에게 처방된 본운동: 달리기(8%), 앉았다 일어서기(6%), 계단 올라갔다 내려오기(5%), 턱걸이(5%), 실내 자전거타기(4%), 버피운동(4%), 수영(3%), 엎드려 버티기(3%), 계단 뛰어 오르기(3%), 윗몸 말아 올리기(3%), 웨이트 트레이닝  루틴프로그램(3%), 누워서 배가로근 수축 II(2%), 줄넘기(2%), 한발 앞으로 내밀고 앉았다 일어서기(2%), 팔굽혀펴기(2%), 윗몸올리기(2%), 팔벌려뛰기(2%), 실외 자전거타기(2%), 트레드밀에서 걷기(2%), 넙다리 뒤쪽 스트레칭(1%), 맨몸운동  루틴프로그램(1%), 누워서 다리 들어올리기(1%), 바벨 끌어당기기(1%), 저항밴드 운동  루틴프로그램(1%), 옆으로 누워 버티기(1%), 걷기(1%), 앉았다 일어서면서 점프하기(1%), 매달려서 다리 들기(1%), 넙다리 안쪽 스트레칭(1%), 박스 운동  루틴프로그램(1%)",국민체력100 운동처방 · 성인 51세,,성인,,
prescription:성인-51-M-정리운동,prescription,"성인 51세 남자 1,878명에게 처방된 정리운동: 전신 루틴 스트레칭(19%), 하지 루틴 스트레칭2(16%), 상지 루틴 스트레칭(16%), 하지 루틴 스트레칭1(13%), 넙다리 뒤쪽 스트레칭(4%), 넙다리 안쪽 스트레칭(4%), 엉덩이 스트레칭(4%), 자가근막이완술 루틴 스트레칭(3%), 넙다리 앞쪽 스트레칭(2%)",국민체력100 운동처방 · 성인 51세,,성인,,
prescription:성인-51-M-준비운동,prescription,"성인 51세 남자 1,878명에게 처방된 준비운동: 유산소 운동 전 동적 루틴 스트레칭(15%), 전신 루틴 스트레칭(13%), 자가근막이완술 루틴 스트레칭(6%), 하지 루틴 스트레칭1(5%), 상지 루틴 스트레칭(5%), 등/어깨 뒤쪽 스트레칭(3%), 달리기(3%), 하지 루틴 스트레칭2(3%), 가슴/어깨 앞쪽 스트레칭(3%), 걷기(2%), 실내 자전거타기(2%), 허리 스트레칭(2%), 실외 자전거타기(2%), 옆으로 누워서팔 앞으로 당기기(2%), 작은 공을 이용한 동적 루틴 스트레칭(2%), 진자운동(2%), 넙다리 뒤쪽 스트레칭(2%), 트레드밀에서 걷기(2%), 배스트레칭(2%), 테이블 이용하여 팔 들어 올리기(2%), 아래 팔 스트레칭(2%), 넙다리 안쪽 스트레칭(2%)",국민체력100 운동처방 · 성인 51세,,성인,,
prescription:성인-52-F-본운동,prescription,"성인 52세 여자 1,824명에게 처방된 본운동: 달리기(7%), 앉았다 일어서기(5%), 엎드려 버티기(5%), 실내 자전거타기(4%), 버피운동(4%), 윗몸 말아 올리기(3%), 윗몸올리기(3%), 계단 올라갔다 내려오기(3%), 한발 앞으로 내밀고 앉았다 일어서기(2%), 수영(2%), 팔벌려뛰기(2%), 누워서 다리 들어올리기(2%), 트레드밀에서 걷기(2%), 누워서 엉덩이 들어올리기(2%), 걷기(2%), 맨몸운동  루틴프로그램(2%), 줄넘기(2%), 계단 뛰어 오르기(1%), 누워서 배가로근 수축 II(1%), 팔굽혀펴기(1%), 무릎 높여 제자리 달리기(1%), 넙다리 뒤쪽 스트레칭(1%), 덤벨 옆으로 들어올리기(1%), 옆으로 누워 버티기(1%), 턱걸이(1%), 엉덩이 스트레칭(1%), 넙다리 안쪽 스트레칭(1%), 저항밴드 운동  루틴프로그램(1%), 웨이트 트레이닝  루틴프로그램(1%), 바벨 끌어당기기(1%)",국민체력100 운동처방 · 성인 52세,,성인,,
prescription:성인-52-F-정리운동,prescription,"성인 52세 여자 1,824명에게 처방된 정리운동: 전신 루틴 스트레칭(16%), 하지 루틴 스트레칭1(12%), 하지 루틴 스트레칭2(12%), 상지 루틴 스트레칭(9%), 넙다리 뒤쪽 스트레칭(6%), 넙다리 안쪽 스트레칭(6%), 자가근막이완술 루틴 스트레칭(4%), 엉덩이 스트레칭(4%), 배스트레칭(3%), 넙다리 앞쪽 스트레칭(3%), 허리 스트레칭(3%), 걷기(2%), 옆구리 스트레칭(2%)",국민체력100 운동처방 · 성인 52세,,성인,,
prescription:성인-52-F-준비운동,prescription,"성인 52세 여자 1,824명에게 처방된 준비운동: 유산소 운동 전 동적 루틴 스트레칭(14%), 전신 루틴 스트레칭(13%), 하지 루틴 스트레칭1(5%), 하지 루틴 스트레칭2(5%), 상지 루틴 스트레칭(4%), 등/어깨 뒤쪽 스트레칭(4%), 가슴/어깨 앞쪽 스트레칭(3%), 자가근막이완술 루틴 스트레칭(3%), 목 스트레칭(3%), 진자운동(2%), 걷기(2%), 허리 스트레칭(2%), 달리기(2%), 테이블 이용하여 팔 들어 올리기(2%), 아래 팔 스트레칭(2%), 트레드밀에서 걷기(2%), 옆으로 누워서팔 앞으로 당기기(2%), 넙다리 뒤쪽 스트레칭(2%), 실내 자전거타기(1%), 배스트레칭(1%), 엉덩이 스트레칭(1%), 옆구리늘리기(1%), 테이블 이용하여 팔 옆으로 벌리기(1%), 동적 스트레칭 루틴프로그램(1%), 좌식생활자를 위한 동적 루틴 스트레칭(1%)",국민체력100 운동처방 · 성인 52세,,성인,,
prescription:성인-52-M-본운동,prescription,"성인 52세 남자 1,983명에게 처방된 본운동: 달리기(8%), 실내 자전거타기(6%), 앉았다 일어서기(5%), 턱걸이(4%), 계단 올라갔다 내려오기(4%), 수영(4%), 버피운동(3%), 엎드려 버티기(3%), 줄넘기(3%), 계단 뛰어 오르기(3%), 윗몸올리기(2%), 트레드밀에서 걷기(2%), 누워서 배가로근 수축 II(2%), 한발 앞으로 내밀고 앉았다 일어서기(2%), 웨이트 트레이닝  루틴프로그램(2%), 윗몸 말아 올리기(2%), 팔벌려뛰기(2%), 맨몸운동  루틴프로그램(1%), 넙다리 뒤쪽 스트레칭(1%), 실외 자전거타기(1%), 걷기(1%), 매달려서 다리 들기(1%), 바벨 끌어당기기(1%), 옆으로 누워 버티기(1%), 팔굽혀펴기(1%), 엉덩이 스트레칭(1%), 앉았다 일어서면서 점프하기(1%), 허리 굽혀 덤벨 들기(1%), 누워서 다리 들어올리기(1%), 누워서 팔 다리 동시에 들어올리기(1%)",국민체력100 운동처방 · 성인 52세,,성인,,
prescription:성인-52-M-정리운동,prescription,"성인 52세 남자 1,983명에게 처방된 정리운동: 전신 루틴 스트레칭(17%), 하지 루틴 스트레칭2(15%), 상지 루틴 스트레칭(15%), 하지 루틴 스트레칭1(10%), 넙다리 뒤쪽 스트레칭(6%), 넙다리 안쪽 스트레칭(6%), 넙다리 앞쪽 스트레칭(4%), 엉덩이 스트레칭(3%), 자가근막이완술 루틴 스트레칭(3%), 허리 스트레칭(3%)",국민체력100 운동처방 · 성인 52세,,성인,,
prescription:성인-52-M-준비운동,prescription,"성인 52세 남자 1,983명에게 처방된 준비운동: 유산소 운동 전 동적 루틴 스트레칭(13%), 전신 루틴 스트레칭(8%), 자가근막이완술 루틴 스트레칭(6%), 하지 루틴 스트레칭1(6%), 가슴/어깨 앞쪽 스트레칭(5%), 등/어깨 뒤쪽 스트레칭(5%), 달리기(4%), 상지 루틴 스트레칭(4%), 하지 루틴 스트레칭2(3%), 아래 팔 스트레칭(3%), 허리 스트레칭(2%), 넙다리 뒤쪽 스트레칭(2%), 목 스트레칭(2%), 배스트레칭(2%), 옆으로 누워서팔 앞으로 당기기(2%), 실외 자전거타기(2%), 작은 공을 이용한 동적 루틴 스트레칭(2%), 테이블 이용하여 팔 들어 올리기(2%), 걷기(2%), 실내 자전거타기(2%), 넙다리 앞쪽 스트레칭(2%), 진자운동(2%), 트레드밀에서 걷기(1%)",국민체력100 운동처방 · 성인 52세,,성인,,
prescription:성인-53-F-본운동,prescription,"성인 53세 여자 2,041명에게 처방된 본운동: 달리기(6%), 앉았다 일어서기(5%), 실내 자전거타기(4%), 수영(3%), 엎드려 버티기(3%), 계단 올라갔다 내려오기(3%), 윗몸올리기(3%), 윗몸 말아 올리기(3%), 팔벌려뛰기(2%), 버피운동(2%), 누워서 다리 들어올리기(2%), 한발 앞으로 내밀고 앉았다 일어서기(2%), 줄넘기(2%), 걷기(2%), 맨몸운동  루틴프로그램(2%), 누워서 배가로근 수축 II(2%), 누워서 엉덩이 들어올리기(2%), 트레드밀에서 걷기(1%), 바벨 끌어당기기(1%), 계단 뛰어 오르기(1%), 넙다리 뒤쪽 스트레칭(1%), 무릎 높여 제자리 달리기(1%), 실외 자전거타기(1%), 턱걸이(1%), 팔굽혀펴기(1%), 저항밴드 운동  루틴프로그램(1%), 누워서 하늘 자전거(1%), 웨이트 트레이닝  루틴프로그램(1%), 팔꿈치 굽히기(1%), 넙다리 안쪽 스트레칭(1%)",국민체력100 운동처방 · 성인 53세,,성인,,
prescription:성인-53-F-정리운동,prescription,"성인 53세 여자 2,041명에게 처방된 정리운동: 전신 루틴 스트레칭(16%), 하지 루틴 스트레칭1(11%), 하지 루틴 스트레칭2(10%), 상지 루틴 스트레칭(10%), 넙다리 뒤쪽 스트레칭(7%), 엉덩이 스트레칭(6%), 넙다리 안쪽 스트레칭(5%), 넙다리 앞쪽 스트레칭(4%), 배스트레칭(4%), 달리기(3%), 허리 스트레칭(2%), 자가근막이완술 루틴 스트레칭(2%), 계단 올라갔다 내려오기(2%)",국민체력100 운동처방 · 성인 53세,,성인,,
prescription:성인-53-F-준비운동,prescription,"성인 53세 여자 2,041명에게 처방된 준비운동: 유산소 운동 전 동적 루틴 스트레칭(12%), 전신 루틴 스트레칭(11%), 하지 루틴 스트레칭1(5%), 상지 루틴 스트레칭(4%), 가슴/어깨 앞쪽 스트레칭(4%), 등/어깨 뒤쪽 스트레칭(4%), 자가근막이완술 루틴 스트레칭(4%), 하지 루틴 스트레칭2(3%), 허리 스트레칭(3%), 걷기(3%), 달리기(2%), 아래 팔 스트레칭(2%), 실내 자전거타기(2%), 목 스트레칭(2%), 진자운동(2%), 옆으로 누워서팔 앞으로 당기기(2%), 넙다리 뒤쪽 스트레칭(2%), 테이블 이용하여 팔 들어 올리기(2%), 작은 공을 이용한 동적 루틴 스트레칭(2%), 배스트레칭(2%), 트레드밀에서 걷기(2%), 옆구리 스트레칭(1%), 동적 스트레칭 루틴프로그램(1%), 빠르게 걷기(1%)",국민체력100 운동처방 · 성인 53세,,성인,,
prescription:성인-53-M-본운동,prescription,"성인 53세 남자 1,937명에게 처방된 본운동: 달리기(8%), 실내 자전거타기(5%), 계단 올라갔다 내려오기(4%), 앉았다 일어서기(4%), 수영(3%), 엎드려 버티기(3%), 턱걸이(3%), 줄넘기(3%), 윗몸올리기(3%), 버피운동(3%), 누워서 배가로근 수축 II(2%), 계단 뛰어 오르기(2%), 웨이트 트레이닝  루틴프로그램(2%), 윗몸 말아 올리기(2%), 앉았다 일어서면서 점프하기(2%), 트레드밀에서 걷기(2%), 팔벌려뛰기(2%), 한발 앞으로 내밀고 앉았다 일어서기(2%), 누워서 다리 들어올리기(2%), 걷기(2%), 맨몸운동  루틴프로그램(1%), 팔굽혀펴기(1%), 실외 자전거타기(1%), 넙다리 뒤쪽 스트레칭(1%), 저항밴드 운동  루틴프로그램(1%), 무릎 높여 제자리 달리기(1%), 소파를 이용한 윗몸올리기(1%), 매달려서 다리 들기(1%), 넙다리 안쪽 스트레칭(1%), 옆으로 누워 버티기(1%)",국민체력100 운동처방 · 성인 53세,,성인,,
prescription:성인-53-M-정리운동,prescription,"성인 53세 남자 1,937명에게 처방된 정리운동: 전신 루틴 스트레칭(13%), 하지 루틴 스트레칭2(11%), 상지 루틴 스트레칭(10%), 하지 루틴 스트레칭1(8%), 넙다리 뒤쪽 스트레칭(8%), 넙다리 안쪽 스트레칭(6%), 배스트레칭(5%), 허리 스트레칭(5%), 엉덩이 스트레칭(4%), 넙다리 앞쪽 스트레칭(4%), 옆구리 스트레칭(2%), 달리기(2%), 걷기(2%)",국민체력100 운동처방 · 성인 53세,,성인,,
prescription:성인-53-M-준비운동,prescription,"성인 53세 남자 1,937명에게 처방된 준비운동: 유산소 운동 전 동적 루틴 스트레칭(12%), 전신 루틴 스트레칭(10%), 등/어깨 뒤쪽 스트레칭(6%), 하지 루틴 스트레칭1(6%), 가슴/어깨 앞쪽 스트레칭(5%), 자가근막이완술 루틴 스트레칭(5%), 하지 루틴 스트레칭2(5%), 상지 루틴 스트레칭(5%), 달리기(4%), 목 스트레칭(3%), 허리 스트레칭(3%), 아래 팔 스트레칭(3%), 옆으로 누워서팔 앞으로 당기기(2%), 걷기(2%), 진자운동(2%), 배스트레칭(2%), 실내 자전거타기(2%), 넙다리 뒤쪽 스트레칭(1%), 줄넘기(1%), 실외 자전거타기(1%), 테이블 이용하여 팔 들어 올리기(1%)",국민체력100 운동처방 · 성인 53세,,성인,,
prescription:성인-54-F-본운동,prescription,"성인 54세 여자 2,288명에게 처방된 본운동: 달리기(6%), 엎드려 버티기(5%), 앉았다 일어서기(5%), 실내 자전거타기(5%), 계단 올라갔다 내려오기(4%), 윗몸 말아 올리기(3%), 수영(3%), 윗몸올리기(3%), 버피운동(3%), 한발 앞으로 내밀고 앉았다 일어서기(2%), 트레드밀에서 걷기(2%), 걷기(2%), 팔벌려뛰기(2%), 줄넘기(2%), 누워서 다리 들어올리기(2%), 누워서 배가로근 수축 II(2%), 턱걸이(2%), 누워서 엉덩이 들어올리기(1%), 저항밴드 운동  루틴프로그램(1%), 앉았다 일어서면서 점프하기(1%), 누워서 배가로근 수축 I(1%), 옆으로 누워 버티기(1%), 실외 자전거타기(1%), 계단 뛰어 오르기(1%), 바벨 끌어당기기(1%), 누워서 하늘 자전거(1%), 소파를 이용한 윗몸올리기(1%), 맨몸운동  루틴프로그램(1%), 팔굽혀펴기(1%), 웨이트 트레이닝  루틴프로그램(1%)",국민체력100 운동처방 · 성인 54세,,성인,,
prescription:성인-54-F-정리운동,prescription,"성인 54세 여자 2,288명에게 처방된 정리운동: 전신 루틴 스트레칭(19%), 하지 루틴 스트레칭2(12%), 하지 루틴 스트레칭1(8%), 상지 루틴 스트레칭(8%), 넙다리 뒤쪽 스트레칭(6%), 엉덩이 스트레칭(5%), 넙다리 안쪽 스트레칭(5%), 넙다리 앞쪽 스트레칭(4%), 허리 스트레칭(3%), 배스트레칭(3%), 자가근막이완술 루틴 스트레칭(3%), 걷기(3%), 달리기(2%)",국민체력100 운동처방 · 성인 54세,,성인,,
prescription:성인-54-F-준비운동,prescription,"성인 54세 여자 2,288명에게 처방된 준비운동: 유산소 운동 전 동적 루틴 스트레칭(12%), 전신 루틴 스트레칭(10%), 하지 루틴 스트레칭1(7%), 상지 루틴 스트레칭(6%), 등/어깨 뒤쪽 스트레칭(6%), 가슴/어깨 앞쪽 스트레칭(5%), 아래 팔 스트레칭(4%), 목 스트레칭(3%), 허리 스트레칭(3%), 진자운동(3%), 하지 루틴 스트레칭2(3%), 달리기(3%), 자가근막이완술 루틴 스트레칭(3%), 테이블 이용하여 팔 들어 올리기(2%), 트레드밀에서 걷기(2%), 실내 자전거타기(2%), 걷기(2%), 옆으로 누워서팔 앞으로 당기기(2%), 배스트레칭(2%), 테이블 이용하여 팔 옆으로 벌리기(1%), 동적 스트레칭 루틴프로그램(1%)",국민체력100 운동처방 · 성인 54세,,성인,,
prescription:성인-54-M-본운동,prescription,"성인 54세 남자 1,904명에게 처방된 본운동: 달리기(8%), 앉았다 일어서기(5%), 계단 올라갔다 내려오기(4%), 턱걸이(4%), 실내 자전거타기(4%), 윗몸올리기(4%), 팔굽혀펴기(3%), 버피운동(3%), 팔벌려뛰기(3%), 웨이트 트레이닝  루틴프로그램(3%), 한발 앞으로 내밀고 앉았다 일어서기(3%), 누워서 배가로근 수축 II(3%), 엎드려 버티기(3%), 계단 뛰어 오르기(2%), 줄넘기(2%), 수영(2%), 윗몸 말아 올리기(2%), 바벨 끌어당기기(1%), 누워서 다리 들어올리기(1%), 넙다리 뒤쪽 스트레칭(1%), 실외 자전거타기(1%), 트레드밀에서 걷기(1%), 앉았다 일어서면서 점프하기(1%), 매달려서 다리 들기(1%), 걷기(1%), 하지 루틴 스트레칭2(1%), 맨몸운동  루틴프로그램(1%), 손목 펴기/굽히기(1%), 무릎 높여 제자리 달리기(1%), 왕복달리기(1%)",국민체력100 운동처방 · 성인 54세,,성인,,
prescription:성인-54-M-정리운동,prescription,"성인 54세 남자 1,904명에게 처방된 정리운동: 하지 루틴 스트레칭2(15%), 전신 루틴 스트레칭(14%), 상지 루틴 스트레칭(14%), 하지 루틴 스트레칭1(11%), 넙다리 뒤쪽 스트레칭(5%), 허리 스트레칭(4%), 배스트레칭(4%), 넙다리 안쪽 스트레칭(4%), 엉덩이 스트레칭(3%), 달리기(3%), 걷기(3%), 자가근막이완술 루틴 스트레칭(2%)",국민체력100 운동처방 · 성인 54세,,성인,,
prescription:성인-54-M-준비운동,prescription,"성인 54세 남자 1,904명에게 처방된 준비운동: 유산소 운동 전 동적 루틴 스트레칭(14%), 전신 루틴 스트레칭(13%), 자가근막이완술 루틴 스트레칭(5%), 하지 루틴 스트레칭1(5%), 등/어깨 뒤쪽 스트레칭(5%), 가슴/어깨 앞쪽 스트레칭(5%), 하지 루틴 스트레칭2(4%), 상지 루틴 스트레칭(4%), 달리기(3%), 아래 팔 스트레칭(3%), 목 스트레칭(3%), 걷기(2%), 트레드밀에서 걷기(2%), 옆으로 누워서팔 앞으로 당기기(2%), 테이블 이용하여 팔 들어 올리기(2%), 허리 스트레칭(2%), 실내 자전거타기(2%), 좌식생활자를 위한 동적 루틴 스트레칭(1%), 진자운동(1%), 작은 공을 이용한 동적 루틴 스트레칭(1%), 실외 자전거타기(1%), 테이블 이용하여 팔 옆으로 벌리기(1%)",국민체력100 운동처방 · 성인 54세,,성인,,
prescription:성인-55-F-본운동,prescription,"성인 55세 여자 2,357명에게 처방된 본운동: 달리기(7%), 실내 자전거타기(4%), 엎드려 버티기(4%), 앉았다 일어서기(4%), 윗몸올리기(3%), 계단 올라갔다 내려오기(3%), 수영(2%), 버피운동(2%), 트레드밀에서 걷기(2%), 팔벌려뛰기(2%), 누워서 배가로근 수축 II(2%), 윗몸 말아 올리기(2%), 걷기(2%), 한발 앞으로 내밀고 앉았다 일어서기(2%), 넙다리 뒤쪽 스트레칭(2%), 누워서 다리 들어올리기(2%), 줄넘기(1%), 누워서 엉덩이 들어올리기(1%), 맨몸운동  루틴프로그램(1%), 계단 뛰어 오르기(1%), 턱걸이(1%), 서서 뒤꿈치 들기(1%), 저항밴드 운동  루틴프로그램(1%), 덤벨 옆으로 들어올리기(1%), 옆으로 누워 버티기(1%), 팔굽혀펴기(1%), 손목 펴기/굽히기(1%), 엎드려서 다리 차올리기(1%), 하지 루틴 스트레칭2(1%), 바벨 끌어당기기(1%)",국민체력100 운동처방 · 성인 55세,,성인,,
prescription:성인-55-F-정리운동,prescription,"성인 55세 여자 2,357명에게 처방된 정리운동: 전신 루틴 스트레칭(19%), 하지 루틴 스트레칭2(11%), 상지 루틴 스트레칭(9%), 넙다리 뒤쪽 스트레칭(7%), 하지 루틴 스트레칭1(6%), 엉덩이 스트레칭(6%), 넙다리 안쪽 스트레칭(5%), 배스트레칭(5%), 허리 스트레칭(4%), 넙다리 앞쪽 스트레칭(4%), 자가근막이완술 루틴 스트레칭(3%), 옆구리 스트레칭(2%)",국민체력100 운동처방 · 성인 55세,,성인,,
prescription:성인-55-F-준비운동,prescription,"성인 55세 여자 2,357명에게 처방된 준비운동: 유산소 운동 전 동적 루틴 스트레칭(15%), 전신 루틴 스트레칭(11%), 하지 루틴 스트레칭1(6%), 상지 루틴 스트레칭(5%), 가슴/어깨 앞쪽 스트레칭(4%), 하지 루틴 스트레칭2(4%), 등/어깨 뒤쪽 스트레칭(4%), 허리 스트레칭(3%), 걷기(3%), 진자운동(3%), 자가근막이완술 루틴 스트레칭(3%), 목 스트레칭(2%), 아래 팔 스트레칭(2%), 배스트레칭(2%), 옆으로 누워서팔 앞으로 당기기(2%), 달리기(2%), 넙다리 뒤쪽 스트레칭(2%), 실내 자전거타기(2%), 엉덩이 스트레칭(2%), 트레드밀에서 걷기(2%), 테이블 이용하여 팔 들어 올리기(1%), 옆구리 스트레칭(1%), 빠르게 걷기(1%)",국민체력100 운동처방 · 성인 55세,,성인,,
prescription:성인-55-M-본운동,prescription,"성인 55세 남자 1,930명에게 처방된 본운동: 달리기(9%), 실내 자전거타기(4%), 턱걸이(4%), 계단 올라갔다 내려오기(4%), 앉았다 일어서기(4%), 수영(3%), 버피운동(2%), 계단 뛰어 오르기(2%), 줄넘기(2%), 윗몸올리기(2%), 윗몸 말아 올리기(2%), 걷기(2%), 엎드려 버티기(2%), 바벨 끌어당기기(2%), 한발 앞으로 내밀고 앉았다 일어서기(2%), 누워서 배가로근 수축 II(2%), 웨이트 트레이닝  루틴프로그램(2%), 의자에 한 다리 올리고 앉앗다 일어서기(1%), 팔굽혀펴기(1%), 누워서 다리 들어올리기(1%), 앉아서 엉덩관절 굽히기(1%), 팔벌려뛰기(1%), 맨몸운동  루틴프로그램(1%), 트레드밀에서 걷기(1%), 넙다리 뒤쪽 스트레칭(1%), 옆으로 누워 버티기(1%), 허리 굽혀 덤벨 들기(1%), 실외 자전거타기(1%), 매달려서 다리 들기(1%), 무릎 높여 제자리 달리기(1%)",국민체력100 운동처방 · 성인 55세,,성인,,
prescription:성인-55-M-정리운동,prescription,"성인 55세 남자 1,930명에게 처방된 정리운동: 전신 루틴 스트레칭(15%), 하지 루틴 스트레칭1(12%), 하지 루틴 스트레칭2(11%), 상지 루틴 스트레칭(11%), 넙다리 안쪽 스트레칭(7%), 넙다리 뒤쪽 스트레칭(7%), 넙다리 앞쪽 스트레칭(4%), 엉덩이 스트레칭(3%), 허리 스트레칭(3%), 배스트레칭(3%), 달리기(3%), 자가근막이완술 루틴 스트레칭(2%), 정적 스트레칭  루틴프로그램(2%)",국민체력100 운동처방 · 성인 55세,,성인,,
prescription:성인-55-M-준비운동,prescription,"성인 55세 남자 1,930명에게 처방된 준비운동: 유산소 운동 전 동적 루틴 스트레칭(12%), 전신 루틴 스트레칭(10%), 등/어깨 뒤쪽 스트레칭(7%), 가슴/어깨 앞쪽 스트레칭(5%), 자가근막이완술 루틴 스트레칭(5%), 하지 루틴 스트레칭1(5%), 하지 루틴 스트레칭2(4%), 상지 루틴 스트레칭(4%), 달리기(3%), 목 스트레칭(3%), 아래 팔 스트레칭(3%), 걷기(3%), 허리 스트레칭(2%), 넙다리 뒤쪽 스트레칭(2%), 옆으로 누워서팔 앞으로 당기기(2%), 실내 자전거타기(2%), 테이블 이용하여 팔 들어 올리기(2%), 배스트레칭(2%), 트레드밀에서 걷기(2%), 진자운동(2%), 작은 공을 이용한 동적 루틴 스트레칭(1%), 좌식생활자를 위한 동적 루틴 스트레칭(1%)",국민체력100 운동처방 · 성인 55세,,성인,,
prescription:성인-56-F-본운동,prescription,"성인 56세 여자 2,263명에게 처방된 본운동: 달리기(6%), 엎드려 버티기(5%), 앉았다 일어서기(5%), 실내 자전거타기(3%), 계단 올라갔다 내려오기(3%), 수영(3%), 윗몸 말아 올리기(3%), 윗몸올리기(2%), 누워서 배가로근 수축 II(2%), 걷기(2%), 팔벌려뛰기(2%), 트레드밀에서 걷기(2%), 버피운동(2%), 누워서 다리 들어올리기(2%), 턱걸이(2%), 옆으로 누워 버티기(2%), 한발 앞으로 내밀고 앉았다 일어서기(2%), 누워서 엉덩이 들어올리기(2%), 계단 뛰어 오르기(1%), 줄넘기(1%), 바벨 끌어당기기(1%), 실외 자전거타기(1%), 앉았다 일어서면서 점프하기(1%), 매달려서 다리 들기(1%), 의자에 앉아 다리 뻗어 올리기(1%), 서서 다리 뒤로 차기(1%), 엎드려서 팔 다리 들기(1%), 넙다리 뒤쪽 스트레칭(1%), 몸통 옆으로 굽히기(1%), 의자 앞에서 앉았다 일어서기(1%)",국민체력100 운동처방 · 성인 56세,,성인,,
prescription:성인-56-F-정리운동,prescription,"성인 56세 여자 2,263명에게 처방된 정리운동: 전신 루틴 스트레칭(18%), 하지 루틴 스트레칭2(13%), 상지 루틴 스트레칭(12%), 하지 루틴 스트레칭1(10%), 넙다리 뒤쪽 스트레칭(6%), 넙다리 안쪽 스트레칭(4%), 엉덩이 스트레칭(4%), 넙다리 앞쪽 스트레칭(3%), 걷기(3%), 허리 스트레칭(3%), 배스트레칭(3%), 실내 자전거타기(2%), 달리기(2%)",국민체력100 운동처방 · 성인 56세,,성인,,
prescription:성인-56-F-준비운동,prescription,"성인 56세 여자 2,263명에게 처방된 준비운동: 유산소 운동 전 동적 루틴 스트레칭(15%), 전신 루틴 스트레칭(10%), 하지 루틴 스트레칭1(6%), 상지 루틴 스트레칭(5%), 하지 루틴 스트레칭2(5%), 등/어깨 뒤쪽 스트레칭(4%), 가슴/어깨 앞쪽 스트레칭(4%), 진자운동(3%), 자가근막이완술 루틴 스트레칭(3%), 아래 팔 스트레칭(3%), 목 스트레칭(3%), 허리 스트레칭(3%), 달리기(2%), 옆으로 누워서팔 앞으로 당기기(2%), 트레드밀에서 걷기(2%), 걷기(2%), 테이블 이용하여 팔 들어 올리기(2%), 실내 자전거타기(2%), 넙다리 뒤쪽 스트레칭(1%), 배스트레칭(1%), 작은 공을 이용한 동적 루틴 스트레칭(1%), 테이블 이용하여 팔 옆으로 벌리기(1%), 실외 자전거타기(1%)",국민체력100 운동처방 · 성인 56세,,성인,,
prescription:성인-56-M-본운동,prescription,"성인 56세 남자 1,846명에게 처방된 본운동: 달리기(8%), 앉았다 일어서기(5%), 계단 올라갔다 내려오기(4%), 턱걸이(4%), 실내 자전거타기(3%), 엎드려 버티기(3%), 윗몸올리기(3%), 수영(3%), 누워서 배가로근 수축 II(2%), 웨이트 트레이닝  루틴프로그램(2%), 버피운동(2%), 계단 뛰어 오르기(2%), 팔굽혀펴기(2%), 줄넘기(2%), 팔벌려뛰기(2%), 걷기(2%), 실외 자전거타기(2%), 윗몸 말아 올리기(2%), 한발 앞으로 내밀고 앉았다 일어서기(1%), 트레드밀에서 걷기(1%), 바벨 끌어당기기(1%), 누워서 다리 들어올리기(1%), 매달려서 다리 들기(1%), 스텝퍼 오르내리기(1%), 맨몸운동  루틴프로그램(1%), 하지 루틴 스트레칭2(1%), 넙다리 뒤쪽 스트레칭(1%), 허리 굽혀 덤벨 들기(1%), 누워서 덤벨 들어올리기(1%), 앉았다 일어서면서 점프하기(1%)",국민체력100 운동처방 · 성인 56세,,성인,,
prescription:성인-56-M-정리운동,prescription,"성인 56세 남자 1,846명에게 처방된 정리운동: 전신 루틴 스트레칭(15%), 하지 루틴 스트레칭2(12%), 상지 루틴 스트레칭(10%), 하지 루틴 스트레칭1(9%), 넙다리 뒤쪽 스트레칭(7%), 넙다리 안쪽 스트레칭(5%), 엉덩이 스트레칭(5%), 허리 스트레칭(4%), 배스트레칭(4%), 넙다리 앞쪽 스트레칭(3%), 걷기(2%), 달리기(2%), 정적 스트레칭  루틴프로그램(2%), 자가근막이완술 루틴 스트레칭(2%)",국민체력100 운동처방 · 성인 56세,,성인,,
prescription:성인-56-M-준비운동,prescription,"성인 56세 남자 1,846명에게 처방된 준비운동: 전신 루틴 스트레칭(12%), 유산소 운동 전 동적 루틴 스트레칭(11%), 하지 루틴 스트레칭1(6%), 등/어깨 뒤쪽 스트레칭(5%), 가슴/어깨 앞쪽 스트레칭(5%), 상지 루틴 스트레칭(5%), 하지 루틴 스트레칭2(5%), 자가근막이완술 루틴 스트레칭(4%), 아래 팔 스트레칭(3%), 달리기(3%), 걷기(3%), 허리 스트레칭(2%), 목 스트레칭(2%), 옆으로 누워서팔 앞으로 당기기(2%), 넙다리 뒤쪽 스트레칭(2%), 배스트레칭(2%), 테이블 이용하여 팔 들어 올리기(2%), 진자운동(2%), 실내 자전거타기(1%), 트레드밀에서 걷기(1%), 넙다리 안쪽 스트레칭(1%), 실외 자전거타기(1%), 작은 공을 이용한 동적 루틴 스트레칭(1%)",국민체력100 운동처방 · 성인 56세,,성인,,
prescription:성인-57-F-본운동,prescription,"성인 57세 여자 2,071명에게 처방된 본운동: 달리기(6%), 앉았다 일어서기(5%), 실내 자전거타기(5%), 계단 올라갔다 내려오기(4%), 엎드려 버티기(4%), 윗몸올리기(3%), 수영(3%), 걷기(3%), 윗몸 말아 올리기(3%), 누워서 다리 들어올리기(3%), 누워서 배가로근 수축 II(2%), 트레드밀에서 걷기(2%), 넙다리 뒤쪽 스트레칭(2%), 줄넘기(2%), 한발 앞으로 내밀고 앉았다 일어서기(2%), 덤벨 옆으로 들어올리기(2%), 소파를 이용한 윗몸올리기(1%), 누워서 엉덩이 들어올리기(1%), 옆으로 누워 버티기(1%), 서서 뒤꿈치 들기(1%), 엎드려서 팔 다리 들기(1%), 버피운동(1%), 팔벌려뛰기(1%), 하지 루틴 스트레칭2(1%), 실외 자전거타기(1%), 바벨 끌어당기기(1%), 계단 뛰어 오르기(1%), 저항밴드 운동  루틴프로그램(1%), 팔꿈치 굽히기(1%), 엉덩이 스트레칭(1%)",국민체력100 운동처방 · 성인 57세,,성인,,
prescription:성인-57-F-정리운동,prescription,"성인 57세 여자 2,071명에게 처방된 정리운동: 전신 루틴 스트레칭(16%), 하지 루틴 스트레칭2(10%), 상지 루틴 스트레칭(9%), 하지 루틴 스트레칭1(8%), 넙다리 뒤쪽 스트레칭(8%), 넙다리 안쪽 스트레칭(6%), 배스트레칭(6%), 엉덩이 스트레칭(6%), 허리 스트레칭(5%), 넙다리 앞쪽 스트레칭(4%), 달리기(2%), 옆구리 스트레칭(2%)",국민체력100 운동처방 · 성인 57세,,성인,,
prescription:성인-57-F-준비운동,prescription,"성인 57세 여자 2,071명에게 처방된 준비운동: 유산소 운동 전 동적 루틴 스트레칭(12%), 전신 루틴 스트레칭(9%), 등/어깨 뒤쪽 스트레칭(6%), 가슴/어깨 앞쪽 스트레칭(6%), 상지 루틴 스트레칭(5%), 하지 루틴 스트레칭1(4%), 목 스트레칭(4%), 하지 루틴 스트레칭2(4%), 아래 팔 스트레칭(4%), 자가근막이완술 루틴 스트레칭(3%), 허리 스트레칭(3%), 진자운동(3%), 걷기(3%), 트레드밀에서 걷기(2%), 달리기(2%), 옆으로 누워서팔 앞으로 당기기(2%), 테이블 이용하여 팔 들어 올리기(2%), 실내 자전거타기(2%), 배스트레칭(2%), 작은 공을 이용한 동적 루틴 스트레칭(1%), 빠르게 걷기(1%), 좌식생활자를 위한 동적 루틴 스트레칭(1%)",국민체력100 운동처방 · 성인 57세,,성인,,
prescription:성인-57-M-본운동,prescription,"성인 57세 남자 1,609명에게 처방된 본운동: 달리기(8%), 앉았다 일어서기(6%), 계단 올라갔다 내려오기(4%), 엎드려 버티기(4%), 실내 자전거타기(4%), 턱걸이(3%), 버피운동(3%), 윗몸올리기(3%), 팔굽혀펴기(3%), 팔벌려뛰기(2%), 수영(2%), 윗몸 말아 올리기(2%), 줄넘기(2%), 바벨 끌어당기기(2%), 누워서 배가로근 수축 II(2%), 웨이트 트레이닝  루틴프로그램(2%), 계단 뛰어 오르기(2%), 한발 앞으로 내밀고 앉았다 일어서기(2%), 실외 자전거타기(1%), 맨몸운동  루틴프로그램(1%), 누워서 다리 들어올리기(1%), 걷기(1%), 저항밴드 운동  루틴프로그램(1%), 트레드밀에서 걷기(1%), 매달려서 다리 들기(1%), 넙다리 뒤쪽 스트레칭(1%), 소파를 이용한 윗몸올리기(1%), 무릎 높여 제자리 달리기(1%), 하지 루틴 스트레칭2(1%), 누워서 하늘 자전거(1%)",국민체력100 운동처방 · 성인 57세,,성인,,
prescription:성인-57-M-정리운동,prescription,"성인 57세 남자 1,609명에게 처방된 정리운동: 전신 루틴 스트레칭(16%), 하지 루틴 스트레칭2(14%), 상지 루틴 스트레칭(14%), 하지 루틴 스트레칭1(12%), 넙다리 뒤쪽 스트레칭(5%), 엉덩이 스트레칭(4%), 허리 스트레칭(3%), 배스트레칭(3%), 걷기(3%), 넙다리 안쪽 스트레칭(3%), 넙다리 앞쪽 스트레칭(2%), 자가근막이완술 루틴 스트레칭(2%)",국민체력100 운동처방 · 성인 57세,,성인,,
prescription:성인-57-M-준비운동,prescription,"성인 57세 남자 1,609명에게 처방된 준비운동: 유산소 운동 전 동적 루틴 스트레칭(15%), 전신 루틴 스트레칭(11%), 자가근막이완술 루틴 스트레칭(5%), 상지 루틴 스트레칭(5%), 하지 루틴 스트레칭1(4%), 등/어깨 뒤쪽 스트레칭(4%), 가슴/어깨 앞쪽 스트레칭(3%), 하지 루틴 스트레칭2(3%), 걷기(3%), 아래 팔 스트레칭(3%), 달리기(3%), 목 스트레칭(2%), 허리 스트레칭(2%), 트레드밀에서 걷기(2%), 실내 자전거타기(2%), 옆으로 누워서팔 앞으로 당기기(2%), 작은 공을 이용한 동적 루틴 스트레칭(2%), 테이블 이용하여 팔 들어 올리기(2%), 진자운동(2%), 테이블 이용하여 팔 옆으로 벌리기(2%), 엉덩이 스트레칭(2%), 넙다리 뒤쪽 스트레칭(1%), 배스트레칭(1%)",국민체력100 운동처방 · 성인 57세,,성인,,
prescription:성인-58-F-본운동,prescription,"성인 58세 여자 1,845명에게 처방된 본운동: 달리기(6%), 실내 자전거타기(6%), 엎드려 버티기(5%), 앉았다 일어서기(4%), 윗몸올리기(4%), 수영(3%), 계단 올라갔다 내려오기(3%), 버피운동(3%), 한발 앞으로 내밀고 앉았다 일어서기(3%), 윗몸 말아 올리기(3%), 트레드밀에서 걷기(2%), 팔벌려뛰기(2%), 걷기(2%), 누워서 배가로근 수축 II(2%), 누워서 엉덩이 들어올리기(2%), 누워서 다리 들어올리기(2%), 옆으로 누워 버티기(1%), 네발기기 자세로 팔 다리 들기(1%), 턱걸이(1%), 넙다리 뒤쪽 스트레칭(1%), 줄넘기(1%), 팔굽혀펴기(1%), 서서 다리 뒤로 차기(1%), 엎드려서 팔 다리 들기(1%), 실외 자전거타기(1%), 누워서 하늘 자전거(1%), 누워서 배가로근 수축 I(1%), 앉았다 일어서면서 점프하기(1%), 매달려서 다리 들기(1%), 서서 뒤꿈치 들기(1%)",국민체력100 운동처방 · 성인 58세,,성인,,
prescription:성인-58-F-정리운동,prescription,"성인 58세 여자 1,845명에게 처방된 정리운동: 전신 루틴 스트레칭(14%), 하지 루틴 스트레칭2(11%), 상지 루틴 스트레칭(9%), 하지 루틴 스트레칭1(9%), 넙다리 뒤쪽 스트레칭(6%), 허리 스트레칭(5%), 배스트레칭(5%), 넙다리 안쪽 스트레칭(4%), 엉덩이 스트레칭(4%), 넙다리 앞쪽 스트레칭(3%), 자가근막이완술 루틴 스트레칭(3%), 가슴/어깨 앞쪽 스트레칭(2%), 아래 팔 스트레칭(2%), 옆구리 스트레칭(2%)",국민체력100 운동처방 · 성인 58세,,성인,,
prescription:성인-58-F-준비운동,prescription,"성인 58세 여자 1,845명에게 처방된 준비운동: 유산소 운동 전 동적 루틴 스트레칭(12%), 전신 루틴 스트레칭(11%), 하지 루틴 스트레칭1(7%), 가슴/어깨 앞쪽 스트레칭(5%), 상지 루틴 스트레칭(5%), 하지 루틴 스트레칭2(4%), 목 스트레칭(4%), 진자운동(4%), 아래 팔 스트레칭(3%), 등/어깨 뒤쪽 스트레칭(3%), 옆으로 누워서팔 앞으로 당기기(3%), 걷기(3%), 자가근막이완술 루틴 스트레칭(3%), 달리기(2%), 테이블 이용하여 팔 들어 올리기(2%), 허리 스트레칭(2%), 트레드밀에서 걷기(2%), 넙다리 뒤쪽 스트레칭(2%), 배스트레칭(1%), 실내 자전거타기(1%), 좌식생활자를 위한 동적 루틴 스트레칭(1%)",국민체력100 운동처방 · 성인 58세,,성인,,
prescription:성인-58-M-본운동,prescription,"성인 58세 남자 1,465명에게 처방된 본운동: 달리기(7%), 앉았다 일어서기(5%), 계단 올라갔다 내려오기(5%), 실내 자전거타기(5%), 윗몸 말아 올리기(4%), 버피운동(4%), 턱걸이(3%), 윗몸올리기(3%), 트레드밀에서 걷기(3%), 누워서 배가로근 수축 II(3%), 엎드려 버티기(3%), 수영(2%), 팔벌려뛰기(2%), 팔굽혀펴기(2%), 걷기(2%), 소파를 이용한 윗몸올리기(2%), 한발 앞으로 내밀고 앉았다 일어서기(2%), 실외 자전거타기(1%), 줄넘기(1%), 계단 뛰어 오르기(1%), 웨이트 트레이닝  루틴프로그램(1%), 앉았다 일어서면서 점프하기(1%), 누워서 다리 들어올리기(1%), 넙다리 뒤쪽 스트레칭(1%), 서서 뒤꿈치 들기(1%), 바벨 끌어당기기(1%), 덤벨 옆으로 들어올리기(1%), 무릎 높여 제자리 달리기(1%), 매달려서 다리 들기(1%), 의자에 한 다리 올리고 앉앗다 일어서기(1%)",국민체력100 운동처방 · 성인 58세,,성인,,
prescription:성인-58-M-정리운동,prescription,"성인 58세 남자 1,465명에게 처방된 정리운동: 전신 루틴 스트레칭(15%), 하지 루틴 스트레칭2(14%), 상지 루틴 스트레칭(11%), 하지 루틴 스트레칭1(10%), 넙다리 뒤쪽 스트레칭(6%), 엉덩이 스트레칭(5%), 넙다리 안쪽 스트레칭(5%), 넙다리 앞쪽 스트레칭(3%), 달리기(3%), 허리 스트레칭(3%), 배스트레칭(3%), 실내 자전거타기(2%)",국민체력100 운동처방 · 성인 58세,,성인,,
prescription:성인-58-M-준비운동,prescription,"성인 58세 남자 1,465명에게 처방된 준비운동: 유산소 운동 전 동적 루틴 스트레칭(13%), 전신 루틴 스트레칭(9%), 등/어깨 뒤쪽 스트레칭(6%), 가슴/어깨 앞쪽 스트레칭(5%), 상지 루틴 스트레칭(5%), 자가근막이완술 루틴 스트레칭(4%), 하지 루틴 스트레칭1(4%), 허리 스트레칭(4%), 하지 루틴 스트레칭2(4%), 목 스트레칭(4%), 아래 팔 스트레칭(3%), 진자운동(3%), 달리기(3%), 걷기(3%), 옆으로 누워서팔 앞으로 당기기(2%), 배스트레칭(2%), 실내 자전거타기(2%), 넙다리 뒤쪽 스트레칭(1%), 테이블 이용하여 팔 들어 올리기(1%), 트레드밀에서 걷기(1%), 동적 스트레칭 루틴프로그램(1%), 흔들어 체조(1%)",국민체력100 운동처방 · 성인 58세,,성인,,
prescription:성인-59-F-본운동,prescription,"성인 59세 여자 1,783명에게 처방된 본운동: 달리기(6%), 실내 자전거타기(5%), 계단 올라갔다 내려오기(4%), 앉았다 일어서기(4%), 엎드려 버티기(4%), 수영(3%), 윗몸올리기(3%), 윗몸 말아 올리기(3%), 걷기(3%), 누워서 다리 들어올리기(3%), 누워서 배가로근 수축 II(2%), 누워서 엉덩이 들어올리기(2%), 한발 앞으로 내밀고 앉았다 일어서기(2%), 옆으로 누워 버티기(2%), 트레드밀에서 걷기(2%), 버피운동(2%), 줄넘기(2%), 턱걸이(2%), 넙다리 뒤쪽 스트레칭(1%), 팔벌려뛰기(1%), 누워서 팔 다리 동시에 들어올리기(1%), 누워서 배가로근 수축 I(1%), 계단 뛰어 오르기(1%), 맨몸운동  루틴프로그램(1%), 팔굽혀펴기(1%), 실외 자전거타기(1%), 저항밴드 운동  루틴프로그램(1%), 서서 뒤꿈치 들기(1%), 누워서 하늘 자전거(1%), 소파를 이용한 윗몸올리기(1%)",국민체력100 운동처방 · 성인 59세,,성인,,
prescription:성인-59-F-정리운동,prescription,"성인 59세 여자 1,783명에게 처방된 정리운동: 전신 루틴 스트레칭(15%), 하지 루틴 스트레칭2(11%), 넙다리 뒤쪽 스트레칭(8%), 상지 루틴 스트레칭(8%), 넙다리 안쪽 스트레칭(7%), 하지 루틴 스트레칭1(7%), 배스트레칭(5%), 허리 스트레칭(5%), 엉덩이 스트레칭(4%), 걷기(3%), 옆구리 스트레칭(3%), 달리기(2%), 넙다리 앞쪽 스트레칭(2%), 실내 자전거타기(2%)",국민체력100 운동처방 · 성인 59세,,성인,,
prescription:성인-59-F-준비운동,prescription,"성인 59세 여자 1,783명에게 처방된 준비운동: 유산소 운동 전 동적 루틴 스트레칭(14%), 전신 루틴 스트레칭(10%), 하지 루틴 스트레칭1(6%), 상지 루틴 스트레칭(6%), 하지 루틴 스트레칭2(5%), 가슴/어깨 앞쪽 스트레칭(4%), 등/어깨 뒤쪽 스트레칭(4%), 진자운동(3%), 아래 팔 스트레칭(3%), 자가근막이완술 루틴 스트레칭(3%), 걷기(3%), 테이블 이용하여 팔 들어 올리기(2%), 옆으로 누워서팔 앞으로 당기기(2%), 트레드밀에서 걷기(2%), 허리 스트레칭(2%), 목 스트레칭(2%), 달리기(2%), 실내 자전거타기(2%), 좌식생활자를 위한 동적 루틴 스트레칭(1%), 배스트레칭(1%), 넙다리 뒤쪽 스트레칭(1%), 동적 스트레칭 루틴프로그램(1%)",국민체력100 운동처방 · 성인 59세,,성인,,
prescription:성인-59-M-본운동,prescription,"성인 59세 남자 1,828명에게 처방된 본운동: 달리기(6%), 앉았다 일어서기(6%), 실내 자전거타기(5%), 윗몸올리기(4%), 계단 올라갔다 내려오기(3%), 엎드려 버티기(3%), 윗몸 말아 올리기(3%), 턱걸이(3%), 수영(3%), 버피운동(2%), 바벨 끌어당기기(2%), 트레드밀에서 걷기(2%), 걷기(2%), 줄넘기(2%), 누워서 배가로근 수축 II(2%), 계단 뛰어 오르기(2%), 누워서 다리 들어올리기(2%), 팔벌려뛰기(2%), 팔굽혀펴기(2%), 소파를 이용한 윗몸올리기(1%), 실외 자전거타기(1%), 매달려서 다리 들기(1%), 한발 앞으로 내밀고 앉았다 일어서기(1%), 짐볼 윗몸올리기(1%), 서서 뒤꿈치 들기(1%), 맨몸운동  루틴프로그램(1%), 넙다리 뒤쪽 스트레칭(1%), 웨이트 트레이닝  루틴프로그램(1%), 자가근막이완술 루틴 스트레칭(1%), 바벨 들어 팔꿈치 굽히기(1%)",국민체력100 운동처방 · 성인 59세,,성인,,
prescription:성인-59-M-정리운동,prescription,"성인 59세 남자 1,828명에게 처방된 정리운동: 전신 루틴 스트레칭(15%), 하지 루틴 스트레칭2(11%), 상지 루틴 스트레칭(9%), 하지 루틴 스트레칭1(8%), 넙다리 뒤쪽 스트레칭(5%), 배스트레칭(5%), 허리 스트레칭(4%), 엉덩이 스트레칭(4%), 등/어깨 뒤쪽 스트레칭(3%), 달리기(3%), 자가근막이완술 루틴 스트레칭(3%), 넙다리 안쪽 스트레칭(3%), 걷기(3%), 실내 자전거타기(2%), 가슴/어깨 앞쪽 스트레칭(2%)",국민체력100 운동처방 · 성인 59세,,성인,,
prescription:성인-59-M-준비운동,prescription,"성인 59세 남자 1,828명에게 처방된 준비운동: 유산소 운동 전 동적 루틴 스트레칭(13%), 전신 루틴 스트레칭(12%), 하지 루틴 스트레칭1(6%), 상지 루틴 스트레칭(5%), 하지 루틴 스트레칭2(5%), 등/어깨 뒤쪽 스트레칭(4%), 자가근막이완술 루틴 스트레칭(4%), 가슴/어깨 앞쪽 스트레칭(3%), 달리기(3%), 걷기(3%), 목 스트레칭(3%), 아래 팔 스트레칭(3%), 진자운동(2%), 실내 자전거타기(2%), 트레드밀에서 걷기(2%), 옆으로 누워서팔 앞으로 당기기(2%), 테이블 이용하여 팔 들어 올리기(2%), 계단 올라갔다 내려오기(1%), 허리 스트레칭(1%), 실외 자전거타기(1%), 작은 공을 이용한 동적 루틴 스트레칭(1%)",국민체력100 운동처방 · 성인 59세,,성인,,
prescription:성인-60-F-본운동,prescription,"성인 60세 여자 2,222명에게 처방된 본운동: 달리기(6%), 실내 자전거타기(5%), 엎드려 버티기(5%), 앉았다 일어서기(4%), 계단 올라갔다 내려오기(4%), 수영(3%), 누워서 배가로근 수축 II(3%), 누워서 다리 들어올리기(3%), 윗몸 말아 올리기(3%), 버피운동(3%), 윗몸올리기(3%), 걷기(2%), 한발 앞으로 내밀고 앉았다 일어서기(2%), 계단 뛰어 오르기(2%), 넙다리 뒤쪽 스트레칭(2%), 트레드밀에서 걷기(2%), 줄넘기(2%), 팔벌려뛰기(2%), 누워서 엉덩이 들어올리기(1%), 턱걸이(1%), 누워서 배가로근 수축 I(1%), 하지 루틴 스트레칭2(1%), 팔꿈치 굽히기(1%), 네발기기 자세로 팔 다리 들기(1%), 누워서 하늘 자전거(1%), 옆으로 누워 버티기(1%), 실외 자전거타기(1%), 팔굽혀펴기(1%), 스텝퍼 오르내리기(1%), 넙다리 안쪽 스트레칭(1%)",국민체력100 운동처방 · 성인 60세,,성인,,
prescription:성인-60-F-정리운동,prescription,"성인 60세 여자 2,222명에게 처방된 정리운동: 전신 루틴 스트레칭(18%), 하지 루틴 스트레칭2(12%), 상지 루틴 스트레칭(11%), 하지 루틴 스트레칭1(10%), 넙다리 뒤쪽 스트레칭(5%), 배스트레칭(4%), 넙다리 안쪽 스트레칭(4%), 허리 스트레칭(3%), 달리기(3%), 걷기(3%), 엉덩이 스트레칭(2%), 실내 자전거타기(2%), 넙다리 앞쪽 스트레칭(2%)",국민체력100 운동처방 · 성인 60세,,성인,,
prescription:성인-60-F-준비운동,prescription,"성인 60세 여자 2,222명에게 처방된 준비운동: 유산소 운동 전 동적 루틴 스트레칭(14%), 전신 루틴 스트레칭(9%), 자가근막이완술 루틴 스트레칭(5%), 상지 루틴 스트레칭(5%), 가슴/어깨 앞쪽 스트레칭(4%), 하지 루틴 스트레칭1(4%), 등/어깨 뒤쪽 스트레칭(4%), 하지 루틴 스트레칭2(4%), 목 스트레칭(3%), 트레드밀에서 걷기(3%), 아래 팔 스트레칭(3%), 넙다리 뒤쪽 스트레칭(3%), 달리기(2%), 걷기(2%), 진자운동(2%), 허리 스트레칭(2%), 실내 자전거타기(2%), 테이블 이용하여 팔 들어 올리기(2%), 옆으로 누워서팔 앞으로 당기기(2%), 작은 공을 이용한 동적 루틴 스트레칭(2%), 좌식생활자를 위한 동적 루틴 스트레칭(1%), 빠르게 걷기(1%)",국민체력100 운동처방 · 성인 60세,,성인,,
prescription:성인-60-M-본운동,prescription,"성인 60세 남자 3,748명에게 처방된 본운동: 달리기(6%), 실내 자전거타기(6%), 계단 올라갔다 내려오기(5%), 앉았다 일어서기(5%), 엎드려 버티기(4%), 수영(3%), 윗몸올리기(3%), 윗몸 말아 올리기(3%), 턱걸이(3%), 트레드밀에서 걷기(2%), 버피운동(2%), 팔벌려뛰기(2%), 팔굽혀펴기(2%), 걷기(2%), 누워서 배가로근 수축 II(2%), 넙다리 뒤쪽 스트레칭(2%), 한발 앞으로 내밀고 앉았다 일어서기(1%), 줄넘기(1%), 누워서 다리 들어올리기(1%), 바벨 끌어당기기(1%), 실외 자전거타기(1%), 웨이트 트레이닝  루틴프로그램(1%), 매달려서 다리 들기(1%), 누워서 엉덩이 들어올리기(1%), 계단 뛰어 오르기(1%), 하지 루틴 스트레칭2(1%), 옆으로 누워 버티기(1%), 서서 뒤꿈치 들기(1%), 빠르게 걷기(1%), 엉덩이 스트레칭(1%)",국민체력100 운동처방 · 성인 60세,,성인,,
prescription:성인-60-M-정리운동,prescription,"성인 60세 남자 3,748명에게 처방된 정리운동: 전신 루틴 스트레칭(16%), 하지 루틴 스트레칭2(13%), 하지 루틴 스트레칭1(11%), 상지 루틴 스트레칭(11%), 넙다리 뒤쪽 스트레칭(7%), 배스트레칭(6%), 허리 스트레칭(5%), 넙다리 안쪽 스트레칭(5%), 엉덩이 스트레칭(3%), 걷기(3%), 자가근막이완술 루틴 스트레칭(3%)",국민체력100 운동처방 · 성인 60세,,성인,,
prescription:성인-60-M-준비운동,prescription,"성인 60세 남자 3,748명에게 처방된 준비운동: 유산소 운동 전 동적 루틴 스트레칭(11%), 전신 루틴 스트레칭(10%), 등/어깨 뒤쪽 스트레칭(7%), 가슴/어깨 앞쪽 스트레칭(5%), 목 스트레칭(5%), 하지 루틴 스트레칭1(5%), 아래 팔 스트레칭(5%), 상지 루틴 스트레칭(4%), 자가근막이완술 루틴 스트레칭(3%), 트레드밀에서 걷기(3%), 하지 루틴 스트레칭2(3%), 걷기(2%), 달리기(2%), 허리 스트레칭(2%), 진자운동(2%), 옆으로 누워서팔 앞으로 당기기(2%), 실내 자전거타기(2%), 테이블 이용하여 팔 들어 올리기(2%), 넙다리 뒤쪽 스트레칭(2%), 옆구리 스트레칭(1%), 테이블 이용하여 팔 옆으로 벌리기(1%)",국민체력100 운동처방 · 성인 60세,,성인,,
prescription:성인-61-F-본운동,prescription,"성인 61세 여자 2,005명에게 처방된 본운동: 달리기(5%), 실내 자전거타기(5%), 앉았다 일어서기(4%), 엎드려 버티기(4%), 계단 올라갔다 내려오기(4%), 수영(3%), 트레드밀에서 걷기(3%), 윗몸 말아 올리기(3%), 걷기(2%), 윗몸올리기(2%), 누워서 배가로근 수축 II(2%), 버피운동(2%), 누워서 다리 들어올리기(2%), 팔벌려뛰기(2%), 넙다리 뒤쪽 스트레칭(2%), 한발 앞으로 내밀고 앉았다 일어서기(2%), 앉았다 일어서면서 점프하기(2%), 옆으로 누워 버티기(2%), 넙다리 안쪽 스트레칭(1%), 하지 루틴 스트레칭2(1%), 실외 자전거타기(1%), 계단 뛰어 오르기(1%), 턱걸이(1%), 누워서 엉덩이 들어올리기(1%), 줄넘기(1%), 매달려서 다리 들기(1%), 누워서 배가로근 수축 I(1%), 팔꿈치 굽히기(1%), 누워서 팔 다리 동시에 들어올리기(1%), 팔굽혀펴기(1%)",국민체력100 운동처방 · 성인 61세,,성인,,
prescription:성인-61-F-정리운동,prescription,"성인 61세 여자 2,005명에게 처방된 정리운동: 전신 루틴 스트레칭(17%), 하지 루틴 스트레칭2(10%), 하지 루틴 스트레칭1(9%), 상지 루틴 스트레칭(9%), 넙다리 뒤쪽 스트레칭(5%), 배스트레칭(5%), 허리 스트레칭(4%), 엉덩이 스트레칭(4%), 넙다리 안쪽 스트레칭(4%), 걷기(3%), 달리기(3%), 자가근막이완술 루틴 스트레칭(2%), 옆구리 스트레칭(2%), 넙다리 앞쪽 스트레칭(2%)",국민체력100 운동처방 · 성인 61세,,성인,,
prescription:성인-61-F-준비운동,prescription,"성인 61세 여자 2,005명에게 처방된 준비운동: 유산소 운동 전 동적 루틴 스트레칭(12%), 전신 루틴 스트레칭(12%), 등/어깨 뒤쪽 스트레칭(5%), 하지 루틴 스트레칭1(5%), 상지 루틴 스트레칭(5%), 가슴/어깨 앞쪽 스트레칭(5%), 목 스트레칭(3%), 하지 루틴 스트레칭2(3%), 아래 팔 스트레칭(3%), 자가근막이완술 루틴 스트레칭(3%), 진자운동(3%), 트레드밀에서 걷기(3%), 넙다리 뒤쪽 스트레칭(2%), 허리 스트레칭(2%), 걷기(2%), 옆으로 누워서팔 앞으로 당기기(2%), 달리기(2%), 테이블 이용하여 팔 들어 올리기(2%), 실내 자전거타기(1%), 빠르게 걷기(1%), 엉덩이 스트레칭(1%), 좌식생활자를 위한 동적 루틴 스트레칭(1%), 테이블 이용하여 팔 옆으로 벌리기(1%), 배스트레칭(1%), 앉았다 일어서기(1%), 넙다리 안쪽 스트레칭(1%)",국민체력100 운동처방 · 성인 61세,,성인,,
prescription:성인-61-M-본운동,prescription,"성인 61세 남자 2,971명에게 처방된 본운동: 달리기(7%), 앉았다 일어서기(5%), 계단 올라갔다 내려오기(4%), 실내 자전거타기(4%), 엎드려 버티기(3%), 수영(3%), 버피운동(3%), 윗몸올리기(2%), 팔벌려뛰기(2%), 턱걸이(2%), 윗몸 말아 올리기(2%), 트레드밀에서 걷기(2%), 넙다리 뒤쪽 스트레칭(2%), 팔굽혀펴기(2%), 걷기(2%), 실외 자전거타기(2%), 누워서 배가로근 수축 II(2%), 빠르게 걷기(1%), 줄넘기(1%), 누워서 다리 들어올리기(1%), 누워서 엉덩이 들어올리기(1%), 바벨 끌어당기기(1%), 매달려서 다리 들기(1%), 한발 앞으로 내밀고 앉았다 일어서기(1%), 계단 뛰어 오르기(1%), 하지 루틴 스트레칭2(1%), 웨이트 트레이닝  루틴프로그램(1%), 옆으로 누워 버티기(1%), 엉덩이 스트레칭(1%), 작은 공을 이용한 동적 루틴 스트레칭(1%)",국민체력100 운동처방 · 성인 61세,,성인,,
prescription:성인-61-M-정리운동,prescription,"성인 61세 남자 2,971명에게 처방된 정리운동: 전신 루틴 스트레칭(18%), 하지 루틴 스트레칭2(12%), 상지 루틴 스트레칭(11%), 하지 루틴 스트레칭1(10%), 넙다리 뒤쪽 스트레칭(6%), 허리 스트레칭(5%), 넙다리 안쪽 스트레칭(4%), 배스트레칭(4%), 엉덩이 스트레칭(4%), 걷기(4%), 넙다리 앞쪽 스트레칭(3%)",국민체력100 운동처방 · 성인 61세,,성인,,
prescription:성인-61-M-준비운동,prescription,"성인 61세 남자 2,971명에게 처방된 준비운동: 유산소 운동 전 동적 루틴 스트레칭(12%), 전신 루틴 스트레칭(11%), 등/어깨 뒤쪽 스트레칭(7%), 가슴/어깨 앞쪽 스트레칭(6%), 목 스트레칭(6%), 아래 팔 스트레칭(5%), 상지 루틴 스트레칭(5%), 하지 루틴 스트레칭1(4%), 걷기(3%), 하지 루틴 스트레칭2(3%), 자가근막이완술 루틴 스트레칭(3%), 트레드밀에서 걷기(3%), 진자운동(2%), 옆으로 누워서팔 앞으로 당기기(2%), 달리기(2%), 테이블 이용하여 팔 들어 올리기(2%), 허리 스트레칭(2%), 배스트레칭(1%), 실내 자전거타기(1%)",국민체력100 운동처방 · 성인 61세,,성인,,
prescription:성인-62-F-본운동,prescription,"성인 62세 여자 1,792명에게 처방된 본운동: 앉았다 일어서기(6%), 달리기(6%), 실내 자전거타기(4%), 엎드려 버티기(4%), 계단 올라갔다 내려오기(3%), 윗몸올리기(3%), 누워서 다리 들어올리기(3%), 수영(3%), 걷기(2%), 윗몸 말아 올리기(2%), 누워서 엉덩이 들어올리기(2%), 트레드밀에서 걷기(2%), 넙다리 뒤쪽 스트레칭(2%), 버피운동(2%), 한발 앞으로 내밀고 앉았다 일어서기(2%), 계단 뛰어 오르기(2%), 팔굽혀펴기(1%), 누워서 배가로근 수축 II(1%), 누워서 하늘 자전거(1%), 줄넘기(1%), 의자 앞에서 앉았다 일어서기(1%), 팔벌려뛰기(1%), 바벨 끌어당기기(1%), 옆으로 누워 버티기(1%), 엉덩이 스트레칭(1%), 서서 뒤꿈치 들기(1%), 하지 루틴 스트레칭2(1%), 넙다리 안쪽 스트레칭(1%), 팔꿈치 굽히기(1%), 실외 자전거타기(1%)",국민체력100 운동처방 · 성인 62세,,성인,,
prescription:성인-62-F-정리운동,prescription,"성인 62세 여자 1,792명에게 처방된 정리운동: 전신 루틴 스트레칭(14%), 하지 루틴 스트레칭2(10%), 상지 루틴 스트레칭(9%), 넙다리 뒤쪽 스트레칭(9%), 하지 루틴 스트레칭1(6%), 배스트레칭(6%), 넙다리 안쪽 스트레칭(5%), 허리 스트레칭(5%), 엉덩이 스트레칭(5%), 걷기(3%), 넙다리 앞쪽 스트레칭(3%), 실내 자전거타기(2%), 달리기(2%), 자가근막이완술 루틴 스트레칭(1%)",국민체력100 운동처방 · 성인 62세,,성인,,
prescription:성인-62-F-준비운동,prescription,"성인 62세 여자 1,792명에게 처방된 준비운동: 전신 루틴 스트레칭(10%), 유산소 운동 전 동적 루틴 스트레칭(10%), 가슴/어깨 앞쪽 스트레칭(6%), 등/어깨 뒤쪽 스트레칭(5%), 하지 루틴 스트레칭1(5%), 상지 루틴 스트레칭(5%), 목 스트레칭(5%), 아래 팔 스트레칭(4%), 트레드밀에서 걷기(3%), 하지 루틴 스트레칭2(3%), 달리기(2%), 옆으로 누워서팔 앞으로 당기기(2%), 실내 자전거타기(2%), 자가근막이완술 루틴 스트레칭(2%), 진자운동(2%), 걷기(2%), 허리 스트레칭(2%), 테이블 이용하여 팔 옆으로 벌리기(1%), 테이블 이용하여 팔 들어 올리기(1%), 실외 자전거타기(1%), 서서 뒤꿈치 들기(1%), 앉았다 일어서기(1%), 넙다리 뒤쪽 스트레칭(1%), 막대 잡고 팔 안쪽/바깥 돌림(1%), 작은 공을 이용한 동적 루틴 스트레칭(1%), 서서 다리 뒤로 차기(1%)",국민체력100 운동처방 · 성인 62세,,성인,,
prescription:성인-62-M-본운동,prescription,"성인 62세 남자 3,082명에게 처방된 본운동: 달리기(7%), 실내 자전거타기(4%), 앉았다 일어서기(4%), 엎드려 버티기(3%), 수영(3%), 계단 올라갔다 내려오기(3%), 윗몸 말아 올리기(2%), 트레드밀에서 걷기(2%), 맨몸운동  루틴프로그램(2%), 걷기(2%), 턱걸이(2%), 버피운동(2%), 웨이트 트레이닝  루틴프로그램(2%), 계단 오르기(2%), 윗몸올리기(2%), 팔굽혀펴기(2%), 팔벌려뛰기(2%), 계단 뛰어 오르기(2%), 넙다리 뒤쪽 스트레칭(2%), 저항밴드 운동  루틴프로그램(2%), 실외 자전거타기(2%), 조깅(1%), 줄넘기(1%), 누워서 다리 들어올리기(1%), 한발 앞으로 내밀고 앉았다 일어서기(1%), 매달려서 다리 들기(1%), 하지 루틴 스트레칭2(1%), 누워서 배가로근 수축 II(1%), 누워서 엉덩이 들어올리기(1%), 팔꿈치 굽히기(1%)",국민체력100 운동처방 · 성인 62세,,성인,,
prescription:성인-62-M-정리운동,prescription,"성인 62세 남자 3,082명에게 처방된 정리운동: 전신 루틴 스트레칭(20%), 하지 루틴 스트레칭2(11%), 하지 루틴 스트레칭1(10%), 상지 루틴 스트레칭(9%), 넙다리 뒤쪽 스트레칭(8%), 넙다리 안쪽 스트레칭(5%), 허리 스트레칭(4%), 배스트레칭(4%), 엉덩이 스트레칭(4%), 걷기(3%), 달리기(3%)",국민체력100 운동처방 · 성인 62세,,성인,,
prescription:성인-62-M-준비운동,prescription,"성인 62세 남자 3,082명에게 처방된 준비운동: 유산소 운동 전 동적 루틴 스트레칭(15%), 전신 루틴 스트레칭(12%), 가슴/어깨 앞쪽 스트레칭(6%), 등/어깨 뒤쪽 스트레칭(6%), 목 스트레칭(5%), 하지 루틴 스트레칭1(4%), 자가근막이완술 루틴 스트레칭(4%), 아래 팔 스트레칭(4%), 상지 루틴 스트레칭(3%), 트레드밀에서 걷기(3%), 하지 루틴 스트레칭2(3%), 옆으로 누워서팔 앞으로 당기기(3%), 걷기(3%), 진자운동(2%), 달리기(2%), 실내 자전거타기(2%), 테이블 이용하여 팔 들어 올리기(2%), 허리 스트레칭(2%), 테이블 이용하여 팔 옆으로 벌리기(1%)",국민체력100 운동처방 · 성인 62세,,성인,,
prescription:성인-63-F-본운동,prescription,"성인 63세 여자 1,837명에게 처방된 본운동: 앉았다 일어서기(6%), 달리기(5%), 실내 자전거타기(4%), 엎드려 버티기(4%), 윗몸 말아 올리기(3%), 계단 올라갔다 내려오기(3%), 윗몸올리기(3%), 한발 앞으로 내밀고 앉았다 일어서기(3%), 걷기(3%), 누워서 배가로근 수축 II(2%), 누워서 다리 들어올리기(2%), 누워서 엉덩이 들어올리기(2%), 계단 뛰어 오르기(2%), 수영(2%), 트레드밀에서 걷기(2%), 버피운동(2%), 팔벌려뛰기(2%), 줄넘기(2%), 서서 뒤꿈치 들기(2%), 넙다리 뒤쪽 스트레칭(1%), 실외 자전거타기(1%), 의자에 앉아 다리 뻗어 올리기(1%), 누워서 배가로근 수축 I(1%), 옆으로 누워 버티기(1%), 짐볼 윗몸올리기(1%), 누워서 하늘 자전거(1%), 하지 루틴 스트레칭2(1%), 소파를 이용한 윗몸올리기(1%), 매달려서 다리 들기(1%), 앉았다 일어서면서 점프하기(1%)",국민체력100 운동처방 · 성인 63세,,성인,,
prescription:성인-63-F-정리운동,prescription,"성인 63세 여자 1,837명에게 처방된 정리운동: 전신 루틴 스트레칭(21%), 하지 루틴 스트레칭2(9%), 넙다리 뒤쪽 스트레칭(8%), 상지 루틴 스트레칭(8%), 하지 루틴 스트레칭1(6%), 넙다리 안쪽 스트레칭(5%), 엉덩이 스트레칭(4%), 배스트레칭(4%), 넙다리 앞쪽 스트레칭(4%), 걷기(4%), 허리 스트레칭(3%), 실내 자전거타기(3%), 달리기(2%)",국민체력100 운동처방 · 성인 63세,,성인,,
prescription:성인-63-F-준비운동,prescription,"성인 63세 여자 1,837명에게 처방된 준비운동: 유산소 운동 전 동적 루틴 스트레칭(11%), 전신 루틴 스트레칭(11%), 하지 루틴 스트레칭1(6%), 상지 루틴 스트레칭(5%), 등/어깨 뒤쪽 스트레칭(4%), 하지 루틴 스트레칭2(4%), 가슴/어깨 앞쪽 스트레칭(4%), 트레드밀에서 걷기(3%), 목 스트레칭(3%), 달리기(3%), 아래 팔 스트레칭(3%), 옆으로 누워서팔 앞으로 당기기(2%), 걷기(2%), 실내 자전거타기(2%), 허리 스트레칭(2%), 테이블 이용하여 팔 들어 올리기(2%), 자가근막이완술 루틴 스트레칭(2%), 진자운동(2%), 넙다리 뒤쪽 스트레칭(1%), 테이블 이용하여 팔 옆으로 벌리기(1%), 실외 자전거타기(1%), 좌식생활자를 위한 동적 루틴 스트레칭(1%), 넙다리 앞쪽 스트레칭(1%), 작은 공을 이용한 동적 루틴 스트레칭(1%), 계단 올라갔다 내려오기(1%), 앉았다 일어서기(1%), 서서 뒤꿈치 들기(1%)",국민체력100 운동처방 · 성인 63세,,성인,,
prescription:성인-63-M-본운동,prescription,"성인 63세 남자 3,250명에게 처방된 본운동: 달리기(7%), 앉았다 일어서기(5%), 실내 자전거타기(5%), 계단 올라갔다 내려오기(4%), 엎드려 버티기(3%), 윗몸올리기(3%), 윗몸 말아 올리기(3%), 걷기(3%), 수영(2%), 버피운동(2%), 팔굽혀펴기(2%), 트레드밀에서 걷기(2%), 턱걸이(2%), 누워서 다리 들어올리기(2%), 팔벌려뛰기(2%), 줄넘기(2%), 한발 앞으로 내밀고 앉았다 일어서기(2%), 누워서 배가로근 수축 II(2%), 넙다리 뒤쪽 스트레칭(1%), 실외 자전거타기(1%), 바벨 끌어당기기(1%), 웨이트 트레이닝  루틴프로그램(1%), 계단 뛰어 오르기(1%), 매달려서 다리 들기(1%), 옆으로 누워 버티기(1%), 맨몸운동  루틴프로그램(1%), 누워서 팔 다리 동시에 들어올리기(1%), 누워서 엉덩이 들어올리기(1%), 누워서 배가로근 수축 I(1%), 저항밴드 운동  루틴프로그램(1%)",국민체력100 운동처방 · 성인 63세,,성인,,
prescription:성인-63-M-정리운동,prescription,"성인 63세 남자 3,250명에게 처방된 정리운동: 전신 루틴 스트레칭(16%), 하지 루틴 스트레칭2(13%), 상지 루틴 스트레칭(10%), 하지 루틴 스트레칭1(10%), 넙다리 뒤쪽 스트레칭(7%), 넙다리 안쪽 스트레칭(5%), 배스트레칭(5%), 허리 스트레칭(4%), 걷기(3%), 엉덩이 스트레칭(3%), 달리기(3%), 실내 자전거타기(2%)",국민체력100 운동처방 · 성인 63세,,성인,,
prescription:성인-63-M-준비운동,prescription,"성인 63세 남자 3,250명에게 처방된 준비운동: 유산소 운동 전 동적 루틴 스트레칭(12%), 전신 루틴 스트레칭(11%), 가슴/어깨 앞쪽 스트레칭(6%), 등/어깨 뒤쪽 스트레칭(6%), 아래 팔 스트레칭(5%), 목 스트레칭(5%), 상지 루틴 스트레칭(5%), 하지 루틴 스트레칭1(4%), 자가근막이완술 루틴 스트레칭(4%), 하지 루틴 스트레칭2(3%), 달리기(3%), 트레드밀에서 걷기(2%), 걷기(2%), 실내 자전거타기(2%), 넙다리 뒤쪽 스트레칭(2%), 옆으로 누워서팔 앞으로 당기기(2%), 허리 스트레칭(2%), 진자운동(2%), 테이블 이용하여 팔 들어 올리기(2%), 실외 자전거타기(1%)",국민체력100 운동처방 · 성인 63세,,성인,,
prescription:성인-64-F-본운동,prescription,"성인 64세 여자 1,982명에게 처방된 본운동: 달리기(5%), 엎드려 버티기(5%), 실내 자전거타기(4%), 계단 올라갔다 내려오기(4%), 걷기(4%), 앉았다 일어서기(4%), 윗몸올리기(3%), 누워서 다리 들어올리기(3%), 윗몸 말아 올리기(3%), 누워서 배가로근 수축 II(2%), 수영(2%), 버피운동(2%), 넙다리 뒤쪽 스트레칭(2%), 트레드밀에서 걷기(2%), 팔벌려뛰기(2%), 서서 뒤꿈치 들기(1%), 엉덩이 스트레칭(1%), 줄넘기(1%), 계단 뛰어 오르기(1%), 누워서 배가로근 수축 I(1%), 한발 앞으로 내밀고 앉았다 일어서기(1%), 바벨 끌어당기기(1%), 넙다리 안쪽 스트레칭(1%), 누워서 엉덩이 들어올리기(1%), 턱걸이(1%), 의자에 앉아 다리 뻗어 올리기(1%), 옆으로 누워 버티기(1%), 하지 루틴 스트레칭2(1%), 실외 자전거타기(1%), 손목 펴기/굽히기(1%)",국민체력100 운동처방 · 성인 64세,,성인,,
prescription:성인-64-F-정리운동,prescription,"성인 64세 여자 1,982명에게 처방된 정리운동: 전신 루틴 스트레칭(23%), 하지 루틴 스트레칭2(9%), 상지 루틴 스트레칭(7%), 넙다리 안쪽 스트레칭(6%), 넙다리 뒤쪽 스트레칭(6%), 하지 루틴 스트레칭1(5%), 배스트레칭(5%), 허리 스트레칭(5%), 넙다리 앞쪽 스트레칭(3%), 걷기(3%), 엉덩이 스트레칭(3%), 달리기(2%), 실내 자전거타기(2%), 흔들어 체조(2%)",국민체력100 운동처방 · 성인 64세,,성인,,
prescription:성인-64-F-준비운동,prescription,"성인 64세 여자 1,982명에게 처방된 준비운동: 유산소 운동 전 동적 루틴 스트레칭(12%), 전신 루틴 스트레칭(11%), 등/어깨 뒤쪽 스트레칭(6%), 하지 루틴 스트레칭1(5%), 아래 팔 스트레칭(5%), 상지 루틴 스트레칭(5%), 가슴/어깨 앞쪽 스트레칭(4%), 목 스트레칭(4%), 하지 루틴 스트레칭2(3%), 진자운동(3%), 넙다리 뒤쪽 스트레칭(2%), 트레드밀에서 걷기(2%), 자가근막이완술 루틴 스트레칭(2%), 옆으로 누워서팔 앞으로 당기기(2%), 테이블 이용하여 팔 들어 올리기(2%), 달리기(2%), 걷기(2%), 실내 자전거타기(2%), 테이블 이용하여 팔 옆으로 벌리기(2%), 거북이 스트레칭(1%), 허리 스트레칭(1%), 넙다리 안쪽 스트레칭(1%), 넙다리 앞쪽 스트레칭(1%), 실외 자전거타기(1%), 앉았다 일어서기(1%)",국민체력100 운동처방 · 성인 64세,,성인,,
prescription:성인-64-M-본운동,prescription,"성인 64세 남자 3,242명에게 처방된 본운동: 달리기(7%), 실내 자전거타기(5%), 앉았다 일어서기(5%), 계단 올라갔다 내려오기(4%), 엎드려 버티기(4%), 걷기(3%), 트레드밀에서 걷기(3%), 수영(3%), 버피운동(3%), 윗몸올리기(3%), 윗몸 말아 올리기(3%), 턱걸이(3%), 팔벌려뛰기(2%), 계단 뛰어 오르기(2%), 바벨 끌어당기기(2%), 누워서 배가로근 수축 II(2%), 매달려서 다리 들기(1%), 팔굽혀펴기(1%), 한발 앞으로 내밀고 앉았다 일어서기(1%), 맨몸운동  루틴프로그램(1%), 웨이트 트레이닝  루틴프로그램(1%), 줄넘기(1%), 넙다리 뒤쪽 스트레칭(1%), 실외 자전거타기(1%), 빠르게 걷기(1%), 서서 뒤꿈치 들기(1%), 손목 펴기/굽히기(1%), 누워서 배가로근 수축 I(1%), 저항밴드 운동  루틴프로그램(1%), 앉았다 일어서면서 점프하기(1%)",국민체력100 운동처방 · 성인 64세,,성인,,
prescription:성인-64-M-정리운동,prescription,"성인 64세 남자 3,242명에게 처방된 정리운동: 전신 루틴 스트레칭(15%), 하지 루틴 스트레칭2(10%), 하지 루틴 스트레칭1(9%), 상지 루틴 스트레칭(8%), 넙다리 뒤쪽 스트레칭(8%), 허리 스트레칭(7%), 배스트레칭(7%), 엉덩이 스트레칭(5%), 넙다리 안쪽 스트레칭(4%), 걷기(3%), 넙다리 앞쪽 스트레칭(2%), 자가근막이완술 루틴 스트레칭(2%), 실내 자전거타기(2%)",국민체력100 운동처방 · 성인 64세,,성인,,
prescription:성인-64-M-준비운동,prescription,"성인 64세 남자 3,242명에게 처방된 준비운동: 유산소 운동 전 동적 루틴 스트레칭(11%), 전신 루틴 스트레칭(10%), 가슴/어깨 앞쪽 스트레칭(6%), 등/어깨 뒤쪽 스트레칭(6%), 아래 팔 스트레칭(5%), 상지 루틴 스트레칭(5%), 목 스트레칭(5%), 하지 루틴 스트레칭2(4%), 하지 루틴 스트레칭1(4%), 트레드밀에서 걷기(3%), 달리기(3%), 옆으로 누워서팔 앞으로 당기기(2%), 자가근막이완술 루틴 스트레칭(2%), 진자운동(2%), 걷기(2%), 넙다리 뒤쪽 스트레칭(2%), 테이블 이용하여 팔 들어 올리기(2%), 허리 스트레칭(2%), 실내 자전거타기(2%), 배스트레칭(1%), 넙다리 안쪽 스트레칭(1%)",국민체력100 운동처방 · 성인 64세,,성인,,
prescription:어르신-65-F-본운동,prescription,"어르신 65세 여자 3,326명에게 처방된 본운동: 고정식 자전거 타기(7%), 고정식 트레드밀에서 걷기(6%), 스텝박스(6%), 앉아서 다리 펴기(5%), 엎드려서 다리 굽히기(4%), 스텝박스 오르내리기(4%), 덤벨 잡고 앉았다 일어서기(4%), 앉아서 다리 밀기(3%), 바벨 잡고 들어올리기(3%), 아쿠아로빅(2%), 의자 이용 중심 잡기 루틴 운동(2%), 물속에서 걷기(1%), 수영(1%), 걷기(1%), 앉아서 당겨 내리기(1%), 엉덩이 스트레칭(1%), 덤벨 잡고 뒤꿈치 들기(1%), 몸통 들어올리기(1%), 균형 걷기(1%), 넙다리 뒤쪽 스트레칭(1%), 실내 자전거타기(1%), 발바닥 치기(1%), 하지 루틴 스트레칭2(1%), 앉아서 팔꿈치 굽히기(1%), 서서 뒤꿈치 들기(1%), 넙다리 안쪽 스트레칭(1%), 계단 올라갔다 내려오기(1%), 벽에서 팔굽혀 펴기(1%), 앞뒤로 선넘기(1%), 앉았다 일어서기(1%)",국민체력100 운동처방 · 어르신 65세,,어르신,,
prescription:어르신-65-F-정리운동,prescription,"어르신 65세 여자 3,326명에게 처방된 정리운동: 대퇴사두근 스트레칭(7%), 엉덩이 스트레칭(7%), 몸통 비틀기(6%), 전신 루틴 스트레칭(5%), 종아리 스트레칭(5%), 회전근개 스트레칭(3%), 엉덩이 스트레칭2(3%), 가슴 스트레칭(3%), 목 스트레칭(3%), 내전근 스트레칭(3%), 가슴/어깨 스트레칭(3%), 옆구리 스트레칭(3%), 하지 루틴 스트레칭2(2%), 고관절 스트레칭(2%), 넙다리 안쪽 스트레칭(2%), 상지 루틴 스트레칭(2%), 대퇴이두근 스트레칭(2%), 전신 틀어 손벽 마주치기(2%), 어깨 스트레칭(2%), 몸 앞으로 굽히기(2%), 대퇴이두근 스트레칭2(2%), 골반 스트레칭(2%), 정적 스트레칭  루틴프로그램(2%), 하지 루틴 스트레칭1(1%), 등/어깨 뒤쪽 스트레칭(1%), 등 대고 대퇴이두근 스트레칭(1%), 배스트레칭(1%), 고정식 자전거 타기(1%)",국민체력100 운동처방 · 어르신 65세,,어르신,,
prescription:어르신-65-F-준비운동,prescription,"어르신 65세 여자 3,326명에게 처방된 준비운동: 어깨 스트레칭(8%), 고관절 스트레칭(6%), 몸통 비틀기(6%), 등/어깨 뒤쪽 스트레칭(6%), 목 스트레칭(5%), 가슴 스트레칭(4%), 전신 루틴 스트레칭(4%), 유산소 운동 전 동적 루틴 스트레칭(3%), 팔꿈치 맞닿아 원그리기(3%), 등 대고 대퇴이두근 스트레칭(3%), 의자잡고 후방으로 무릎 굽혀 들기(3%), 대퇴사두근 스트레칭(3%), 의자 잡고 전방으로 무릎 굽혀 들기(2%), 고정식 자전거 타기(2%), 대퇴이두근 스트레칭(2%), 의자 잡고 후방으로 한발 뻗어 들기(2%), 엉덩이 스트레칭(2%), 스텝박스(2%), 마주 앉아 대퇴이두근 스트레칭(2%), 스텝박스 오르내리기(1%), 마주 앉아 대퇴이두근 스트레칭2(1%), 의자 이용 중심 잡기 루틴 운동(1%), 고정식 트레드밀에서 걷기(1%), 상지 루틴 스트레칭(1%), 하지 루틴 스트레칭1(1%), 물속에서 걷기(1%), 종아리 스트레칭(1%), 내전근 스트레칭(1%)",국민체력100 운동처방 · 어르신 65세,,어르신,,
prescription:어르신-65-M-본운동,prescription,"어르신 65세 남자 4,850명에게 처방된 본운동: 고정식 자전거 타기(6%), 덤벨 잡고 앉았다 일어서기(5%), 앉아서 다리 펴기(5%), 고정식 트레드밀에서 걷기(5%), 스텝박스(4%), 스텝박스 오르내리기(4%), 앉아서 다리 밀기(3%), 엎드려서 다리 굽히기(3%), 의자 이용 중심 잡기 루틴 운동(2%), 바벨 잡고 들어올리기(2%), 앉아서 당겨 내리기(2%), 덤벨 잡고 뒤꿈치 들기(1%), 대퇴이두근 스트레칭(1%), 앉아서 덤벨로 손목 굽히기(1%), 앉아서 팔꿈치 굽히기(1%), 서서 팔꿈치 펴기(1%), 앉아서 뒤로 당기기(1%), 엉덩이 스트레칭(1%), 걷기(1%), 몸통 들어올리기(1%), 수영(1%), 사다리 이용 루틴 운동(1%), 물속에서 걷기(1%), 플렉스 바 비틀기(1%), 바벨 당겨 올리기(1%), 벽에서 팔굽혀 펴기(1%), 실내 자전거타기(1%), 누워서 가슴 밀기(1%), 좌우로 선넘기(1%), 발바닥 치기(1%)",국민체력100 운동처방 · 어르신 65세,,어르신,,
prescription:어르신-65-M-정리운동,prescription,"어르신 65세 남자 4,850명에게 처방된 정리운동: 엉덩이 스트레칭(6%), 대퇴사두근 스트레칭(5%), 전신 루틴 스트레칭(4%), 고정식 자전거 타기(4%), 하지 루틴 스트레칭2(4%), 가슴 스트레칭(4%), 종아리 스트레칭(4%), 몸통 비틀기(3%), 회전근개 스트레칭(3%), 상지 루틴 스트레칭(3%), 골반 스트레칭(3%), 하지 루틴 스트레칭1(3%), 고관절 스트레칭(3%), 대퇴이두근 스트레칭(2%), 가슴/어깨 스트레칭(2%), 옆구리 스트레칭(2%), 목 스트레칭(2%), 고정식 트레드밀에서 걷기(2%), 엉덩이 스트레칭2(2%), 스텝박스 오르내리기(2%), 팔꿈치 맞닿아 원그리기(2%), 등/어깨 뒤쪽 스트레칭(2%), 대퇴이두근 스트레칭2(2%), 몸 앞으로 굽히기(2%), 스텝박스(2%), 내전근 스트레칭(1%), 어깨 스트레칭(1%), 등 대고 대퇴이두근 스트레칭(1%), 누워서 전신 뻗기(1%), 넙다리 안쪽 스트레칭(1%)",국민체력100 운동처방 · 어르신 65세,,어르신,,
prescription:어르신-65-M-준비운동,prescription,"어르신 65세 남자 4,850명에게 처방된 준비운동: 몸통 비틀기(6%), 어깨 스트레칭(6%), 등/어깨 뒤쪽 스트레칭(5%), 전신 루틴 스트레칭(5%), 고관절 스트레칭(5%), 목 스트레칭(4%), 대퇴이두근 스트레칭(4%), 고정식 자전거 타기(3%), 고정식 트레드밀에서 걷기(3%), 엉덩이 스트레칭(3%), 스텝박스(3%), 유산소 운동 전 동적 루틴 스트레칭(3%), 의자 잡고 후방으로 한발 뻗어 들기(3%), 가슴 스트레칭(3%), 내전근 스트레칭(3%), 대퇴사두근 스트레칭(3%), 의자잡고 후방으로 무릎 굽혀 들기(2%), 등 대고 대퇴이두근 스트레칭(2%), 스텝박스 오르내리기(2%), 팔꿈치 맞닿아 원그리기(2%), 의자 잡고 전방으로 무릎 굽혀 들기(2%), 어깨 뒤쪽 스트레칭(1%), 종아리 스트레칭(1%), 마주 앉아 대퇴이두근 스트레칭(1%), 몸 앞으로 굽히기(1%), 의자 이용 중심 잡기 루틴 운동(1%), 아래 팔 스트레칭(1%), 물속에서 걷기(1%), 상지 루틴 스트레칭(1%), 하지 루틴 스트레칭1(1%)",국민체력100 운동처방 · 어르신 65세,,어르신,,
prescription:어르신-66-F-본운동,prescription,"어르신 66세 여자 2,653명에게 처방된 본운동: 고정식 자전거 타기(6%), 앉아서 다리 펴기(5%), 스텝박스(5%), 고정식 트레드밀에서 걷기(5%), 덤벨 잡고 앉았다 일어서기(5%), 엎드려서 다리 굽히기(4%), 스텝박스 오르내리기(4%), 앉아서 다리 밀기(4%), 바벨 잡고 들어올리기(3%), 의자 이용 중심 잡기 루틴 운동(2%), 아쿠아로빅(2%), 덤벨 잡고 뒤꿈치 들기(2%), 몸통 들어올리기(2%), 수영(1%), 걷기(1%), 물속에서 걷기(1%), 물통으로 양팔 들어올리기(1%), 목봉잡고 앉았다 일어나기(1%), 발바닥 치기(1%), 의자 앞에서 앉았다 일어서기(1%), 실내 자전거타기(1%), 의자에 앉아 다리 뻗어 올리기(1%), 대퇴이두근 스트레칭(1%), 누워서 가슴 밀기(1%), 서서 다리로 탄력밴드 당겨 중심 잡기 루틴 운동(1%), 앉아서 팔꿈치 굽히기(1%), 의자잡고 후방으로 무릎 굽혀 들기(1%), 밴드 머리 뒤로 들어올리기(1%), 앞뒤로 선넘기(1%), 의자 잡고 전방으로 무릎 굽혀 들기(1%)",국민체력100 운동처방 · 어르신 66세,,어르신,,
prescription:어르신-66-F-정리운동,prescription,"어르신 66세 여자 2,653명에게 처방된 정리운동: 엉덩이 스트레칭(7%), 대퇴사두근 스트레칭(5%), 전신 루틴 스트레칭(5%), 종아리 스트레칭(5%), 몸통 비틀기(4%), 엉덩이 스트레칭2(4%), 가슴 스트레칭(3%), 고관절 스트레칭(3%), 고정식 자전거 타기(3%), 하지 루틴 스트레칭2(3%), 옆구리 스트레칭(3%), 내전근 스트레칭(2%), 목 스트레칭(2%), 대퇴이두근 스트레칭(2%), 상지 루틴 스트레칭(2%), 대퇴이두근 스트레칭2(2%), 스텝박스 오르내리기(2%), 고정식 트레드밀에서 걷기(2%), 어깨 스트레칭(2%), 하지 루틴 스트레칭1(2%), 비복근 스트레칭(2%), 골반 스트레칭(2%), 배스트레칭(1%), 허리 스트레칭(1%), 회전근개 스트레칭(1%), 몸 앞으로 굽히기(1%), 넙다리 뒤쪽 스트레칭(1%), 정적 스트레칭  루틴프로그램(1%), 넙다리 안쪽 스트레칭(1%), 스텝박스(1%)",국민체력100 운동처방 · 어르신 66세,,어르신,,
prescription:어르신-66-F-준비운동,prescription,"어르신 66세 여자 2,653명에게 처방된 준비운동: 어깨 스트레칭(7%), 몸통 비틀기(6%), 목 스트레칭(5%), 고관절 스트레칭(4%), 등/어깨 뒤쪽 스트레칭(4%), 전신 루틴 스트레칭(4%), 유산소 운동 전 동적 루틴 스트레칭(4%), 대퇴이두근 스트레칭(3%), 의자잡고 후방으로 무릎 굽혀 들기(3%), 가슴 스트레칭(3%), 고정식 자전거 타기(3%), 등 대고 대퇴이두근 스트레칭(3%), 엉덩이 스트레칭(3%), 의자 잡고 후방으로 한발 뻗어 들기(3%), 스텝박스(3%), 의자 잡고 전방으로 무릎 굽혀 들기(2%), 마주 앉아 대퇴이두근 스트레칭(2%), 대퇴사두근 스트레칭(2%), 상지 루틴 스트레칭(2%), 고정식 트레드밀에서 걷기(2%), 의자 이용 중심 잡기 루틴 운동(2%), 내전근 스트레칭(2%), 스텝박스 오르내리기(2%), 팔꿈치 맞닿아 원그리기(2%), 마주 앉아 대퇴이두근 스트레칭2(1%), 하지 루틴 스트레칭1(1%), 물속에서 걷기(1%), 종아리 스트레칭(1%), 아래 팔 스트레칭(1%), 하지 루틴 스트레칭2(1%)",국민체력100 운동처방 · 어르신 66세,,어르신,,
prescription:어르신-66-M-본운동,prescription,"어르신 66세 남자 3,823명에게 처방된 본운동: 고정식 자전거 타기(7%), 고정식 트레드밀에서 걷기(6%), 앉아서 다리 펴기(5%), 스텝박스(5%), 스텝박스 오르내리기(4%), 덤벨 잡고 앉았다 일어서기(4%), 엎드려서 다리 굽히기(3%), 앉아서 다리 밀기(3%), 의자 이용 중심 잡기 루틴 운동(2%), 바벨 잡고 들어올리기(2%), 덤벨 잡고 뒤꿈치 들기(2%), 서서 팔꿈치 펴기(1%), 앉아서 덤벨로 손목 굽히기(1%), 앉아서 당겨 내리기(1%), 앉아서 팔꿈치 굽히기(1%), 누워서 가슴 밀기(1%), 몸통 들어올리기(1%), 걷기(1%), 물속에서 걷기(1%), 벽에서 팔굽혀 펴기(1%), 플렉스 바 비틀기(1%), 앉아서 뒤로 당기기(1%), 탄력밴드 후방으로 당기기(1%), 발바닥 치기(1%), 사다리 이용 루틴 운동(1%), 서서 다리로 탄력밴드 당겨 중심 잡기 루틴 운동(1%), 엉덩이 스트레칭(1%), 앞뒤로 선넘기(1%), 탄력밴드 전방으로 당기기(1%), 아쿠아로빅(1%)",국민체력100 운동처방 · 어르신 66세,,어르신,,
prescription:어르신-66-M-정리운동,prescription,"어르신 66세 남자 3,823명에게 처방된 정리운동: 대퇴사두근 스트레칭(7%), 엉덩이 스트레칭(6%), 하지 루틴 스트레칭2(4%), 전신 루틴 스트레칭(4%), 몸통 비틀기(4%), 고정식 자전거 타기(3%), 종아리 스트레칭(3%), 상지 루틴 스트레칭(3%), 고관절 스트레칭(3%), 대퇴이두근 스트레칭(3%), 하지 루틴 스트레칭1(3%), 옆구리 스트레칭(3%), 엉덩이 스트레칭2(3%), 대퇴이두근 스트레칭2(3%), 몸 앞으로 굽히기(3%), 회전근개 스트레칭(2%), 어깨 스트레칭(2%), 스텝박스 오르내리기(2%), 가슴/어깨 스트레칭(2%), 넙다리 뒤쪽 스트레칭(2%), 넙다리 안쪽 스트레칭(2%), 내전근 스트레칭(2%), 스텝박스(2%), 마주 앉아 대퇴이두근 스트레칭2(2%), 고정식 트레드밀에서 걷기(2%), 골반 스트레칭(2%), 가슴 스트레칭(2%), 허리 스트레칭(2%), 목 스트레칭(1%)",국민체력100 운동처방 · 어르신 66세,,어르신,,
prescription:어르신-66-M-준비운동,prescription,"어르신 66세 남자 3,823명에게 처방된 준비운동: 어깨 스트레칭(7%), 몸통 비틀기(6%), 등/어깨 뒤쪽 스트레칭(5%), 전신 루틴 스트레칭(4%), 목 스트레칭(4%), 등 대고 대퇴이두근 스트레칭(4%), 의자잡고 후방으로 무릎 굽혀 들기(4%), 고관절 스트레칭(3%), 의자 잡고 후방으로 한발 뻗어 들기(3%), 대퇴이두근 스트레칭(3%), 가슴 스트레칭(3%), 의자 잡고 전방으로 무릎 굽혀 들기(3%), 고정식 자전거 타기(3%), 마주 앉아 대퇴이두근 스트레칭(3%), 고정식 트레드밀에서 걷기(2%), 대퇴사두근 스트레칭(2%), 팔꿈치 맞닿아 원그리기(2%), 스텝박스(2%), 내전근 스트레칭(2%), 엉덩이 스트레칭(2%), 유산소 운동 전 동적 루틴 스트레칭(2%), 어깨 뒤쪽 스트레칭(2%), 스텝박스 오르내리기(1%), 종아리 스트레칭(1%), 아래 팔 스트레칭(1%), 가슴/어깨 앞쪽 스트레칭(1%), 하지 루틴 스트레칭1(1%), 의자 이용 중심 잡기 루틴 운동(1%), 하지 루틴 스트레칭2(1%)",국민체력100 운동처방 · 어르신 66세,,어르신,,
prescription:어르신-67-F-본운동,prescription,"어르신 67세 여자 2,588명에게 처방된 본운동: 고정식 자전거 타기(7%), 스텝박스(5%), 고정식 트레드밀에서 걷기(5%), 앉아서 다리 펴기(4%), 스텝박스 오르내리기(4%), 엎드려서 다리 굽히기(4%), 덤벨 잡고 앉았다 일어서기(4%), 의자 이용 중심 잡기 루틴 운동(3%), 바벨 잡고 들어올리기(3%), 앉아서 다리 밀기(3%), 아쿠아로빅(2%), 덤벨 잡고 뒤꿈치 들기(2%), 수영(2%), 물속에서 걷기(1%), 몸통 들어올리기(1%), 엉덩이 스트레칭(1%), 앉아서 가슴 모으기(1%), 앉아서 당겨 내리기(1%), 대퇴이두근 스트레칭(1%), 좌우로 선넘기(1%), 서서 팔꿈치 펴기(1%), 걷기(1%), 고관절 스트레칭(1%), 대퇴이두근 스트레칭2(1%), 서서 다리로 탄력밴드 당겨 중심 잡기 루틴 운동(1%), 발바닥 치기(1%), 등 대고 대퇴이두근 스트레칭(1%), 베개 밟고 서기(1%), 누워서 가슴 밀기(1%), 균형 걷기(1%)",국민체력100 운동처방 · 어르신 67세,,어르신,,
prescription:어르신-67-F-정리운동,prescription,"어르신 67세 여자 2,588명에게 처방된 정리운동: 엉덩이 스트레칭(9%), 대퇴사두근 스트레칭(5%), 몸통 비틀기(5%), 전신 루틴 스트레칭(4%), 종아리 스트레칭(4%), 내전근 스트레칭(4%), 몸 앞으로 굽히기(3%), 엉덩이 스트레칭2(3%), 옆구리 스트레칭(3%), 대퇴이두근 스트레칭(3%), 상지 루틴 스트레칭(3%), 고관절 스트레칭(3%), 고정식 자전거 타기(3%), 대퇴이두근 스트레칭2(3%), 하지 루틴 스트레칭1(2%), 어깨 스트레칭(2%), 하지 루틴 스트레칭2(2%), 골반 스트레칭(2%), 정적 스트레칭  루틴프로그램(2%), 목 스트레칭(2%), 넙다리 안쪽 스트레칭(2%), 회전근개 스트레칭(2%), 스텝박스 오르내리기(2%), 넙다리 앞쪽 스트레칭(1%), 가슴 스트레칭(1%), 고정식 트레드밀에서 걷기(1%), 골반 스트레칭2(1%), 비복근 스트레칭(1%), 허리 스트레칭(1%), 가슴/어깨 스트레칭(1%)",국민체력100 운동처방 · 어르신 67세,,어르신,,
prescription:어르신-67-F-준비운동,prescription,"어르신 67세 여자 2,588명에게 처방된 준비운동: 어깨 스트레칭(7%), 몸통 비틀기(7%), 등/어깨 뒤쪽 스트레칭(5%), 고관절 스트레칭(5%), 목 스트레칭(4%), 유산소 운동 전 동적 루틴 스트레칭(4%), 전신 루틴 스트레칭(4%), 등 대고 대퇴이두근 스트레칭(4%), 가슴 스트레칭(3%), 의자 잡고 후방으로 한발 뻗어 들기(3%), 스텝박스(3%), 대퇴이두근 스트레칭(3%), 고정식 자전거 타기(3%), 대퇴사두근 스트레칭(2%), 마주 앉아 대퇴이두근 스트레칭(2%), 의자잡고 후방으로 무릎 굽혀 들기(2%), 고정식 트레드밀에서 걷기(2%), 팔꿈치 맞닿아 원그리기(2%), 의자 잡고 전방으로 무릎 굽혀 들기(2%), 엉덩이 스트레칭(2%), 마주 앉아 대퇴이두근 스트레칭2(2%), 의자 이용 중심 잡기 루틴 운동(1%), 내전근 스트레칭(1%), 스텝박스 오르내리기(1%), 종아리 스트레칭(1%), 엉덩이 스트레칭2(1%), 어깨 뒤쪽 스트레칭(1%), 상지 루틴 스트레칭(1%), 물속에서 걷기(1%), 하지 루틴 스트레칭1(1%)",국민체력100 운동처방 · 어르신 67세,,어르신,,
prescription:어르신-67-M-본운동,prescription,"어르신 67세 남자 3,572명에게 처방된 본운동: 고정식 자전거 타기(7%), 고정식 트레드밀에서 걷기(5%), 앉아서 다리 펴기(5%), 스텝박스(4%), 스텝박스 오르내리기(4%), 덤벨 잡고 앉았다 일어서기(4%), 엎드려서 다리 굽히기(3%), 앉아서 다리 밀기(3%), 앉아서 팔꿈치 굽히기(2%), 바벨 잡고 들어올리기(2%), 의자 이용 중심 잡기 루틴 운동(2%), 몸통 들어올리기(2%), 서서 팔꿈치 펴기(1%), 앉아서 당겨 내리기(1%), 덤벨 잡고 뒤꿈치 들기(1%), 걷기(1%), 사다리 이용 루틴 운동(1%), 대퇴이두근 스트레칭(1%), 벽에서 팔굽혀 펴기(1%), 아쿠아로빅(1%), 앉아서 가슴 모으기(1%), 앉아서 덤벨로 손목 굽히기(1%), 엉덩이 스트레칭(1%), 발바닥 치기(1%), 수영(1%), 앉아서 뒤로 당기기(1%), 실내 자전거타기(1%), 누워서 가슴 밀기(1%), 의자 앞에서 앉았다 일어서기(1%), 플렉스 바 비틀기(1%)",국민체력100 운동처방 · 어르신 67세,,어르신,,
prescription:어르신-67-M-정리운동,prescription,"어르신 67세 남자 3,572명에게 처방된 정리운동: 하지 루틴 스트레칭2(6%), 상지 루틴 스트레칭(6%), 하지 루틴 스트레칭1(5%), 몸통 비틀기(4%), 엉덩이 스트레칭(4%), 대퇴사두근 스트레칭(4%), 회전근개 스트레칭(3%), 골반 스트레칭(3%), 종아리 스트레칭(3%), 고관절 스트레칭(3%), 엉덩이 스트레칭2(2%), 전신 루틴 스트레칭(2%), 가슴/어깨 스트레칭(2%), 대퇴이두근 스트레칭(2%), 고정식 자전거 타기(2%), 가슴 스트레칭(2%), 자가근막이완술 루틴 스트레칭(2%), 어깨 스트레칭(2%), 넙다리 안쪽 스트레칭(2%), 등/어깨 뒤쪽 스트레칭(2%), 대퇴이두근 스트레칭2(2%), 허리 스트레칭(2%), 옆구리 스트레칭(2%), 목 스트레칭(2%), 넙다리 뒤쪽 스트레칭(2%), 배스트레칭(1%), 팔꿈치 맞닿아 원그리기(1%), 스텝박스 오르내리기(1%), 내전근 스트레칭(1%), 몸 앞으로 굽히기(1%)",국민체력100 운동처방 · 어르신 67세,,어르신,,
prescription:어르신-67-M-준비운동,prescription,"어르신 67세 남자 3,572명에게 처방된 준비운동: 전신 루틴 스트레칭(6%), 목 스트레칭(5%), 고관절 스트레칭(5%), 몸통 비틀기(5%), 어깨 스트레칭(5%), 등/어깨 뒤쪽 스트레칭(4%), 엉덩이 스트레칭(4%), 대퇴이두근 스트레칭(3%), 가슴 스트레칭(3%), 대퇴사두근 스트레칭(3%), 등 대고 대퇴이두근 스트레칭(3%), 팔꿈치 맞닿아 원그리기(3%), 의자 잡고 후방으로 한발 뻗어 들기(3%), 의자잡고 후방으로 무릎 굽혀 들기(3%), 유산소 운동 전 동적 루틴 스트레칭(3%), 고정식 자전거 타기(2%), 의자 잡고 전방으로 무릎 굽혀 들기(2%), 마주 앉아 대퇴이두근 스트레칭(2%), 고정식 트레드밀에서 걷기(2%), 자가근막이완술 루틴 스트레칭(2%), 스텝박스 오르내리기(2%), 짐볼을 이용한 동적 루틴 스트레칭(2%), 스텝박스(2%), 내전근 스트레칭(1%), 아래 팔 스트레칭(1%), 종아리 스트레칭(1%), 가슴/어깨 앞쪽 스트레칭(1%), 의자 이용 중심 잡기 루틴 운동(1%), 마주 앉아 대퇴이두근 스트레칭2(1%)",국민체력100 운동처방 · 어르신 67세,,어르신,,
prescription:어르신-68-F-본운동,prescription,"어르신 68세 여자 2,566명에게 처방된 본운동: 고정식 자전거 타기(7%), 앉아서 다리 펴기(5%), 고정식 트레드밀에서 걷기(4%), 엎드려서 다리 굽히기(4%), 덤벨 잡고 앉았다 일어서기(4%), 스텝박스 오르내리기(4%), 스텝박스(4%), 의자 이용 중심 잡기 루틴 운동(3%), 앉아서 다리 밀기(2%), 바벨 잡고 들어올리기(2%), 아쿠아로빅(2%), 걷기(1%), 수영(1%), 덤벨 잡고 뒤꿈치 들기(1%), 앉아서 당겨 내리기(1%), 목봉잡고 앉았다 일어나기(1%), 몸통 들어올리기(1%), 물속에서 걷기(1%), 엉덩이 스트레칭(1%), 벽에서 팔굽혀 펴기(1%), 실내 자전거타기(1%), 누워서 가슴 밀기(1%), 바벨 당겨 올리기(1%), 사다리 이용 루틴 운동(1%), 발바닥 치기(1%), 서서 다리로 탄력밴드 당겨 중심 잡기 루틴 운동(1%), 앉아서 팔꿈치 굽히기(1%), 밴드 잡고 누워서 다리 밀기(1%), 균형 걷기(1%), 대퇴이두근 스트레칭(1%)",국민체력100 운동처방 · 어르신 68세,,어르신,,
prescription:어르신-68-F-정리운동,prescription,"어르신 68세 여자 2,566명에게 처방된 정리운동: 대퇴사두근 스트레칭(7%), 엉덩이 스트레칭(6%), 몸통 비틀기(4%), 전신 루틴 스트레칭(4%), 종아리 스트레칭(3%), 골반 스트레칭(3%), 회전근개 스트레칭(3%), 옆구리 스트레칭(3%), 몸 앞으로 굽히기(3%), 어깨 스트레칭(3%), 고관절 스트레칭(3%), 허리 스트레칭(3%), 내전근 스트레칭(3%), 하지 루틴 스트레칭2(2%), 가슴 스트레칭(2%), 넙다리 안쪽 스트레칭(2%), 엉덩이 스트레칭2(2%), 고정식 자전거 타기(2%), 상지 루틴 스트레칭(2%), 스텝박스 오르내리기(2%), 목 스트레칭(2%), 넙다리 뒤쪽 스트레칭(2%), 대퇴이두근 스트레칭(2%), 등 대고 대퇴이두근 스트레칭(2%), 배스트레칭(2%), 하지 루틴 스트레칭1(2%), 가슴/어깨 스트레칭(2%), 고정식 트레드밀에서 걷기(1%), 골반 스트레칭2(1%), 대퇴이두근 스트레칭2(1%)",국민체력100 운동처방 · 어르신 68세,,어르신,,
prescription:어르신-68-F-준비운동,prescription,"어르신 68세 여자 2,566명에게 처방된 준비운동: 어깨 스트레칭(8%), 몸통 비틀기(6%), 고관절 스트레칭(5%), 대퇴이두근 스트레칭(5%), 등/어깨 뒤쪽 스트레칭(5%), 목 스트레칭(5%), 등 대고 대퇴이두근 스트레칭(4%), 가슴 스트레칭(3%), 유산소 운동 전 동적 루틴 스트레칭(3%), 의자잡고 후방으로 무릎 굽혀 들기(3%), 의자 잡고 전방으로 무릎 굽혀 들기(3%), 의자 잡고 후방으로 한발 뻗어 들기(3%), 팔꿈치 맞닿아 원그리기(3%), 고정식 자전거 타기(3%), 엉덩이 스트레칭(2%), 전신 루틴 스트레칭(2%), 마주 앉아 대퇴이두근 스트레칭(2%), 고정식 트레드밀에서 걷기(2%), 아래 팔 스트레칭(2%), 대퇴사두근 스트레칭(2%), 스텝박스(2%), 스텝박스 오르내리기(1%), 마주 앉아 대퇴이두근 스트레칭2(1%), 가슴/어깨 앞쪽 스트레칭(1%), 내전근 스트레칭(1%), 의자 이용 중심 잡기 루틴 운동(1%), 어깨 뒤쪽 스트레칭(1%), 상지 루틴 스트레칭(1%), 종아리 스트레칭(1%)",국민체력100 운동처방 · 어르신 68세,,어르신,,
prescription:어르신-68-M-본운동,prescription,"어르신 68세 남자 3,075명에게 처방된 본운동: 고정식 자전거 타기(7%), 앉아서 다리 펴기(6%), 고정식 트레드밀에서 걷기(5%), 스텝박스(4%), 스텝박스 오르내리기(4%), 덤벨 잡고 앉았다 일어서기(4%), 엎드려서 다리 굽히기(4%), 앉아서 다리 밀기(4%), 덤벨 잡고 뒤꿈치 들기(2%), 바벨 잡고 들어올리기(2%), 의자 이용 중심 잡기 루틴 운동(2%), 앉아서 당겨 내리기(1%), 벽에서 팔굽혀 펴기(1%), 아쿠아로빅(1%), 발바닥 치기(1%), 걷기(1%), 플렉스 바 비틀기(1%), 사다리 이용 루틴 운동(1%), 목봉잡고 앉았다 일어나기(1%), 몸통 들어올리기(1%), 앉아서 팔꿈치 굽히기(1%), 수영(1%), 앉아서 뒤로 당기기(1%), 누워서 가슴 밀기(1%), 공 잡고 들어올리기(1%), 서서 다리로 탄력밴드 당겨 중심 잡기 루틴 운동(1%), 좌우로 선넘기(1%), 실내 자전거타기(1%), 엉덩이 스트레칭(1%), 계단 올라갔다 내려오기(1%)",국민체력100 운동처방 · 어르신 68세,,어르신,,
prescription:어르신-68-M-정리운동,prescription,"어르신 68세 남자 3,075명에게 처방된 정리운동: 엉덩이 스트레칭(8%), 대퇴사두근 스트레칭(6%), 하지 루틴 스트레칭1(4%), 대퇴이두근 스트레칭(3%), 하지 루틴 스트레칭2(3%), 몸통 비틀기(3%), 상지 루틴 스트레칭(3%), 고관절 스트레칭(3%), 회전근개 스트레칭(3%), 종아리 스트레칭(3%), 가슴 스트레칭(3%), 내전근 스트레칭(3%), 전신 루틴 스트레칭(3%), 고정식 자전거 타기(2%), 몸 앞으로 굽히기(2%), 옆구리 스트레칭(2%), 넙다리 뒤쪽 스트레칭(2%), 골반 스트레칭(2%), 등/어깨 뒤쪽 스트레칭(2%), 엉덩이 스트레칭2(2%), 허리 스트레칭(2%), 대퇴이두근 스트레칭2(2%), 가슴/어깨 스트레칭(2%), 목 스트레칭(2%), 배스트레칭(2%), 등 대고 대퇴이두근 스트레칭(1%), 넙다리 안쪽 스트레칭(1%), 어깨 스트레칭(1%), 스텝박스 오르내리기(1%), 복부 스트레칭(1%)",국민체력100 운동처방 · 어르신 68세,,어르신,,
prescription:어르신-68-M-준비운동,prescription,"어르신 68세 남자 3,075명에게 처방된 준비운동: 몸통 비틀기(6%), 어깨 스트레칭(6%), 고관절 스트레칭(6%), 등/어깨 뒤쪽 스트레칭(5%), 목 스트레칭(5%), 엉덩이 스트레칭(4%), 전신 루틴 스트레칭(4%), 등 대고 대퇴이두근 스트레칭(4%), 대퇴이두근 스트레칭(3%), 대퇴사두근 스트레칭(3%), 가슴 스트레칭(3%), 의자 잡고 후방으로 한발 뻗어 들기(3%), 고정식 자전거 타기(3%), 의자잡고 후방으로 무릎 굽혀 들기(3%), 고정식 트레드밀에서 걷기(2%), 팔꿈치 맞닿아 원그리기(2%), 의자 잡고 전방으로 무릎 굽혀 들기(2%), 아래 팔 스트레칭(2%), 스텝박스(2%), 유산소 운동 전 동적 루틴 스트레칭(2%), 마주 앉아 대퇴이두근 스트레칭(2%), 마주 앉아 대퇴이두근 스트레칭2(2%), 스텝박스 오르내리기(2%), 가슴/어깨 앞쪽 스트레칭(2%), 내전근 스트레칭(2%), 어깨 뒤쪽 스트레칭(1%), 옆구리 스트레칭(1%)",국민체력100 운동처방 · 어르신 68세,,어르신,,
prescription:어르신-69-F-본운동,prescription,"어르신 69세 여자 2,484명에게 처방된 본운동: 고정식 자전거 타기(6%), 앉아서 다리 펴기(5%), 엎드려서 다리 굽히기(5%), 고정식 트레드밀에서 걷기(4%), 스텝박스(4%), 스텝박스 오르내리기(4%), 덤벨 잡고 앉았다 일어서기(4%), 의자 이용 중심 잡기 루틴 운동(3%), 앉아서 다리 밀기(3%), 바벨 잡고 들어올리기(3%), 몸통 들어올리기(2%), 덤벨 잡고 뒤꿈치 들기(2%), 아쿠아로빅(2%), 걷기(1%), 수영(1%), 앞뒤로 선넘기(1%), 물속에서 걷기(1%), 의자 잡고 전방으로 무릎 굽혀 들기(1%), 발바닥 치기(1%), 의자잡고 후방으로 무릎 굽혀 들기(1%), 목봉잡고 앉았다 일어나기(1%), 앉아서 당겨 내리기(1%), 앉았다 일어서기(1%), 밴드 걸고 엎드려서 다리 구부리기(1%), 물통으로 양팔 들어올리기(1%), 좌우로 선넘기(1%), 의자 잡고 후방으로 한발 뻗어 들기(1%), 균형 걷기(1%), 누워서 가슴 밀기(1%), 대퇴이두근 스트레칭(1%)",국민체력100 운동처방 · 어르신 69세,,어르신,,
prescription:어르신-69-F-정리운동,prescription,"어르신 69세 여자 2,484명에게 처방된 정리운동: 몸통 비틀기(7%), 엉덩이 스트레칭(6%), 대퇴사두근 스트레칭(6%), 종아리 스트레칭(5%), 가슴 스트레칭(4%), 엉덩이 스트레칭2(4%), 하지 루틴 스트레칭2(3%), 목 스트레칭(3%), 회전근개 스트레칭(3%), 전신 루틴 스트레칭(3%), 옆구리 스트레칭(3%), 하지 루틴 스트레칭1(3%), 대퇴이두근 스트레칭(3%), 어깨 스트레칭(2%), 정적 스트레칭  루틴프로그램(2%), 대퇴이두근 스트레칭2(2%), 고관절 스트레칭(2%), 고정식 자전거 타기(2%), 가슴/어깨 스트레칭(2%), 상지 루틴 스트레칭(2%), 내전근 스트레칭(2%), 골반 스트레칭(1%), 몸 앞으로 굽히기(1%), 전신 틀어 손벽 마주치기(1%), 등/어깨 뒤쪽 스트레칭(1%), 스텝박스 오르내리기(1%), 골반 스트레칭2(1%), 마주 앉아 대퇴이두근 스트레칭(1%), 복부 스트레칭(1%), 고정식 트레드밀에서 걷기(1%)",국민체력100 운동처방 · 어르신 69세,,어르신,,
prescription:어르신-69-F-준비운동,prescription,"어르신 69세 여자 2,484명에게 처방된 준비운동: 몸통 비틀기(9%), 어깨 스트레칭(8%), 고관절 스트레칭(7%), 전신 루틴 스트레칭(4%), 등/어깨 뒤쪽 스트레칭(4%), 유산소 운동 전 동적 루틴 스트레칭(4%), 등 대고 대퇴이두근 스트레칭(3%), 대퇴이두근 스트레칭(3%), 목 스트레칭(3%), 의자 잡고 후방으로 한발 뻗어 들기(3%), 마주 앉아 대퇴이두근 스트레칭(3%), 가슴 스트레칭(3%), 고정식 자전거 타기(2%), 의자잡고 후방으로 무릎 굽혀 들기(2%), 엉덩이 스트레칭(2%), 마주 앉아 대퇴이두근 스트레칭2(2%), 팔꿈치 맞닿아 원그리기(2%), 고정식 트레드밀에서 걷기(2%), 스텝박스(2%), 대퇴사두근 스트레칭(2%), 의자 잡고 전방으로 무릎 굽혀 들기(2%), 스텝박스 오르내리기(1%), 물속에서 걷기(1%), 상지 루틴 스트레칭(1%), 어깨 뒤쪽 스트레칭(1%), 옆구리 스트레칭(1%), 아래 팔 스트레칭(1%), 의자 이용 중심 잡기 루틴 운동(1%), 거북이 스트레칭(1%), 덤벨 잡고 앉았다 일어서기(1%)",국민체력100 운동처방 · 어르신 69세,,어르신,,
prescription:어르신-69-M-본운동,prescription,"어르신 69세 남자 2,704명에게 처방된 본운동: 고정식 자전거 타기(6%), 앉아서 다리 펴기(5%), 고정식 트레드밀에서 걷기(4%), 스텝박스 오르내리기(4%), 덤벨 잡고 앉았다 일어서기(4%), 엎드려서 다리 굽히기(3%), 앉아서 다리 밀기(3%), 스텝박스(3%), 의자 이용 중심 잡기 루틴 운동(3%), 앉아서 당겨 내리기(2%), 바벨 잡고 들어올리기(2%), 밴드 걸고 누워서 다리 들어올리기(2%), 누워서 가슴 밀기(2%), 덤벨 잡고 뒤꿈치 들기(1%), 몸통 들어올리기(1%), 대퇴이두근 스트레칭(1%), 앉아서 팔꿈치 굽히기(1%), 앉아서 뒤로 당기기(1%), 걷기(1%), 밴드 걸고 엎드려서 다리 구부리기(1%), 물속에서 걷기(1%), 아쿠아로빅(1%), 사다리 이용 루틴 운동(1%), 서서 팔꿈치 펴기(1%), 발바닥 치기(1%), 엉덩이 스트레칭(1%), 탄력밴드 후방으로 당기기(1%), 앉아서 가슴 모으기(1%), 벽에서 팔굽혀 펴기(1%), 플렉스 바 비틀기(1%)",국민체력100 운동처방 · 어르신 69세,,어르신,,
prescription:어르신-69-M-정리운동,prescription,"어르신 69세 남자 2,704명에게 처방된 정리운동: 엉덩이 스트레칭(8%), 대퇴사두근 스트레칭(7%), 하지 루틴 스트레칭2(4%), 상지 루틴 스트레칭(4%), 내전근 스트레칭(4%), 회전근개 스트레칭(4%), 전신 루틴 스트레칭(3%), 고관절 스트레칭(3%), 하지 루틴 스트레칭1(3%), 몸 앞으로 굽히기(3%), 골반 스트레칭(3%), 대퇴이두근 스트레칭(3%), 고정식 자전거 타기(3%), 엉덩이 스트레칭2(3%), 몸통 비틀기(3%), 종아리 스트레칭(3%), 대퇴이두근 스트레칭2(2%), 가슴/어깨 스트레칭(2%), 넙다리 안쪽 스트레칭(2%), 배스트레칭(2%), 옆구리 스트레칭(2%), 등/어깨 뒤쪽 스트레칭(1%), 허리 스트레칭(1%), 넙다리 앞쪽 스트레칭(1%), 어깨 스트레칭(1%), 가슴 스트레칭(1%), 비복근 스트레칭(1%), 마주 앉아 대퇴이두근 스트레칭(1%), 스텝박스(1%), 누워서 전신 뻗기(1%)",국민체력100 운동처방 · 어르신 69세,,어르신,,
prescription:어르신-69-M-준비운동,prescription,"어르신 69세 남자 2,704명에게 처방된 준비운동: 몸통 비틀기(6%), 등/어깨 뒤쪽 스트레칭(5%), 어깨 스트레칭(5%), 전신 루틴 스트레칭(5%), 고관절 스트레칭(4%), 목 스트레칭(4%), 등 대고 대퇴이두근 스트레칭(4%), 엉덩이 스트레칭(4%), 가슴 스트레칭(3%), 의자 잡고 후방으로 한발 뻗어 들기(3%), 대퇴이두근 스트레칭(3%), 의자잡고 후방으로 무릎 굽혀 들기(3%), 고정식 트레드밀에서 걷기(3%), 고정식 자전거 타기(3%), 팔꿈치 맞닿아 원그리기(2%), 스텝박스(2%), 의자 잡고 전방으로 무릎 굽혀 들기(2%), 내전근 스트레칭(2%), 대퇴사두근 스트레칭(2%), 마주 앉아 대퇴이두근 스트레칭(2%), 하지 루틴 스트레칭2(2%), 마주 앉아 대퇴이두근 스트레칭2(2%), 스텝박스 오르내리기(2%), 종아리 스트레칭(1%), 유산소 운동 전 동적 루틴 스트레칭(1%), 상지 루틴 스트레칭(1%), 어깨 뒤쪽 스트레칭(1%), 아래 팔 스트레칭(1%), 가슴/어깨 앞쪽 스트레칭(1%), 의자 이용 중심 잡기 루틴 운동(1%)",국민체력100 운동처방 · 어르신 69세,,어르신,,
prescription:어르신-70-F-본운동,prescription,"어르신 70세 여자 2,342명에게 처방된 본운동: 고정식 자전거 타기(6%), 고정식 트레드밀에서 걷기(5%), 앉아서 다리 펴기(5%), 덤벨 잡고 앉았다 일어서기(4%), 엎드려서 다리 굽히기(4%), 스텝박스(4%), 스텝박스 오르내리기(3%), 앉아서 다리 밀기(3%), 바벨 잡고 들어올리기(3%), 의자 이용 중심 잡기 루틴 운동(2%), 덤벨 잡고 뒤꿈치 들기(2%), 몸통 들어올리기(2%), 아쿠아로빅(2%), 걷기(1%), 앞뒤로 선넘기(1%), 발바닥 치기(1%), 좌우로 선넘기(1%), 앉아서 뒤로 당기기(1%), 수영(1%), 물속에서 걷기(1%), 엉덩이 스트레칭(1%), 서서 다리로 탄력밴드 당겨 중심 잡기 루틴 운동(1%), 벽에서 팔굽혀 펴기(1%), 고관절 스트레칭(1%), 대퇴이두근 스트레칭(1%), 사다리 이용 루틴 운동(1%), 서서 다리 모으고 벌리기(1%), 밴드 머리 뒤로 들어올리기(1%), 앉아서 몸통 움츠리기(1%), 의자잡고 후방으로 무릎 굽혀 들기(1%)",국민체력100 운동처방 · 어르신 70세,,어르신,,
prescription:어르신-70-F-정리운동,prescription,"어르신 70세 여자 2,342명에게 처방된 정리운동: 대퇴사두근 스트레칭(8%), 엉덩이 스트레칭(7%), 종아리 스트레칭(5%), 전신 루틴 스트레칭(5%), 엉덩이 스트레칭2(4%), 몸통 비틀기(4%), 내전근 스트레칭(3%), 회전근개 스트레칭(3%), 대퇴이두근 스트레칭(3%), 어깨 스트레칭(3%), 고관절 스트레칭(3%), 정적 스트레칭  루틴프로그램(3%), 옆구리 스트레칭(2%), 몸 앞으로 굽히기(2%), 골반 스트레칭(2%), 가슴 스트레칭(2%), 목 스트레칭(2%), 가슴/어깨 스트레칭(2%), 허리 스트레칭(2%), 발가락 폄근 스트레칭(2%), 고정식 자전거 타기(2%), 대퇴이두근 스트레칭2(2%), 전신 틀어 손벽 마주치기(2%), 비복근 스트레칭(2%), 하지 루틴 스트레칭1(2%), 상지 루틴 스트레칭(2%), 등/어깨 뒤쪽 스트레칭(2%), 하지 루틴 스트레칭2(1%), 등 대고 대퇴이두근 스트레칭(1%), 고정식 트레드밀에서 걷기(1%)",국민체력100 운동처방 · 어르신 70세,,어르신,,
prescription:어르신-70-F-준비운동,prescription,"어르신 70세 여자 2,342명에게 처방된 준비운동: 어깨 스트레칭(8%), 몸통 비틀기(8%), 고관절 스트레칭(6%), 유산소 운동 전 동적 루틴 스트레칭(4%), 등 대고 대퇴이두근 스트레칭(4%), 등/어깨 뒤쪽 스트레칭(4%), 대퇴이두근 스트레칭(4%), 목 스트레칭(3%), 의자 잡고 후방으로 한발 뻗어 들기(3%), 가슴 스트레칭(3%), 팔꿈치 맞닿아 원그리기(3%), 고정식 자전거 타기(3%), 의자잡고 후방으로 무릎 굽혀 들기(2%), 대퇴사두근 스트레칭(2%), 마주 앉아 대퇴이두근 스트레칭(2%), 전신 루틴 스트레칭(2%), 엉덩이 스트레칭(2%), 의자 잡고 전방으로 무릎 굽혀 들기(2%), 스텝박스(2%), 고정식 트레드밀에서 걷기(2%), 의자 이용 중심 잡기 루틴 운동(1%), 마주 앉아 대퇴이두근 스트레칭2(1%), 내전근 스트레칭(1%), 상지 루틴 스트레칭(1%), 어깨 뒤쪽 스트레칭(1%), 종아리 스트레칭(1%), 아래 팔 스트레칭(1%), 스텝박스 오르내리기(1%), 하지 루틴 스트레칭1(1%), 비복근 스트레칭(1%)",국민체력100 운동처방 · 어르신 70세,,어르신,,
prescription:어르신-70-M-본운동,prescription,"어르신 70세 남자 2,490명에게 처방된 본운동: 고정식 자전거 타기(6%), 덤벨 잡고 앉았다 일어서기(5%), 앉아서 다리 펴기(5%), 앉아서 다리 밀기(5%), 고정식 트레드밀에서 걷기(4%), 스텝박스(4%), 엎드려서 다리 굽히기(3%), 스텝박스 오르내리기(3%), 바벨 잡고 들어올리기(2%), 덤벨 잡고 뒤꿈치 들기(2%), 의자 이용 중심 잡기 루틴 운동(2%), 앉아서 당겨 내리기(2%), 엉덩이 스트레칭(1%), 걷기(1%), 앉아서 뒤로 당기기(1%), 앉아서 팔꿈치 굽히기(1%), 물속에서 걷기(1%), 대퇴이두근 스트레칭(1%), 아쿠아로빅(1%), 누워서 가슴 밀기(1%), 몸통 들어올리기(1%), 서서 팔꿈치 펴기(1%), 실내 자전거타기(1%), 플렉스 바 비틀기(1%), 앉아서 가슴 모으기(1%), 서서 다리로 탄력밴드 당겨 중심 잡기 루틴 운동(1%), 사다리 이용 루틴 운동(1%), 발바닥 치기(1%), 의자잡고 후방으로 무릎 굽혀 들기(1%), 바벨 당겨 올리기(1%)",국민체력100 운동처방 · 어르신 70세,,어르신,,
prescription:어르신-70-M-정리운동,prescription,"어르신 70세 남자 2,490명에게 처방된 정리운동: 엉덩이 스트레칭(7%), 대퇴사두근 스트레칭(5%), 몸통 비틀기(5%), 전신 루틴 스트레칭(4%), 대퇴이두근 스트레칭(4%), 고관절 스트레칭(4%), 어깨 스트레칭(3%), 종아리 스트레칭(3%), 고정식 자전거 타기(3%), 엉덩이 스트레칭2(3%), 하지 루틴 스트레칭2(3%), 허리 스트레칭(3%), 내전근 스트레칭(3%), 대퇴이두근 스트레칭2(2%), 골반 스트레칭(2%), 넙다리 뒤쪽 스트레칭(2%), 하지 루틴 스트레칭1(2%), 넙다리 안쪽 스트레칭(2%), 상지 루틴 스트레칭(2%), 배스트레칭(2%), 가슴 스트레칭(2%), 등 대고 대퇴이두근 스트레칭(2%), 옆구리 스트레칭(2%), 마주 앉아 대퇴이두근 스트레칭(2%), 마주 앉아 대퇴이두근 스트레칭2(2%), 몸 앞으로 굽히기(2%), 등/어깨 뒤쪽 스트레칭(2%), 고정식 트레드밀에서 걷기(2%), 회전근개 스트레칭(2%)",국민체력100 운동처방 · 어르신 70세,,어르신,,
prescription:어르신-70-M-준비운동,prescription,"어르신 70세 남자 2,490명에게 처방된 준비운동: 어깨 스트레칭(7%), 몸통 비틀기(6%), 고관절 스트레칭(5%), 등/어깨 뒤쪽 스트레칭(5%), 목 스트레칭(4%), 등 대고 대퇴이두근 스트레칭(4%), 전신 루틴 스트레칭(4%), 의자 잡고 후방으로 한발 뻗어 들기(3%), 대퇴이두근 스트레칭(3%), 고정식 자전거 타기(3%), 의자잡고 후방으로 무릎 굽혀 들기(3%), 의자 잡고 전방으로 무릎 굽혀 들기(3%), 마주 앉아 대퇴이두근 스트레칭(2%), 엉덩이 스트레칭(2%), 고정식 트레드밀에서 걷기(2%), 가슴 스트레칭(2%), 대퇴사두근 스트레칭(2%), 팔꿈치 맞닿아 원그리기(2%), 유산소 운동 전 동적 루틴 스트레칭(2%), 가슴/어깨 앞쪽 스트레칭(2%), 하지 루틴 스트레칭1(2%), 스텝박스(2%), 상지 루틴 스트레칭(2%), 스텝박스 오르내리기(2%), 내전근 스트레칭(2%), 마주 앉아 대퇴이두근 스트레칭2(1%), 의자 이용 중심 잡기 루틴 운동(1%), 하지 루틴 스트레칭2(1%), 종아리 스트레칭(1%)",국민체력100 운동처방 · 어르신 70세,,어르신,,
prescription:어르신-71-F-본운동,prescription,"어르신 71세 여자 2,242명에게 처방된 본운동: 고정식 자전거 타기(6%), 앉아서 다리 펴기(5%), 고정식 트레드밀에서 걷기(5%), 스텝박스(4%), 엎드려서 다리 굽히기(4%), 스텝박스 오르내리기(4%), 덤벨 잡고 앉았다 일어서기(3%), 앉아서 다리 밀기(3%), 의자 이용 중심 잡기 루틴 운동(3%), 아쿠아로빅(2%), 바벨 잡고 들어올리기(2%), 물속에서 걷기(2%), 덤벨 잡고 뒤꿈치 들기(2%), 몸통 들어올리기(2%), 목봉잡고 앉았다 일어나기(2%), 걷기(1%), 앉아서 당겨 내리기(1%), 균형 걷기(1%), 수영(1%), 벽에서 팔굽혀 펴기(1%), 서서 다리 모으고 벌리기(1%), 엉덩이 스트레칭(1%), 플렉스 바 비틀기(1%), 의자 잡고 전방으로 무릎 굽혀 들기(1%), 바벨 당겨 올리기(1%), 의자잡고 후방으로 무릎 굽혀 들기(1%), 의자 잡고 후방으로 한발 뻗어 들기(1%), 밴드 머리 뒤로 들어올리기(1%), 앉아서 가슴 모으기(1%), 물병 들고 한발 앞으로 내밀고 앉았다 일어서기(1%)",국민체력100 운동처방 · 어르신 71세,,어르신,,
prescription:어르신-71-F-정리운동,prescription,"어르신 71세 여자 2,242명에게 처방된 정리운동: 대퇴사두근 스트레칭(7%), 엉덩이 스트레칭(7%), 전신 루틴 스트레칭(5%), 엉덩이 스트레칭2(5%), 몸통 비틀기(4%), 종아리 스트레칭(4%), 내전근 스트레칭(4%), 옆구리 스트레칭(3%), 몸 앞으로 굽히기(3%), 고관절 스트레칭(3%), 어깨 스트레칭(3%), 대퇴이두근 스트레칭(3%), 하지 루틴 스트레칭1(2%), 하지 루틴 스트레칭2(2%), 가슴 스트레칭(2%), 허리 스트레칭(2%), 대퇴이두근 스트레칭2(2%), 배스트레칭(2%), 비복근 스트레칭(2%), 정적 스트레칭  루틴프로그램(2%), 상지 루틴 스트레칭(2%), 등/어깨 뒤쪽 스트레칭(2%), 골반 스트레칭(2%), 회전근개 스트레칭(2%), 넙다리 안쪽 스트레칭(1%), 골반 스트레칭2(1%), 가슴/어깨 스트레칭(1%), 고정식 자전거 타기(1%), 스텝박스 오르내리기(1%), 목 스트레칭(1%)",국민체력100 운동처방 · 어르신 71세,,어르신,,
prescription:어르신-71-F-준비운동,prescription,"어르신 71세 여자 2,242명에게 처방된 준비운동: 몸통 비틀기(8%), 어깨 스트레칭(7%), 고관절 스트레칭(7%), 목 스트레칭(4%), 유산소 운동 전 동적 루틴 스트레칭(4%), 등 대고 대퇴이두근 스트레칭(4%), 등/어깨 뒤쪽 스트레칭(4%), 대퇴사두근 스트레칭(4%), 의자 잡고 후방으로 한발 뻗어 들기(3%), 가슴 스트레칭(3%), 대퇴이두근 스트레칭(3%), 전신 루틴 스트레칭(3%), 고정식 자전거 타기(3%), 마주 앉아 대퇴이두근 스트레칭(2%), 팔꿈치 맞닿아 원그리기(2%), 의자 잡고 전방으로 무릎 굽혀 들기(2%), 의자잡고 후방으로 무릎 굽혀 들기(2%), 엉덩이 스트레칭(2%), 스텝박스(2%), 의자 이용 중심 잡기 루틴 운동(2%), 스텝박스 오르내리기(1%), 고정식 트레드밀에서 걷기(1%), 상지 루틴 스트레칭(1%), 종아리 스트레칭(1%), 마주 앉아 대퇴이두근 스트레칭2(1%), 가슴/어깨 앞쪽 스트레칭(1%), 하지 루틴 스트레칭1(1%), 내전근 스트레칭(1%), 대퇴이두근 스트레칭2(1%), 하지 루틴 스트레칭2(1%)",국민체력100 운동처방 · 어르신 71세,,어르신,,
prescription:어르신-71-M-본운동,prescription,"어르신 71세 남자 2,062명에게 처방된 본운동: 고정식 자전거 타기(6%), 고정식 트레드밀에서 걷기(5%), 덤벨 잡고 앉았다 일어서기(5%), 스텝박스 오르내리기(4%), 앉아서 다리 펴기(4%), 스텝박스(4%), 엎드려서 다리 굽히기(4%), 의자 이용 중심 잡기 루틴 운동(3%), 덤벨 잡고 뒤꿈치 들기(2%), 앉아서 당겨 내리기(2%), 앉아서 다리 밀기(2%), 바벨 잡고 들어올리기(2%), 몸통 들어올리기(2%), 물속에서 걷기(2%), 앉아서 팔꿈치 굽히기(2%), 사다리 이용 루틴 운동(1%), 앉아서 가슴 모으기(1%), 발바닥 치기(1%), 서서 팔꿈치 펴기(1%), 앉아서 뒤로 당기기(1%), 앉아서 덤벨로 손목 굽히기(1%), 아쿠아로빅(1%), 목봉잡고 앉았다 일어나기(1%), 벽에서 팔굽혀 펴기(1%), 의자에 앉아 다리 뻗어 올리기(1%), 엉덩이 스트레칭(1%), 플렉스 바 비틀기(1%), 서서 다리로 탄력밴드 당겨 중심 잡기 루틴 운동(1%), 덤벨 잡고 몸통 옆으로 굽히기(1%), 의자 이용하기(1%)",국민체력100 운동처방 · 어르신 71세,,어르신,,
prescription:어르신-71-M-정리운동,prescription,"어르신 71세 남자 2,062명에게 처방된 정리운동: 하지 루틴 스트레칭1(5%), 엉덩이 스트레칭(5%), 대퇴사두근 스트레칭(5%), 하지 루틴 스트레칭2(5%), 상지 루틴 스트레칭(4%), 전신 루틴 스트레칭(4%), 종아리 스트레칭(4%), 회전근개 스트레칭(3%), 골반 스트레칭(3%), 몸 앞으로 굽히기(3%), 옆구리 스트레칭(3%), 내전근 스트레칭(3%), 가슴 스트레칭(3%), 엉덩이 스트레칭2(3%), 어깨 스트레칭(3%), 몸통 비틀기(3%), 가슴/어깨 스트레칭(2%), 고정식 자전거 타기(2%), 대퇴이두근 스트레칭(2%), 대퇴이두근 스트레칭2(2%), 비복근 스트레칭(2%), 고관절 스트레칭(2%), 목 스트레칭(2%), 스텝박스 오르내리기(2%), 고정식 트레드밀에서 걷기(1%), 등/어깨 뒤쪽 스트레칭(1%), 복부 스트레칭(1%), 스텝박스(1%)",국민체력100 운동처방 · 어르신 71세,,어르신,,
prescription:어르신-71-M-준비운동,prescription,"어르신 71세 남자 2,062명에게 처방된 준비운동: 등/어깨 뒤쪽 스트레칭(6%), 전신 루틴 스트레칭(6%), 어깨 스트레칭(5%), 몸통 비틀기(5%), 목 스트레칭(5%), 고관절 스트레칭(4%), 대퇴이두근 스트레칭(4%), 내전근 스트레칭(4%), 유산소 운동 전 동적 루틴 스트레칭(3%), 엉덩이 스트레칭(3%), 의자 잡고 후방으로 한발 뻗어 들기(3%), 의자잡고 후방으로 무릎 굽혀 들기(3%), 대퇴사두근 스트레칭(3%), 가슴 스트레칭(3%), 등 대고 대퇴이두근 스트레칭(3%), 고정식 자전거 타기(2%), 고정식 트레드밀에서 걷기(2%), 마주 앉아 대퇴이두근 스트레칭(2%), 팔꿈치 맞닿아 원그리기(2%), 의자 잡고 전방으로 무릎 굽혀 들기(2%), 어깨 뒤쪽 스트레칭(2%), 스텝박스(2%), 옆구리 스트레칭(2%), 의자 이용 중심 잡기 루틴 운동(1%), 아래 팔 스트레칭(1%), 마주 앉아 대퇴이두근 스트레칭2(1%), 스텝박스 오르내리기(1%), 자가근막이완술 루틴 스트레칭(1%)",국민체력100 운동처방 · 어르신 71세,,어르신,,
prescription:어르신-72-F-본운동,prescription,"어르신 72세 여자 2,166명에게 처방된 본운동: 고정식 자전거 타기(8%), 앉아서 다리 펴기(5%), 스텝박스(5%), 엎드려서 다리 굽히기(5%), 고정식 트레드밀에서 걷기(5%), 덤벨 잡고 앉았다 일어서기(4%), 의자 이용 중심 잡기 루틴 운동(4%), 스텝박스 오르내리기(3%), 앉아서 다리 밀기(3%), 바벨 잡고 들어올리기(3%), 걷기(2%), 의자 잡고 전방으로 무릎 굽혀 들기(2%), 아쿠아로빅(2%), 의자잡고 후방으로 무릎 굽혀 들기(2%), 의자 잡고 후방으로 한발 뻗어 들기(1%), 앉아서 당겨 내리기(1%), 덤벨 잡고 뒤꿈치 들기(1%), 수영(1%), 물속에서 걷기(1%), 몸통 들어올리기(1%), 대퇴이두근 스트레칭(1%), 덤벨 잡고 한발 내밀어 굽혔다 펴기(1%), 고관절 스트레칭(1%), 목봉잡고 앉았다 일어나기(1%), 서서 뒤꿈치 들기(1%), 엉덩이 스트레칭(1%), 서서 다리 모으고 벌리기(1%), 발바닥 치기(1%), 누워서 가슴 밀기(1%), 의자에 앉아 다리 뻗어 올리기(1%)",국민체력100 운동처방 · 어르신 72세,,어르신,,
prescription:어르신-72-F-정리운동,prescription,"어르신 72세 여자 2,166명에게 처방된 정리운동: 엉덩이 스트레칭(7%), 대퇴사두근 스트레칭(6%), 정적 스트레칭  루틴프로그램(5%), 몸통 비틀기(4%), 전신 루틴 스트레칭(4%), 내전근 스트레칭(4%), 몸 앞으로 굽히기(3%), 종아리 스트레칭(3%), 고관절 스트레칭(3%), 가슴 스트레칭(3%), 엉덩이 스트레칭2(3%), 옆구리 스트레칭(2%), 고정식 자전거 타기(2%), 대퇴이두근 스트레칭(2%), 어깨 스트레칭(2%), 회전근개 스트레칭(2%), 가슴/어깨 스트레칭(2%), 비복근 스트레칭(2%), 하지 루틴 스트레칭2(2%), 목 스트레칭(2%), 등/어깨 뒤쪽 스트레칭(2%), 전신 틀어 손벽 마주치기(2%), 상지 루틴 스트레칭(2%), 하지 루틴 스트레칭1(2%), 배스트레칭(2%), 넙다리 뒤쪽 스트레칭(2%), 허리 스트레칭(2%), 대퇴이두근 스트레칭2(2%), 고정식 트레드밀에서 걷기(2%), 발가락 폄근 스트레칭(1%)",국민체력100 운동처방 · 어르신 72세,,어르신,,
prescription:어르신-72-F-준비운동,prescription,"어르신 72세 여자 2,166명에게 처방된 준비운동: 몸통 비틀기(7%), 어깨 스트레칭(6%), 고관절 스트레칭(6%), 목 스트레칭(4%), 등/어깨 뒤쪽 스트레칭(4%), 유산소 운동 전 동적 루틴 스트레칭(4%), 등 대고 대퇴이두근 스트레칭(4%), 대퇴이두근 스트레칭(4%), 전신 루틴 스트레칭(3%), 의자 잡고 후방으로 한발 뻗어 들기(3%), 마주 앉아 대퇴이두근 스트레칭(3%), 의자잡고 후방으로 무릎 굽혀 들기(3%), 엉덩이 스트레칭(2%), 가슴 스트레칭(2%), 의자 잡고 전방으로 무릎 굽혀 들기(2%), 고정식 자전거 타기(2%), 마주 앉아 대퇴이두근 스트레칭2(2%), 대퇴사두근 스트레칭(2%), 고정식 트레드밀에서 걷기(2%), 팔꿈치 맞닿아 원그리기(2%), 스텝박스(2%), 의자 이용 중심 잡기 루틴 운동(2%), 가슴/어깨 앞쪽 스트레칭(1%), 스텝박스 오르내리기(1%), 아래 팔 스트레칭(1%), 하지 루틴 스트레칭1(1%), 옆구리 스트레칭(1%), 상지 루틴 스트레칭(1%), 거북이 스트레칭(1%), 물속에서 걷기(1%)",국민체력100 운동처방 · 어르신 72세,,어르신,,
prescription:어르신-72-M-본운동,prescription,"어르신 72세 남자 1,985명에게 처방된 본운동: 고정식 자전거 타기(6%), 고정식 트레드밀에서 걷기(6%), 앉아서 다리 펴기(5%), 덤벨 잡고 앉았다 일어서기(4%), 스텝박스 오르내리기(3%), 스텝박스(3%), 엎드려서 다리 굽히기(3%), 앉아서 다리 밀기(3%), 의자 이용 중심 잡기 루틴 운동(3%), 바벨 잡고 들어올리기(2%), 앉아서 당겨 내리기(2%), 발바닥 치기(2%), 아쿠아로빅(2%), 덤벨 잡고 뒤꿈치 들기(2%), 몸통 들어올리기(2%), 누워서 가슴 밀기(2%), 수영(1%), 사다리 이용 루틴 운동(1%), 앉아서 몸통 움츠리기(1%), 앉아서 가슴 모으기(1%), 물속에서 걷기(1%), 걷기(1%), 고관절 스트레칭(1%), 벽에서 팔굽혀 펴기(1%), 빠르게 걷기(1%), 좌우로 선넘기(1%), 엉덩이 스트레칭(1%), 균형 걷기(1%), 플렉스 바 비틀기(1%), 의자 잡고 전방으로 무릎 굽혀 들기(1%)",국민체력100 운동처방 · 어르신 72세,,어르신,,
prescription:어르신-72-M-정리운동,prescription,"어르신 72세 남자 1,985명에게 처방된 정리운동: 엉덩이 스트레칭(7%), 대퇴사두근 스트레칭(7%), 하지 루틴 스트레칭1(6%), 상지 루틴 스트레칭(5%), 종아리 스트레칭(5%), 하지 루틴 스트레칭2(5%), 회전근개 스트레칭(3%), 전신 루틴 스트레칭(3%), 엉덩이 스트레칭2(3%), 옆구리 스트레칭(3%), 내전근 스트레칭(2%), 대퇴이두근 스트레칭2(2%), 몸통 비틀기(2%), 대퇴이두근 스트레칭(2%), 몸 앞으로 굽히기(2%), 고관절 스트레칭(2%), 가슴 스트레칭(2%), 골반 스트레칭(2%), 스텝박스(2%), 스텝박스 오르내리기(2%), 허리 스트레칭(2%), 고정식 자전거 타기(2%), 등/어깨 뒤쪽 스트레칭(2%), 어깨 스트레칭(1%), 가슴/어깨 스트레칭(1%), 팔꿈치 맞닿아 원그리기(1%), 넙다리 안쪽 스트레칭(1%), 비복근 스트레칭(1%)",국민체력100 운동처방 · 어르신 72세,,어르신,,
prescription:어르신-72-M-준비운동,prescription,"어르신 72세 남자 1,985명에게 처방된 준비운동: 전신 루틴 스트레칭(7%), 어깨 스트레칭(6%), 몸통 비틀기(5%), 고관절 스트레칭(5%), 목 스트레칭(4%), 등/어깨 뒤쪽 스트레칭(3%), 등 대고 대퇴이두근 스트레칭(3%), 엉덩이 스트레칭(3%), 대퇴이두근 스트레칭(3%), 대퇴사두근 스트레칭(3%), 의자잡고 후방으로 무릎 굽혀 들기(3%), 의자 잡고 후방으로 한발 뻗어 들기(3%), 고정식 자전거 타기(3%), 마주 앉아 대퇴이두근 스트레칭(3%), 의자 잡고 전방으로 무릎 굽혀 들기(2%), 가슴 스트레칭(2%), 스텝박스(2%), 고정식 트레드밀에서 걷기(2%), 스텝박스 오르내리기(2%), 마주 앉아 대퇴이두근 스트레칭2(2%), 팔꿈치 맞닿아 원그리기(2%), 의자 이용 중심 잡기 루틴 운동(2%), 베개 밟고 서기(2%), 유산소 운동 전 동적 루틴 스트레칭(1%), 몸통 앞으로 굽혀 걷기(1%), 내전근 스트레칭(1%), 어깨 뒤쪽 스트레칭(1%), 하지 루틴 스트레칭1(1%), 전신 틀어 손벽 마주치기(1%), 가슴/어깨 앞쪽 스트레칭(1%)",국민체력100 운동처방 · 어르신 72세,,어르신,,
prescription:어르신-73-F-본운동,prescription,"어르신 73세 여자 1,913명에게 처방된 본운동: 앉아서 다리 펴기(7%), 고정식 자전거 타기(6%), 엎드려서 다리 굽히기(6%), 고정식 트레드밀에서 걷기(5%), 스텝박스(4%), 덤벨 잡고 앉았다 일어서기(4%), 앉아서 다리 밀기(4%), 의자 이용 중심 잡기 루틴 운동(3%), 스텝박스 오르내리기(3%), 균형 걷기(3%), 바벨 잡고 들어올리기(3%), 아쿠아로빅(2%), 덤벨 잡고 뒤꿈치 들기(1%), 의자 잡고 후방으로 한발 뻗어 들기(1%), 걷기(1%), 의자잡고 후방으로 무릎 굽혀 들기(1%), 물속에서 걷기(1%), 의자 잡고 전방으로 무릎 굽혀 들기(1%), 목봉잡고 앉았다 일어나기(1%), 베개 밟고 서기(1%), 몸통 들어올리기(1%), 옆으로 걷기(1%), 수영(1%), 덤벨 잡고 한발 내밀어 굽혔다 펴기(1%), 앉아서 당겨 내리기(1%), 앞뒤로 선넘기(1%), 엉덩이 스트레칭(1%), 밴드 걸고 엎드려서 다리 구부리기(1%), 서서 다리 모으고 벌리기(1%), 좌우로 선넘기(1%)",국민체력100 운동처방 · 어르신 73세,,어르신,,
prescription:어르신-73-F-정리운동,prescription,"어르신 73세 여자 1,913명에게 처방된 정리운동: 엉덩이 스트레칭(7%), 대퇴사두근 스트레칭(7%), 고관절 스트레칭(5%), 몸통 비틀기(5%), 종아리 스트레칭(5%), 전신 루틴 스트레칭(4%), 대퇴이두근 스트레칭(3%), 옆구리 스트레칭(3%), 엉덩이 스트레칭2(3%), 회전근개 스트레칭(2%), 상지 루틴 스트레칭(2%), 내전근 스트레칭(2%), 고정식 자전거 타기(2%), 마주 앉아 대퇴이두근 스트레칭2(2%), 가슴 스트레칭(2%), 하지 루틴 스트레칭1(2%), 정적 스트레칭  루틴프로그램(2%), 고정식 트레드밀에서 걷기(2%), 하지 루틴 스트레칭2(2%), 대퇴이두근 스트레칭2(2%), 짐볼 옆에 두고 어깨 누르기(2%), 어깨 스트레칭(2%), 몸 앞으로 굽히기(2%), 골반 스트레칭(2%), 목 스트레칭(1%), 넙다리 안쪽 스트레칭(1%), 배스트레칭(1%), 허리 스트레칭(1%), 스텝박스 오르내리기(1%), 넙다리 앞쪽 스트레칭(1%)",국민체력100 운동처방 · 어르신 73세,,어르신,,
prescription:어르신-73-F-준비운동,prescription,"어르신 73세 여자 1,913명에게 처방된 준비운동: 고관절 스트레칭(8%), 어깨 스트레칭(8%), 몸통 비틀기(7%), 대퇴이두근 스트레칭(5%), 목 스트레칭(5%), 등 대고 대퇴이두근 스트레칭(4%), 등/어깨 뒤쪽 스트레칭(4%), 유산소 운동 전 동적 루틴 스트레칭(3%), 마주 앉아 대퇴이두근 스트레칭(3%), 전신 루틴 스트레칭(3%), 의자 잡고 후방으로 한발 뻗어 들기(3%), 엉덩이 스트레칭(3%), 대퇴사두근 스트레칭(2%), 의자 잡고 전방으로 무릎 굽혀 들기(2%), 의자잡고 후방으로 무릎 굽혀 들기(2%), 가슴 스트레칭(2%), 고정식 자전거 타기(2%), 스텝박스(2%), 스텝박스 오르내리기(2%), 의자 이용 중심 잡기 루틴 운동(2%), 마주 앉아 대퇴이두근 스트레칭2(1%), 내전근 스트레칭(1%), 어깨 뒤쪽 스트레칭(1%), 대퇴이두근 스트레칭2(1%), 고정식 트레드밀에서 걷기(1%), 아래 팔 스트레칭(1%), 팔꿈치 맞닿아 원그리기(1%)",국민체력100 운동처방 · 어르신 73세,,어르신,,
prescription:어르신-73-M-본운동,prescription,"어르신 73세 남자 1,754명에게 처방된 본운동: 고정식 자전거 타기(7%), 앉아서 다리 펴기(5%), 고정식 트레드밀에서 걷기(5%), 엎드려서 다리 굽히기(4%), 스텝박스(3%), 덤벨 잡고 앉았다 일어서기(3%), 스텝박스 오르내리기(3%), 의자 이용 중심 잡기 루틴 운동(3%), 앉아서 다리 밀기(2%), 바벨 잡고 들어올리기(2%), 사다리 이용 루틴 운동(2%), 물속에서 걷기(2%), 서서 팔꿈치 펴기(1%), 덤벨 잡고 뒤꿈치 들기(1%), 발바닥 치기(1%), 앉아서 덤벨로 손목 굽히기(1%), 수영(1%), 플렉스 바 비틀기(1%), 몸통 들어올리기(1%), 넙다리 뒤쪽 스트레칭(1%), 앉아서 당겨 내리기(1%), 걷기(1%), 서서 다리로 탄력밴드 당겨 중심 잡기 루틴 운동(1%), 벽에서 팔굽혀 펴기(1%), 목봉잡고 앉았다 일어나기(1%), 하지 루틴 스트레칭2(1%), 밴드 걸고 누워서 다리 들어올리기(1%), 아쿠아로빅(1%), 서서 뒤꿈치 들기(1%), 옆으로 걷기(1%)",국민체력100 운동처방 · 어르신 73세,,어르신,,
prescription:어르신-73-M-정리운동,prescription,"어르신 73세 남자 1,754명에게 처방된 정리운동: 엉덩이 스트레칭(7%), 대퇴사두근 스트레칭(6%), 몸통 비틀기(4%), 고관절 스트레칭(4%), 내전근 스트레칭(4%), 하지 루틴 스트레칭2(3%), 종아리 스트레칭(3%), 회전근개 스트레칭(3%), 상지 루틴 스트레칭(3%), 대퇴이두근 스트레칭(3%), 골반 스트레칭(3%), 하지 루틴 스트레칭1(3%), 전신 루틴 스트레칭(3%), 목 스트레칭(3%), 옆구리 스트레칭(3%), 엉덩이 스트레칭2(3%), 가슴/어깨 스트레칭(2%), 몸 앞으로 굽히기(2%), 가슴 스트레칭(2%), 마주 앉아 대퇴이두근 스트레칭(2%), 마주 앉아 대퇴이두근 스트레칭2(2%), 등 대고 대퇴이두근 스트레칭(2%), 고정식 자전거 타기(2%), 어깨 스트레칭(2%), 넙다리 안쪽 스트레칭(2%), 허리 스트레칭(1%), 배스트레칭(1%), 넙다리 뒤쪽 스트레칭(1%), 대퇴이두근 스트레칭2(1%)",국민체력100 운동처방 · 어르신 73세,,어르신,,
prescription:어르신-73-M-준비운동,prescription,"어르신 73세 남자 1,754명에게 처방된 준비운동: 어깨 스트레칭(7%), 고관절 스트레칭(7%), 몸통 비틀기(6%), 대퇴이두근 스트레칭(5%), 전신 루틴 스트레칭(5%), 등/어깨 뒤쪽 스트레칭(4%), 대퇴사두근 스트레칭(3%), 엉덩이 스트레칭(3%), 목 스트레칭(3%), 의자 잡고 전방으로 무릎 굽혀 들기(3%), 등 대고 대퇴이두근 스트레칭(3%), 의자 잡고 후방으로 한발 뻗어 들기(3%), 의자잡고 후방으로 무릎 굽혀 들기(2%), 유산소 운동 전 동적 루틴 스트레칭(2%), 마주 앉아 대퇴이두근 스트레칭(2%), 가슴 스트레칭(2%), 스텝박스(2%), 고정식 자전거 타기(2%), 고정식 트레드밀에서 걷기(2%), 어깨 뒤쪽 스트레칭(2%), 의자 이용 중심 잡기 루틴 운동(2%), 마주 앉아 대퇴이두근 스트레칭2(2%), 팔꿈치 맞닿아 원그리기(1%), 내전근 스트레칭(1%), 스텝박스 오르내리기(1%), 베개 밟고 서기(1%), 거북이 스트레칭(1%), 종아리 스트레칭(1%), 자가근막이완술 루틴 스트레칭(1%)",국민체력100 운동처방 · 어르신 73세,,어르신,,
prescription:어르신-74-F-본운동,prescription,"어르신 74세 여자 1,785명에게 처방된 본운동: 고정식 자전거 타기(7%), 고정식 트레드밀에서 걷기(5%), 앉아서 다리 펴기(5%), 엎드려서 다리 굽히기(4%), 스텝박스(4%), 덤벨 잡고 앉았다 일어서기(3%), 의자 이용 중심 잡기 루틴 운동(3%), 스텝박스 오르내리기(3%), 바벨 잡고 들어올리기(3%), 아쿠아로빅(2%), 앉아서 다리 밀기(2%), 몸통 들어올리기(2%), 벽에서 팔굽혀 펴기(2%), 물속에서 걷기(2%), 앉아서 뒤로 당기기(1%), 의자 잡고 전방으로 무릎 굽혀 들기(1%), 의자잡고 후방으로 무릎 굽혀 들기(1%), 의자 잡고 후방으로 한발 뻗어 들기(1%), 목봉잡고 앉았다 일어나기(1%), 앉아서 몸통 움츠리기(1%), 앞뒤로 선넘기(1%), 발바닥 치기(1%), 좌우로 선넘기(1%), 걷기(1%), 서서 다리 모으고 벌리기(1%), 서서 다리로 탄력밴드 당겨 중심 잡기 루틴 운동(1%), 사다리 이용 루틴 운동(1%), 플렉스 바 비틀기(1%), 엉덩이 스트레칭(1%), 밴드 머리 뒤로 들어올리기(1%)",국민체력100 운동처방 · 어르신 74세,,어르신,,
prescription:어르신-74-F-정리운동,prescription,"어르신 74세 여자 1,785명에게 처방된 정리운동: 대퇴사두근 스트레칭(8%), 엉덩이 스트레칭(7%), 종아리 스트레칭(6%), 몸통 비틀기(5%), 엉덩이 스트레칭2(4%), 전신 루틴 스트레칭(4%), 옆구리 스트레칭(4%), 회전근개 스트레칭(4%), 내전근 스트레칭(4%), 가슴 스트레칭(3%), 몸 앞으로 굽히기(2%), 대퇴이두근 스트레칭(2%), 전신 틀어 손벽 마주치기(2%), 가슴/어깨 스트레칭(2%), 목 스트레칭(2%), 골반 스트레칭(2%), 어깨 스트레칭(2%), 정적 스트레칭  루틴프로그램(2%), 스텝박스 오르내리기(2%), 등/어깨 뒤쪽 스트레칭(2%), 고정식 자전거 타기(2%), 상지 루틴 스트레칭(1%), 하지 루틴 스트레칭2(1%), 비복근 스트레칭(1%), 하지 루틴 스트레칭1(1%), 고관절 스트레칭(1%), 팔꿈치 맞닿아 원그리기(1%), 넙다리 안쪽 스트레칭(1%), 스텝박스(1%), 대퇴이두근 스트레칭2(1%)",국민체력100 운동처방 · 어르신 74세,,어르신,,
prescription:어르신-74-F-준비운동,prescription,"어르신 74세 여자 1,785명에게 처방된 준비운동: 어깨 스트레칭(9%), 몸통 비틀기(9%), 고관절 스트레칭(7%), 목 스트레칭(5%), 등 대고 대퇴이두근 스트레칭(5%), 등/어깨 뒤쪽 스트레칭(4%), 가슴 스트레칭(4%), 유산소 운동 전 동적 루틴 스트레칭(4%), 대퇴이두근 스트레칭(3%), 팔꿈치 맞닿아 원그리기(3%), 전신 루틴 스트레칭(3%), 의자잡고 후방으로 무릎 굽혀 들기(3%), 의자 잡고 후방으로 한발 뻗어 들기(3%), 마주 앉아 대퇴이두근 스트레칭(3%), 대퇴사두근 스트레칭(2%), 의자 잡고 전방으로 무릎 굽혀 들기(2%), 엉덩이 스트레칭(2%), 의자 이용 중심 잡기 루틴 운동(2%), 종아리 스트레칭(1%), 고정식 트레드밀에서 걷기(1%), 고정식 자전거 타기(1%), 내전근 스트레칭(1%), 스텝박스(1%), 어깨 뒤쪽 스트레칭(1%), 마주 앉아 대퇴이두근 스트레칭2(1%), 스텝박스 오르내리기(1%)",국민체력100 운동처방 · 어르신 74세,,어르신,,
prescription:어르신-74-M-본운동,prescription,"어르신 74세 남자 1,508명에게 처방된 본운동: 덤벨 잡고 앉았다 일어서기(6%), 고정식 자전거 타기(6%), 고정식 트레드밀에서 걷기(5%), 앉아서 다리 펴기(5%), 스텝박스(4%), 엎드려서 다리 굽히기(3%), 바벨 잡고 들어올리기(3%), 스텝박스 오르내리기(3%), 엉덩이 스트레칭(2%), 앉아서 다리 밀기(2%), 의자 이용 중심 잡기 루틴 운동(2%), 앉아서 팔꿈치 굽히기(2%), 앉아서 뒤로 당기기(2%), 덤벨 잡고 뒤꿈치 들기(2%), 발바닥 치기(1%), 걷기(1%), 앉아서 덤벨로 손목 굽히기(1%), 균형 걷기(1%), 앉아서 당겨 내리기(1%), 아쿠아로빅(1%), 사다리 이용 루틴 운동(1%), 대퇴이두근 스트레칭(1%), 대퇴이두근 스트레칭2(1%), 물속에서 걷기(1%), 넙다리 안쪽 스트레칭(1%), 앞뒤로 선넘기(1%), 고관절 스트레칭(1%), 넙다리 뒤쪽 스트레칭(1%), 좌우로 선넘기(1%), 바벨 당겨 올리기(1%)",국민체력100 운동처방 · 어르신 74세,,어르신,,
prescription:어르신-74-M-정리운동,prescription,"어르신 74세 남자 1,508명에게 처방된 정리운동: 엉덩이 스트레칭(7%), 엉덩이 스트레칭2(5%), 하지 루틴 스트레칭2(4%), 대퇴사두근 스트레칭(4%), 대퇴이두근 스트레칭(4%), 하지 루틴 스트레칭1(4%), 가슴 스트레칭(4%), 종아리 스트레칭(4%), 등/어깨 뒤쪽 스트레칭(3%), 상지 루틴 스트레칭(3%), 옆구리 스트레칭(3%), 몸통 비틀기(3%), 고관절 스트레칭(3%), 내전근 스트레칭(3%), 목 스트레칭(3%), 넙다리 안쪽 스트레칭(2%), 고정식 자전거 타기(2%), 몸 앞으로 굽히기(2%), 전신 루틴 스트레칭(2%), 대퇴이두근 스트레칭2(2%), 넙다리 앞쪽 스트레칭(2%), 고정식 트레드밀에서 걷기(2%), 배스트레칭(2%), 허리 스트레칭(2%), 회전근개 스트레칭(2%), 스텝박스 오르내리기(1%), 넙다리 뒤쪽 스트레칭(1%), 스텝박스(1%)",국민체력100 운동처방 · 어르신 74세,,어르신,,
prescription:어르신-74-M-준비운동,prescription,"어르신 74세 남자 1,508명에게 처방된 준비운동: 몸통 비틀기(7%), 어깨 스트레칭(7%), 고관절 스트레칭(6%), 등 대고 대퇴이두근 스트레칭(5%), 등/어깨 뒤쪽 스트레칭(5%), 대퇴이두근 스트레칭(4%), 전신 루틴 스트레칭(4%), 목 스트레칭(4%), 엉덩이 스트레칭(4%), 대퇴사두근 스트레칭(3%), 마주 앉아 대퇴이두근 스트레칭(3%), 의자잡고 후방으로 무릎 굽혀 들기(2%), 팔꿈치 맞닿아 원그리기(2%), 의자 잡고 후방으로 한발 뻗어 들기(2%), 아래 팔 스트레칭(2%), 어깨 뒤쪽 스트레칭(2%), 옆구리 스트레칭(2%), 의자 잡고 전방으로 무릎 굽혀 들기(2%), 고정식 자전거 타기(2%), 대퇴이두근 스트레칭2(2%), 고정식 트레드밀에서 걷기(1%), 의자 이용 중심 잡기 루틴 운동(1%), 스텝박스(1%), 가슴/어깨 앞쪽 스트레칭(1%), 내전근 스트레칭(1%), 유산소 운동 전 동적 루틴 스트레칭(1%), 가슴 스트레칭(1%), 스텝박스 오르내리기(1%), 마주 앉아 대퇴이두근 스트레칭2(1%)",국민체력100 운동처방 · 어르신 74세,,어르신,,
prescription:어르신-75-F-본운동,prescription,"어르신 75세 여자 1,723명에게 처방된 본운동: 고정식 자전거 타기(6%), 앉아서 다리 펴기(5%), 고정식 트레드밀에서 걷기(4%), 의자 이용 중심 잡기 루틴 운동(4%), 덤벨 잡고 앉았다 일어서기(4%), 엎드려서 다리 굽히기(3%), 스텝박스(3%), 스텝박스 오르내리기(3%), 바벨 잡고 들어올리기(2%), 앉아서 다리 밀기(2%), 몸통 들어올리기(2%), 물속에서 걷기(2%), 의자 잡고 후방으로 한발 뻗어 들기(2%), 아쿠아로빅(2%), 걷기(1%), 의자 잡고 전방으로 무릎 굽혀 들기(1%), 의자잡고 후방으로 무릎 굽혀 들기(1%), 덤벨 잡고 뒤꿈치 들기(1%), 균형 걷기(1%), 벽에서 팔굽혀 펴기(1%), 사다리 이용 루틴 운동(1%), 앉아서 당겨 내리기(1%), 수영(1%), 덤벨 잡고 한발 내밀어 굽혔다 펴기(1%), 밴드 걸고 누워서 다리 들어올리기(1%), 의자에 앉아 다리 뻗어 올리기(1%), 트레드밀에서 걷기(1%), 서서 다리 모으고 벌리기(1%), 고관절 스트레칭(1%), 실내 자전거타기(1%)",국민체력100 운동처방 · 어르신 75세,,어르신,,
prescription:어르신-75-F-정리운동,prescription,"어르신 75세 여자 1,723명에게 처방된 정리운동: 몸통 비틀기(7%), 종아리 스트레칭(6%), 목 스트레칭(5%), 엉덩이 스트레칭(5%), 전신 루틴 스트레칭(5%), 가슴 스트레칭(4%), 대퇴사두근 스트레칭(4%), 엉덩이 스트레칭2(3%), 등/어깨 뒤쪽 스트레칭(3%), 옆구리 스트레칭(3%), 하지 루틴 스트레칭2(3%), 팔꿈치 맞닿아 원그리기(2%), 배스트레칭(2%), 어깨 스트레칭(2%), 허리 스트레칭(2%), 몸 앞으로 굽히기(2%), 내전근 스트레칭(2%), 회전근개 스트레칭(2%), 정적 스트레칭  루틴프로그램(2%), 옆으로 누워 가슴 열기(2%), 대퇴이두근 스트레칭2(2%), 넙다리 뒤쪽 스트레칭(2%), 넙다리 안쪽 스트레칭(2%), 하지 루틴 스트레칭1(2%), 고관절 스트레칭(2%), 상지 루틴 스트레칭(1%), 대퇴이두근 스트레칭(1%), 전신 틀어 손벽 마주치기(1%), 고정식 자전거 타기(1%), 가슴/어깨 스트레칭(1%)",국민체력100 운동처방 · 어르신 75세,,어르신,,
prescription:어르신-75-F-준비운동,prescription,"어르신 75세 여자 1,723명에게 처방된 준비운동: 몸통 비틀기(8%), 어깨 스트레칭(8%), 고관절 스트레칭(5%), 대퇴이두근 스트레칭(5%), 등/어깨 뒤쪽 스트레칭(4%), 목 스트레칭(4%), 전신 루틴 스트레칭(4%), 등 대고 대퇴이두근 스트레칭(3%), 마주 앉아 대퇴이두근 스트레칭(3%), 의자 잡고 후방으로 한발 뻗어 들기(3%), 유산소 운동 전 동적 루틴 스트레칭(2%), 엉덩이 스트레칭(2%), 의자잡고 후방으로 무릎 굽혀 들기(2%), 대퇴사두근 스트레칭(2%), 가슴 스트레칭(2%), 마주 앉아 대퇴이두근 스트레칭2(2%), 팔꿈치 맞닿아 원그리기(2%), 고정식 자전거 타기(2%), 의자 잡고 전방으로 무릎 굽혀 들기(2%), 가슴/어깨 앞쪽 스트레칭(2%), 내전근 스트레칭(2%), 스텝박스(1%), 의자 이용 중심 잡기 루틴 운동(1%), 고정식 트레드밀에서 걷기(1%), 스텝박스 오르내리기(1%), 아래 팔 스트레칭(1%), 엉덩이 스트레칭2(1%), 베개 밟고 서기(1%), 하지 루틴 스트레칭1(1%), 종아리 스트레칭(1%)",국민체력100 운동처방 · 어르신 75세,,어르신,,
prescription:어르신-75-M-본운동,prescription,"어르신 75세 남자 1,418명에게 처방된 본운동: 고정식 자전거 타기(6%), 고정식 트레드밀에서 걷기(5%), 앉아서 다리 펴기(4%), 스텝박스 오르내리기(3%), 엎드려서 다리 굽히기(3%), 스텝박스(3%), 덤벨 잡고 앉았다 일어서기(3%), 바벨 잡고 들어올리기(2%), 의자 이용 중심 잡기 루틴 운동(2%), 앉아서 뒤로 당기기(2%), 벽에서 팔굽혀 펴기(2%), 앉아서 다리 밀기(2%), 덤벨 잡고 뒤꿈치 들기(2%), 사다리 이용 루틴 운동(2%), 옆으로 걷기(1%), 아쿠아로빅(1%), 서서 팔꿈치 펴기(1%), 엉덩이 스트레칭(1%), 발바닥 치기(1%), 앉아서 당겨 내리기(1%), 탄력밴드 전방으로 당기기(1%), 물속에서 걷기(1%), 의자에 앉아 다리 뻗어 올리기(1%), 걷기(1%), 앉아서 덤벨로 손목 굽히기(1%), 몸통 들어올리기(1%), 누워서 가슴 밀기(1%), 대퇴이두근 스트레칭(1%), 의자 잡고 후방으로 한발 뻗어 들기(1%), 앉아서 팔꿈치 굽히기(1%)",국민체력100 운동처방 · 어르신 75세,,어르신,,
prescription:어르신-75-M-정리운동,prescription,"어르신 75세 남자 1,418명에게 처방된 정리운동: 엉덩이 스트레칭(9%), 대퇴사두근 스트레칭(7%), 옆구리 스트레칭(5%), 내전근 스트레칭(5%), 회전근개 스트레칭(3%), 하지 루틴 스트레칭2(3%), 엉덩이 스트레칭2(3%), 몸 앞으로 굽히기(3%), 상지 루틴 스트레칭(3%), 전신 루틴 스트레칭(3%), 대퇴이두근 스트레칭(3%), 고관절 스트레칭(3%), 골반 스트레칭(3%), 하지 루틴 스트레칭1(3%), 허리 스트레칭(3%), 가슴/어깨 스트레칭(3%), 가슴 스트레칭(3%), 몸통 비틀기(3%), 종아리 스트레칭(3%), 어깨 스트레칭(2%), 고정식 자전거 타기(2%), 등/어깨 뒤쪽 스트레칭(2%), 넙다리 안쪽 스트레칭(2%), 스텝박스(2%), 대퇴이두근 스트레칭2(1%), 고정식 트레드밀에서 걷기(1%)",국민체력100 운동처방 · 어르신 75세,,어르신,,
prescription:어르신-75-M-준비운동,prescription,"어르신 75세 남자 1,418명에게 처방된 준비운동: 몸통 비틀기(9%), 어깨 스트레칭(8%), 등 대고 대퇴이두근 스트레칭(6%), 전신 루틴 스트레칭(5%), 고관절 스트레칭(4%), 마주 앉아 대퇴이두근 스트레칭(4%), 대퇴이두근 스트레칭(4%), 등/어깨 뒤쪽 스트레칭(4%), 목 스트레칭(4%), 대퇴사두근 스트레칭(3%), 엉덩이 스트레칭(3%), 의자잡고 후방으로 무릎 굽혀 들기(3%), 가슴 스트레칭(3%), 의자 잡고 후방으로 한발 뻗어 들기(3%), 의자 잡고 전방으로 무릎 굽혀 들기(2%), 팔꿈치 맞닿아 원그리기(2%), 유산소 운동 전 동적 루틴 스트레칭(2%), 내전근 스트레칭(2%), 종아리 스트레칭(2%), 고정식 자전거 타기(1%), 스텝박스(1%), 대퇴이두근 스트레칭2(1%), 고정식 트레드밀에서 걷기(1%), 의자 이용 중심 잡기 루틴 운동(1%), 가슴/어깨 앞쪽 스트레칭(1%), 마주 앉아 대퇴이두근 스트레칭2(1%), 어깨 뒤쪽 스트레칭(1%)",국민체력100 운동처방 · 어르신 75세,,어르신,,
prescription:어르신-76-F-본운동,prescription,"어르신 76세 여자 1,710명에게 처방된 본운동: 고정식 자전거 타기(6%), 앉아서 다리 펴기(6%), 엎드려서 다리 굽히기(5%), 덤벨 잡고 앉았다 일어서기(5%), 고정식 트레드밀에서 걷기(5%), 의자 이용 중심 잡기 루틴 운동(5%), 바벨 잡고 들어올리기(4%), 앉아서 다리 밀기(3%), 스텝박스(3%), 스텝박스 오르내리기(3%), 의자잡고 후방으로 무릎 굽혀 들기(3%), 의자 잡고 전방으로 무릎 굽혀 들기(2%), 의자 잡고 후방으로 한발 뻗어 들기(2%), 균형 걷기(2%), 물속에서 걷기(2%), 아쿠아로빅(2%), 걷기(1%), 발바닥 치기(1%), 수영(1%), 덤벨 잡고 뒤꿈치 들기(1%), 사다리 이용 루틴 운동(1%), 벽에서 팔굽혀 펴기(1%), 앉아서 뒤로 당기기(1%), 베개 밟고 서기(1%), 좌우로 선넘기(1%), 밴드 걸고 누워서 다리 들어올리기(1%), 밴드 걸고 엎드려서 다리 구부리기(1%), 밴드 잡고 누워서 다리 밀기(1%), 앉아서 가슴 모으기(1%), 앞뒤로 선넘기(1%)",국민체력100 운동처방 · 어르신 76세,,어르신,,
prescription:어르신-76-F-정리운동,prescription,"어르신 76세 여자 1,710명에게 처방된 정리운동: 엉덩이 스트레칭(9%), 전신 루틴 스트레칭(7%), 대퇴사두근 스트레칭(5%), 몸통 비틀기(5%), 엉덩이 스트레칭2(4%), 가슴 스트레칭(3%), 종아리 스트레칭(3%), 옆구리 스트레칭(3%), 골반 스트레칭(2%), 비복근 스트레칭(2%), 넙다리 안쪽 스트레칭(2%), 고관절 스트레칭(2%), 내전근 스트레칭(2%), 회전근개 스트레칭(2%), 넙다리 앞쪽 스트레칭(2%), 대퇴이두근 스트레칭(2%), 정적 스트레칭  루틴프로그램(2%), 몸 앞으로 굽히기(2%), 하지 루틴 스트레칭2(2%), 하지 루틴 스트레칭1(2%), 목 스트레칭(2%), 대퇴이두근 스트레칭2(2%), 몸통 앞으로 굽혀 걷기(2%), 등 대고 대퇴이두근 스트레칭(2%), 전신 틀어 손벽 마주치기(2%), 가슴/어깨 스트레칭(2%), 고정식 자전거 타기(2%), 상지 루틴 스트레칭(1%), 발가락 폄근 스트레칭(1%), 배스트레칭(1%)",국민체력100 운동처방 · 어르신 76세,,어르신,,
prescription:어르신-76-F-준비운동,prescription,"어르신 76세 여자 1,710명에게 처방된 준비운동: 몸통 비틀기(7%), 어깨 스트레칭(7%), 고관절 스트레칭(6%), 마주 앉아 대퇴이두근 스트레칭(5%), 대퇴이두근 스트레칭(4%), 목 스트레칭(4%), 등 대고 대퇴이두근 스트레칭(4%), 등/어깨 뒤쪽 스트레칭(3%), 전신 루틴 스트레칭(3%), 유산소 운동 전 동적 루틴 스트레칭(3%), 엉덩이 스트레칭(3%), 의자잡고 후방으로 무릎 굽혀 들기(2%), 의자 잡고 후방으로 한발 뻗어 들기(2%), 마주 앉아 대퇴이두근 스트레칭2(2%), 가슴 스트레칭(2%), 대퇴사두근 스트레칭(2%), 엉덩이 스트레칭2(2%), 의자 잡고 전방으로 무릎 굽혀 들기(2%), 고정식 자전거 타기(1%), 종아리 스트레칭(1%), 상지 루틴 스트레칭(1%), 고정식 트레드밀에서 걷기(1%), 팔꿈치 맞닿아 원그리기(1%), 의자 이용 중심 잡기 루틴 운동(1%), 스텝박스(1%), 아래 팔 스트레칭(1%), 어깨 뒤쪽 스트레칭(1%), 가슴/어깨 앞쪽 스트레칭(1%), 스텝박스 오르내리기(1%), 하지 루틴 스트레칭1(1%)",국민체력100 운동처방 · 어르신 76세,,어르신,,
prescription:어르신-76-M-본운동,prescription,"어르신 76세 남자 1,270명에게 처방된 본운동: 고정식 자전거 타기(6%), 고정식 트레드밀에서 걷기(4%), 스텝박스(4%), 덤벨 잡고 앉았다 일어서기(4%), 앉아서 다리 펴기(3%), 의자 이용 중심 잡기 루틴 운동(3%), 스텝박스 오르내리기(3%), 엎드려서 다리 굽히기(3%), 바벨 잡고 들어올리기(2%), 물속에서 걷기(2%), 앉아서 다리 밀기(2%), 벽에서 팔굽혀 펴기(2%), 몸통 들어올리기(2%), 발바닥 치기(1%), 앉아서 당겨 내리기(1%), 덤벨 잡고 뒤꿈치 들기(1%), 걷기(1%), 의자에 앉아 다리 뻗어 올리기(1%), 아쿠아로빅(1%), 서서 다리로 탄력밴드 당겨 중심 잡기 루틴 운동(1%), 사다리 이용 루틴 운동(1%), 넙다리 안쪽 스트레칭(1%), 엉덩이 스트레칭(1%), 좌우로 선넘기(1%), 앞뒤로 선넘기(1%), 넙다리 뒤쪽 스트레칭(1%), 의자 앞에서 앉았다 일어서기(1%), 앉아서 팔꿈치 굽히기(1%), 앉아서 가슴 모으기(1%), 대퇴이두근 스트레칭(1%)",국민체력100 운동처방 · 어르신 76세,,어르신,,
prescription:어르신-76-M-정리운동,prescription,"어르신 76세 남자 1,270명에게 처방된 정리운동: 엉덩이 스트레칭(7%), 전신 루틴 스트레칭(6%), 대퇴사두근 스트레칭(5%), 몸통 비틀기(5%), 내전근 스트레칭(5%), 옆구리 스트레칭(4%), 대퇴이두근 스트레칭(4%), 고관절 스트레칭(4%), 몸 앞으로 굽히기(3%), 등/어깨 뒤쪽 스트레칭(3%), 하지 루틴 스트레칭2(3%), 회전근개 스트레칭(3%), 하지 루틴 스트레칭1(3%), 종아리 스트레칭(3%), 골반 스트레칭(2%), 상지 루틴 스트레칭(2%), 목 스트레칭(2%), 가슴 스트레칭(2%), 발가락 폄근 스트레칭(2%), 고정식 자전거 타기(2%), 대퇴이두근 스트레칭2(2%), 비복근 스트레칭(2%), 흔들어 체조(1%), 가슴/어깨 스트레칭(1%), 허리 스트레칭(1%), 배스트레칭(1%), 엉덩이 스트레칭2(1%), 팔꿈치 맞닿아 원그리기(1%), 등 대고 대퇴이두근 스트레칭(1%)",국민체력100 운동처방 · 어르신 76세,,어르신,,
prescription:어르신-76-M-준비운동,prescription,"어르신 76세 남자 1,270명에게 처방된 준비운동: 몸통 비틀기(7%), 어깨 스트레칭(6%), 전신 루틴 스트레칭(5%), 목 스트레칭(5%), 등/어깨 뒤쪽 스트레칭(4%), 대퇴사두근 스트레칭(4%), 등 대고 대퇴이두근 스트레칭(4%), 고관절 스트레칭(4%), 가슴 스트레칭(4%), 대퇴이두근 스트레칭(3%), 엉덩이 스트레칭(3%), 의자잡고 후방으로 무릎 굽혀 들기(3%), 팔꿈치 맞닿아 원그리기(2%), 마주 앉아 대퇴이두근 스트레칭(2%), 의자 잡고 후방으로 한발 뻗어 들기(2%), 종아리 스트레칭(2%), 대퇴이두근 스트레칭2(2%), 고정식 자전거 타기(2%), 유산소 운동 전 동적 루틴 스트레칭(2%), 의자 잡고 전방으로 무릎 굽혀 들기(2%), 의자 이용 중심 잡기 루틴 운동(1%), 스텝박스 오르내리기(1%), 스텝박스(1%), 고정식 트레드밀에서 걷기(1%), 내전근 스트레칭(1%), 상지 루틴 스트레칭(1%), 거북이 스트레칭(1%), 마주 앉아 대퇴이두근 스트레칭2(1%), 하지 루틴 스트레칭2(1%), 엉덩이 스트레칭2(1%)",국민체력100 운동처방 · 어르신 76세,,어르신,,
prescription:어르신-77-F-본운동,prescription,"어르신 77세 여자 1,618명에게 처방된 본운동: 고정식 자전거 타기(7%), 의자 이용 중심 잡기 루틴 운동(5%), 앉아서 다리 펴기(5%), 고정식 트레드밀에서 걷기(4%), 덤벨 잡고 앉았다 일어서기(3%), 스텝박스(3%), 엎드려서 다리 굽히기(3%), 앉아서 다리 밀기(3%), 스텝박스 오르내리기(2%), 앞뒤로 선넘기(2%), 바벨 잡고 들어올리기(2%), 좌우로 선넘기(2%), 몸통 들어올리기(2%), 걷기(2%), 아쿠아로빅(1%), 물속에서 걷기(1%), 의자 잡고 전방으로 무릎 굽혀 들기(1%), 발바닥 치기(1%), 의자 잡고 후방으로 한발 뻗어 들기(1%), 의자잡고 후방으로 무릎 굽혀 들기(1%), 덤벨 잡고 뒤꿈치 들기(1%), 목봉잡고 앉았다 일어나기(1%), 앉아서 당겨 내리기(1%), 균형 걷기(1%), 밴드 걸고 누워서 다리 들어올리기(1%), 벽에서 팔굽혀 펴기(1%), 사다리 이용 루틴 운동(1%), 서서 뒤꿈치 들기(1%), 서서 다리로 탄력밴드 당겨 중심 잡기 루틴 운동(1%), 밴드 걸고 옆으로 누워 다리 올리기(1%)",국민체력100 운동처방 · 어르신 77세,,어르신,,
prescription:어르신-77-F-정리운동,prescription,"어르신 77세 여자 1,618명에게 처방된 정리운동: 엉덩이 스트레칭(10%), 몸통 비틀기(5%), 전신 루틴 스트레칭(5%), 대퇴사두근 스트레칭(4%), 가슴 스트레칭(4%), 엉덩이 스트레칭2(4%), 옆구리 스트레칭(4%), 내전근 스트레칭(3%), 정적 스트레칭  루틴프로그램(3%), 대퇴이두근 스트레칭(3%), 고관절 스트레칭(3%), 배스트레칭(3%), 종아리 스트레칭(3%), 하지 루틴 스트레칭2(2%), 상지 루틴 스트레칭(2%), 팔꿈치 맞닿아 원그리기(2%), 넙다리 앞쪽 스트레칭(2%), 넙다리 뒤쪽 스트레칭(2%), 몸 앞으로 굽히기(2%), 등 대고 대퇴이두근 스트레칭(2%), 넙다리 안쪽 스트레칭(2%), 하지 루틴 스트레칭1(2%), 대퇴이두근 스트레칭2(2%), 골반 스트레칭(2%), 허리 스트레칭(2%), 회전근개 스트레칭(2%)",국민체력100 운동처방 · 어르신 77세,,어르신,,
prescription:어르신-77-F-준비운동,prescription,"어르신 77세 여자 1,618명에게 처방된 준비운동: 어깨 스트레칭(9%), 몸통 비틀기(6%), 고관절 스트레칭(5%), 유산소 운동 전 동적 루틴 스트레칭(4%), 전신 루틴 스트레칭(4%), 등/어깨 뒤쪽 스트레칭(4%), 등 대고 대퇴이두근 스트레칭(3%), 대퇴이두근 스트레칭(3%), 의자잡고 후방으로 무릎 굽혀 들기(3%), 목 스트레칭(2%), 고정식 자전거 타기(2%), 종아리 스트레칭(2%), 대퇴사두근 스트레칭(2%), 마주 앉아 대퇴이두근 스트레칭(2%), 의자 잡고 후방으로 한발 뻗어 들기(2%), 마주 앉아 대퇴이두근 스트레칭2(2%), 엉덩이 스트레칭(2%), 고정식 트레드밀에서 걷기(2%), 엉덩이 스트레칭2(2%), 스텝박스(2%), 의자 잡고 전방으로 무릎 굽혀 들기(2%), 아래 팔 스트레칭(1%), 허리 스트레칭(1%), 의자 이용 중심 잡기 루틴 운동(1%), 가슴 스트레칭(1%), 물속에서 걷기(1%), 가슴/어깨 앞쪽 스트레칭(1%), 팔꿈치 맞닿아 원그리기(1%), 동적 스트레칭 루틴프로그램(1%), 스텝박스 오르내리기(1%)",국민체력100 운동처방 · 어르신 77세,,어르신,,
prescription:어르신-77-M-본운동,prescription,"어르신 77세 남자 1,135명에게 처방된 본운동: 고정식 자전거 타기(6%), 고정식 트레드밀에서 걷기(6%), 스텝박스 오르내리기(5%), 덤벨 잡고 앉았다 일어서기(4%), 스텝박스(4%), 의자 이용 중심 잡기 루틴 운동(3%), 앉아서 다리 펴기(3%), 앉아서 당겨 내리기(3%), 엎드려서 다리 굽히기(3%), 바벨 잡고 들어올리기(2%), 몸통 들어올리기(2%), 앉아서 다리 밀기(2%), 물속에서 걷기(2%), 벽에서 팔굽혀 펴기(2%), 발바닥 치기(1%), 앞뒤로 선넘기(1%), 플렉스 바 비틀기(1%), 바벨 당겨 올리기(1%), 앉아서 뒤로 당기기(1%), 걷기(1%), 사다리 이용 루틴 운동(1%), 좌우로 선넘기(1%), 의자 이용하기(1%), 앉아서 가슴 모으기(1%), 아쿠아로빅(1%), 의자 잡고 후방으로 한발 뻗어 들기(1%), 덤벨 잡고 뒤꿈치 들기(1%), 물병 들고 한발 앞으로 내밀고 앉았다 일어서기(1%), 탄력밴드 측면으로 당기기(1%), 덤벨 잡고 몸통 옆으로 굽히기(1%)",국민체력100 운동처방 · 어르신 77세,,어르신,,
prescription:어르신-77-M-정리운동,prescription,"어르신 77세 남자 1,135명에게 처방된 정리운동: 엉덩이 스트레칭(6%), 대퇴사두근 스트레칭(5%), 옆구리 스트레칭(5%), 어깨 스트레칭(5%), 하지 루틴 스트레칭2(4%), 상지 루틴 스트레칭(4%), 가슴 스트레칭(4%), 골반 스트레칭(4%), 몸 앞으로 굽히기(4%), 전신 루틴 스트레칭(4%), 하지 루틴 스트레칭1(4%), 몸통 비틀기(3%), 회전근개 스트레칭(3%), 엉덩이 스트레칭2(2%), 척추 스트레칭(2%), 허리 스트레칭(2%), 가슴/어깨 스트레칭(2%), 내전근 스트레칭(2%), 등/어깨 뒤쪽 스트레칭(2%), 고관절 스트레칭(2%), 어깨 올리기(2%), 고정식 자전거 타기(2%), 종아리 스트레칭(2%), 목 스트레칭(2%), 등 스트레칭(2%), 대퇴이두근 스트레칭(1%), 넙다리 안쪽 스트레칭(1%)",국민체력100 운동처방 · 어르신 77세,,어르신,,
prescription:어르신-77-M-준비운동,prescription,"어르신 77세 남자 1,135명에게 처방된 준비운동: 전신 루틴 스트레칭(6%), 몸통 비틀기(5%), 고관절 스트레칭(5%), 목 스트레칭(5%), 등/어깨 뒤쪽 스트레칭(5%), 가슴 스트레칭(4%), 어깨 스트레칭(4%), 대퇴사두근 스트레칭(4%), 대퇴이두근 스트레칭(4%), 엉덩이 스트레칭(3%), 의자잡고 후방으로 무릎 굽혀 들기(3%), 팔꿈치 맞닿아 원그리기(3%), 의자 잡고 전방으로 무릎 굽혀 들기(2%), 의자 잡고 후방으로 한발 뻗어 들기(2%), 내전근 스트레칭(2%), 등 대고 대퇴이두근 스트레칭(2%), 스텝박스(2%), 고정식 자전거 타기(2%), 골반 스트레칭(2%), 고정식 트레드밀에서 걷기(2%), 어깨 뒤쪽 스트레칭(2%), 의자 이용 중심 잡기 루틴 운동(2%), 스텝박스 오르내리기(1%), 마주 앉아 대퇴이두근 스트레칭2(1%), 대퇴이두근 스트레칭2(1%), 하지 루틴 스트레칭2(1%), 상지 루틴 스트레칭(1%), 유산소 운동 전 동적 루틴 스트레칭(1%)",국민체력100 운동처방 · 어르신 77세,,어르신,,
prescription:어르신-78-F-본운동,prescription,"어르신 78세 여자 1,369명에게 처방된 본운동: 고정식 자전거 타기(7%), 고정식 트레드밀에서 걷기(5%), 앉아서 다리 펴기(4%), 엎드려서 다리 굽히기(4%), 앉아서 다리 밀기(4%), 스텝박스(4%), 덤벨 잡고 앉았다 일어서기(3%), 의자 이용 중심 잡기 루틴 운동(3%), 스텝박스 오르내리기(2%), 앞뒤로 선넘기(2%), 바벨 잡고 들어올리기(2%), 물속에서 걷기(2%), 덤벨 잡고 뒤꿈치 들기(2%), 아쿠아로빅(2%), 균형 걷기(2%), 좌우로 선넘기(1%), 목봉잡고 앉았다 일어나기(1%), 벽에서 팔굽혀 펴기(1%), 서서 다리로 탄력밴드 당겨 중심 잡기 루틴 운동(1%), 의자 잡고 후방으로 한발 뻗어 들기(1%), 의자 잡고 전방으로 무릎 굽혀 들기(1%), 물통으로 양팔 들어올리기(1%), 탄력밴드 측면으로 당기기(1%), 의자잡고 후방으로 무릎 굽혀 들기(1%), 사다리 이용 루틴 운동(1%), 탄력밴드 전방으로 당기기(1%), 걷기(1%), 탄력밴드 후방으로 당기기(1%), 앉아서 당겨 내리기(1%), 탄력밴드 후방 측면으로 당기기(1%)",국민체력100 운동처방 · 어르신 78세,,어르신,,
prescription:어르신-78-F-정리운동,prescription,"어르신 78세 여자 1,369명에게 처방된 정리운동: 옆구리 스트레칭(6%), 대퇴사두근 스트레칭(6%), 내전근 스트레칭(6%), 몸 앞으로 굽히기(6%), 엉덩이 스트레칭(5%), 등/어깨 뒤쪽 스트레칭(5%), 전신 루틴 스트레칭(5%), 몸통 비틀기(3%), 가슴 스트레칭(2%), 하지 루틴 스트레칭2(2%), 회전근개 스트레칭(2%), 대퇴이두근 스트레칭(2%), 엉덩이 스트레칭2(2%), 고관절 스트레칭(2%), 가슴/어깨 스트레칭(2%), 정적 스트레칭  루틴프로그램(2%), 종아리 스트레칭(2%), 넙다리 안쪽 스트레칭(2%), 하지 루틴 스트레칭1(2%), 고정식 자전거 타기(2%), 팔꿈치 맞닿아 원그리기(1%), 대퇴이두근 스트레칭2(1%), 허리 스트레칭(1%), 어깨 양 옆으로 돌리기(1%), 골반 스트레칭2(1%), 상지 루틴 스트레칭(1%), 넙다리 뒤쪽 스트레칭(1%), 고정식 트레드밀에서 걷기(1%), 스텝박스 오르내리기(1%), 전신 틀어 손벽 마주치기(1%)",국민체력100 운동처방 · 어르신 78세,,어르신,,
prescription:어르신-78-F-준비운동,prescription,"어르신 78세 여자 1,369명에게 처방된 준비운동: 몸통 비틀기(8%), 어깨 스트레칭(6%), 등/어깨 뒤쪽 스트레칭(5%), 고관절 스트레칭(4%), 목 스트레칭(4%), 대퇴이두근 스트레칭(4%), 전신 루틴 스트레칭(4%), 가슴 스트레칭(4%), 엉덩이 스트레칭(3%), 의자 잡고 후방으로 한발 뻗어 들기(3%), 대퇴사두근 스트레칭(3%), 등 대고 대퇴이두근 스트레칭(3%), 팔꿈치 맞닿아 원그리기(2%), 유산소 운동 전 동적 루틴 스트레칭(2%), 의자잡고 후방으로 무릎 굽혀 들기(2%), 고정식 자전거 타기(2%), 내전근 스트레칭(2%), 의자 잡고 전방으로 무릎 굽혀 들기(2%), 마주 앉아 대퇴이두근 스트레칭(2%), 스텝박스(2%), 어깨 뒤쪽 스트레칭(1%), 고정식 트레드밀에서 걷기(1%), 아래 팔 스트레칭(1%), 물속에서 걷기(1%), 의자 이용 중심 잡기 루틴 운동(1%), 하지 루틴 스트레칭1(1%), 상지 루틴 스트레칭(1%), 가슴/어깨 앞쪽 스트레칭(1%), 마주 앉아 대퇴이두근 스트레칭2(1%), 종아리 스트레칭(1%)",국민체력100 운동처방 · 어르신 78세,,어르신,,
prescription:어르신-78-M-본운동,prescription,"어르신 78세 남자 1,038명에게 처방된 본운동: 고정식 자전거 타기(6%), 앉아서 다리 펴기(5%), 고정식 트레드밀에서 걷기(5%), 덤벨 잡고 앉았다 일어서기(5%), 엎드려서 다리 굽히기(4%), 스텝박스(4%), 의자 이용 중심 잡기 루틴 운동(4%), 앉아서 다리 밀기(3%), 바벨 잡고 들어올리기(3%), 스텝박스 오르내리기(3%), 앞뒤로 선넘기(2%), 발바닥 치기(2%), 좌우로 선넘기(2%), 덤벨 잡고 뒤꿈치 들기(2%), 몸통 들어올리기(2%), 누워서 가슴 밀기(2%), 앉아서 당겨 내리기(2%), 서서 다리로 탄력밴드 당겨 중심 잡기 루틴 운동(2%), 사다리 이용 루틴 운동(2%), 물속에서 걷기(1%), 의자 잡고 후방으로 한발 뻗어 들기(1%), 의자잡고 후방으로 무릎 굽혀 들기(1%), 서서 팔꿈치 펴기(1%), 앉아서 팔꿈치 굽히기(1%), 플렉스 바 비틀기(1%), 앉아서 가슴 모으기(1%), 의자 이용하기(1%), 대퇴사두근 스트레칭(1%), 서서 다리 모으고 벌리기(1%), 아쿠아로빅(1%)",국민체력100 운동처방 · 어르신 78세,,어르신,,
prescription:어르신-78-M-정리운동,prescription,"어르신 78세 남자 1,038명에게 처방된 정리운동: 엉덩이 스트레칭(7%), 가슴 스트레칭(5%), 몸통 비틀기(5%), 목 스트레칭(5%), 엉덩이 스트레칭2(5%), 대퇴사두근 스트레칭(4%), 종아리 스트레칭(4%), 내전근 스트레칭(4%), 고관절 스트레칭(4%), 등/어깨 뒤쪽 스트레칭(3%), 회전근개 스트레칭(3%), 대퇴이두근 스트레칭(2%), 팔꿈치 맞닿아 원그리기(2%), 고정식 자전거 타기(2%), 골반 스트레칭(2%), 옆구리 스트레칭(2%), 몸 앞으로 굽히기(2%), 전신 루틴 스트레칭(2%), 비복근 스트레칭(2%), 고정식 트레드밀에서 걷기(2%), 가슴/어깨 스트레칭(2%), 발가락 폄근 스트레칭(2%), 하지 루틴 스트레칭2(1%), 스텝박스(1%), 하지 루틴 스트레칭1(1%), 복부 스트레칭(1%), 스텝박스 오르내리기(1%), 대퇴이두근 스트레칭2(1%), 흔들어 체조(1%), 상지 루틴 스트레칭(1%)",국민체력100 운동처방 · 어르신 78세,,어르신,,
prescription:어르신-78-M-준비운동,prescription,"어르신 78세 남자 1,038명에게 처방된 준비운동: 몸통 비틀기(7%), 고관절 스트레칭(7%), 어깨 스트레칭(6%), 엉덩이 스트레칭(4%), 대퇴이두근 스트레칭(4%), 등 대고 대퇴이두근 스트레칭(4%), 등/어깨 뒤쪽 스트레칭(4%), 의자잡고 후방으로 무릎 굽혀 들기(3%), 의자 잡고 전방으로 무릎 굽혀 들기(3%), 의자 잡고 후방으로 한발 뻗어 들기(3%), 가슴 스트레칭(3%), 고정식 자전거 타기(3%), 대퇴사두근 스트레칭(3%), 고정식 트레드밀에서 걷기(3%), 목 스트레칭(3%), 마주 앉아 대퇴이두근 스트레칭(3%), 전신 루틴 스트레칭(3%), 팔꿈치 맞닿아 원그리기(2%), 옆구리 스트레칭(2%), 내전근 스트레칭(2%), 마주 앉아 대퇴이두근 스트레칭2(2%), 의자 이용 중심 잡기 루틴 운동(2%), 대퇴이두근 스트레칭2(2%), 유산소 운동 전 동적 루틴 스트레칭(1%), 스텝박스(1%)",국민체력100 운동처방 · 어르신 78세,,어르신,,
prescription:어르신-79-F-본운동,prescription,"어르신 79세 여자 1,174명에게 처방된 본운동: 고정식 자전거 타기(7%), 앉아서 다리 펴기(5%), 고정식 트레드밀에서 걷기(5%), 엎드려서 다리 굽히기(4%), 덤벨 잡고 앉았다 일어서기(4%), 의자 이용 중심 잡기 루틴 운동(3%), 걷기(3%), 스텝박스(3%), 스텝박스 오르내리기(3%), 바벨 잡고 들어올리기(2%), 의자 앞에서 앉았다 일어서기(2%), 서서 뒤꿈치 들기(2%), 앉아서 다리 밀기(2%), 앉아서 뒤로 당기기(2%), 아쿠아로빅(2%), 균형 걷기(2%), 사다리 이용 루틴 운동(1%), 벽에서 팔굽혀 펴기(1%), 의자잡고 후방으로 무릎 굽혀 들기(1%), 앉아서 당겨 내리기(1%), 덤벨 잡고 뒤꿈치 들기(1%), 물속에서 걷기(1%), 짐볼 앉아 중심 잡기 루틴 운동(1%), 앉아서 가슴 모으기(1%), 몸통 들어올리기(1%), 의자 이용하기(1%), 의자 잡고 후방으로 한발 뻗어 들기(1%), 실내 자전거타기(1%), 앉아서 몸통 움츠리기(1%), 의자 잡고 전방으로 무릎 굽혀 들기(1%)",국민체력100 운동처방 · 어르신 79세,,어르신,,
prescription:어르신-79-F-정리운동,prescription,"어르신 79세 여자 1,174명에게 처방된 정리운동: 엉덩이 스트레칭(8%), 옆구리 스트레칭(6%), 대퇴사두근 스트레칭(5%), 몸통 비틀기(5%), 종아리 스트레칭(4%), 몸 앞으로 굽히기(4%), 정적 스트레칭  루틴프로그램(4%), 등/어깨 뒤쪽 스트레칭(3%), 배스트레칭(3%), 전신 루틴 스트레칭(3%), 넙다리 뒤쪽 스트레칭(3%), 가슴 스트레칭(3%), 내전근 스트레칭(3%), 엉덩이 스트레칭2(3%), 골반 스트레칭(2%), 회전근개 스트레칭(2%), 고관절 스트레칭(2%), 등 대고 대퇴이두근 스트레칭(2%), 어깨 스트레칭(2%), 가슴/어깨 스트레칭(2%), 마주 앉아 대퇴이두근 스트레칭2(2%), 전신 틀어 손벽 마주치기(2%), 복부 스트레칭(1%), 하지 루틴 스트레칭2(1%), 목 스트레칭(1%), 고정식 자전거 타기(1%), 몸통 앞으로 굽혀 걷기(1%)",국민체력100 운동처방 · 어르신 79세,,어르신,,
prescription:어르신-79-F-준비운동,prescription,"어르신 79세 여자 1,174명에게 처방된 준비운동: 고관절 스트레칭(7%), 몸통 비틀기(6%), 등/어깨 뒤쪽 스트레칭(6%), 어깨 스트레칭(5%), 의자 잡고 후방으로 한발 뻗어 들기(4%), 대퇴사두근 스트레칭(4%), 대퇴이두근 스트레칭(4%), 엉덩이 스트레칭(4%), 전신 루틴 스트레칭(4%), 유산소 운동 전 동적 루틴 스트레칭(3%), 의자잡고 후방으로 무릎 굽혀 들기(3%), 등 대고 대퇴이두근 스트레칭(2%), 가슴 스트레칭(2%), 의자 잡고 전방으로 무릎 굽혀 들기(2%), 목 스트레칭(2%), 고정식 자전거 타기(2%), 종아리 스트레칭(2%), 엉덩이 스트레칭2(2%), 팔꿈치 맞닿아 원그리기(2%), 의자 이용 중심 잡기 루틴 운동(1%), 마주 앉아 대퇴이두근 스트레칭(1%), 가슴/어깨 앞쪽 스트레칭(1%), 내전근 스트레칭(1%), 동적 스트레칭 루틴프로그램(1%), 고정식 트레드밀에서 걷기(1%), 아래 팔 스트레칭(1%), 스텝박스(1%), 스텝박스 오르내리기(1%), 좌우로 선넘기(1%), 걷기(1%)",국민체력100 운동처방 · 어르신 79세,,어르신,,
prescription:어르신-79-M-본운동,prescription,"어르신 79세 남자 699명에게 처방된 본운동: 앉아서 다리 펴기(6%), 고정식 자전거 타기(6%), 고정식 트레드밀에서 걷기(5%), 엎드려서 다리 굽히기(4%), 덤벨 잡고 앉았다 일어서기(4%), 앉아서 다리 밀기(3%), 스텝박스 오르내리기(3%), 스텝박스(3%), 덤벨 잡고 뒤꿈치 들기(3%), 의자 이용 중심 잡기 루틴 운동(3%), 몸통 들어올리기(2%), 바벨 잡고 들어올리기(2%), 물통으로 양팔 들어올리기(2%), 걷기(2%), 벽에서 팔굽혀 펴기(1%), 엎드려 뒤로 다리 올리기(1%), 의자 잡고 후방으로 한발 뻗어 들기(1%), 물속에서 걷기(1%), 의자 이용하기(1%), 플렉스 바 비틀기(1%), 의자잡고 후방으로 무릎 굽혀 들기(1%), 아쿠아로빅(1%), 앉아서 당겨 내리기(1%), 머리 위로 공 넘기기(1%), 앉아서 뒤로 당기기(1%), 베개 밟고 서기(1%), 앞뒤로 선넘기(1%), 의자 잡고 전방으로 무릎 굽혀 들기(1%), 옆으로 걷기(1%), 실내 자전거타기(1%)",국민체력100 운동처방 · 어르신 79세,,어르신,,
prescription:어르신-79-M-정리운동,prescription,"어르신 79세 남자 699명에게 처방된 정리운동: 대퇴사두근 스트레칭(9%), 엉덩이 스트레칭(8%), 엉덩이 스트레칭2(5%), 고관절 스트레칭(5%), 종아리 스트레칭(5%), 몸통 비틀기(5%), 대퇴이두근 스트레칭(4%), 몸 앞으로 굽히기(4%), 전신 루틴 스트레칭(4%), 내전근 스트레칭(4%), 옆구리 스트레칭(3%), 회전근개 스트레칭(3%), 대퇴이두근 스트레칭2(2%), 골반 스트레칭(2%), 하지 루틴 스트레칭1(2%), 하지 루틴 스트레칭2(2%), 마주 앉아 대퇴이두근 스트레칭2(2%), 가슴 스트레칭(2%), 넙다리 안쪽 스트레칭(2%), 고정식 트레드밀에서 걷기(1%), 어깨 스트레칭(1%), 등/어깨 뒤쪽 스트레칭(1%), 고정식 자전거 타기(1%), 상지 루틴 스트레칭(1%), 가슴/어깨 스트레칭(1%)",국민체력100 운동처방 · 어르신 79세,,어르신,,
prescription:어르신-79-M-준비운동,prescription,"어르신 79세 남자 699명에게 처방된 준비운동: 몸통 비틀기(9%), 어깨 스트레칭(8%), 고관절 스트레칭(7%), 등 대고 대퇴이두근 스트레칭(5%), 목 스트레칭(5%), 전신 루틴 스트레칭(4%), 마주 앉아 대퇴이두근 스트레칭(4%), 의자 잡고 후방으로 한발 뻗어 들기(3%), 등/어깨 뒤쪽 스트레칭(3%), 대퇴이두근 스트레칭(3%), 의자 잡고 전방으로 무릎 굽혀 들기(3%), 가슴 스트레칭(3%), 의자잡고 후방으로 무릎 굽혀 들기(3%), 엉덩이 스트레칭(3%), 팔꿈치 맞닿아 원그리기(2%), 고정식 자전거 타기(2%), 스텝박스 오르내리기(2%), 대퇴사두근 스트레칭(2%), 의자 이용 중심 잡기 루틴 운동(1%), 스텝박스(1%), 고정식 트레드밀에서 걷기(1%), 유산소 운동 전 동적 루틴 스트레칭(1%), 물속에서 걷기(1%), 마주 앉아 대퇴이두근 스트레칭2(1%), 종아리 스트레칭(1%), 아래 팔 스트레칭(1%)",국민체력100 운동처방 · 어르신 79세,,어르신,,
prescription:어르신-80-F-본운동,prescription,"어르신 80세 여자 925명에게 처방된 본운동: 의자 이용 중심 잡기 루틴 운동(6%), 고정식 자전거 타기(6%), 앉아서 다리 펴기(5%), 엎드려서 다리 굽히기(4%), 물속에서 걷기(4%), 고정식 트레드밀에서 걷기(3%), 앉아서 다리 밀기(3%), 덤벨 잡고 앉았다 일어서기(3%), 스텝박스(2%), 바벨 잡고 들어올리기(2%), 발바닥 치기(2%), 몸통 들어올리기(2%), 스텝박스 오르내리기(2%), 의자 잡고 전방으로 무릎 굽혀 들기(2%), 의자잡고 후방으로 무릎 굽혀 들기(2%), 균형 걷기(2%), 의자 이용하기(1%), 의자 잡고 후방으로 한발 뻗어 들기(1%), 밴드 걸고 엎드려서 다리 구부리기(1%), 걷기(1%), 목봉잡고 앉았다 일어나기(1%), 서서 다리로 탄력밴드 당겨 중심 잡기 루틴 운동(1%), 밴드 걸고 누워서 다리 들어올리기(1%), 아쿠아로빅(1%), 수영(1%), 사다리 이용 루틴 운동(1%), 앞뒤로 선넘기(1%), 좌우로 선넘기(1%), 벽에서 팔굽혀 펴기(1%), 머리 위로 공 넘기기(1%)",국민체력100 운동처방 · 어르신 80세,,어르신,,
prescription:어르신-80-F-정리운동,prescription,"어르신 80세 여자 925명에게 처방된 정리운동: 전신 루틴 스트레칭(7%), 엉덩이 스트레칭(7%), 옆구리 스트레칭(5%), 내전근 스트레칭(5%), 몸 앞으로 굽히기(5%), 넙다리 안쪽 스트레칭(4%), 대퇴사두근 스트레칭(4%), 몸통 비틀기(3%), 정적 스트레칭  루틴프로그램(3%), 고정식 트레드밀에서 걷기(3%), 엉덩이 스트레칭2(3%), 가슴 스트레칭(3%), 고정식 자전거 타기(3%), 골반 스트레칭2(3%), 고관절 스트레칭(2%), 허리 스트레칭(2%), 회전근개 스트레칭(2%), 등/어깨 뒤쪽 스트레칭(2%), 목 스트레칭(2%), 종아리 스트레칭(2%), 대퇴이두근 스트레칭(2%), 팔꿈치 맞닿아 원그리기(2%), 하지 루틴 스트레칭2(2%), 상지 루틴 스트레칭(2%), 골반 스트레칭(1%), 마주 앉아 대퇴이두근 스트레칭2(1%)",국민체력100 운동처방 · 어르신 80세,,어르신,,
prescription:어르신-80-F-준비운동,prescription,"어르신 80세 여자 925명에게 처방된 준비운동: 어깨 스트레칭(8%), 몸통 비틀기(8%), 고관절 스트레칭(5%), 의자 잡고 후방으로 한발 뻗어 들기(5%), 전신 루틴 스트레칭(4%), 등 대고 대퇴이두근 스트레칭(4%), 등/어깨 뒤쪽 스트레칭(3%), 대퇴이두근 스트레칭(3%), 유산소 운동 전 동적 루틴 스트레칭(3%), 엉덩이 스트레칭(3%), 목 스트레칭(3%), 팔꿈치 맞닿아 원그리기(2%), 내전근 스트레칭(2%), 대퇴사두근 스트레칭(2%), 의자잡고 후방으로 무릎 굽혀 들기(2%), 의자 잡고 전방으로 무릎 굽혀 들기(2%), 가슴 스트레칭(2%), 동적 스트레칭 루틴프로그램(2%), 상지 루틴 스트레칭(1%), 의자 이용 중심 잡기 루틴 운동(1%), 하지 루틴 스트레칭1(1%), 마주 앉아 대퇴이두근 스트레칭(1%), 덤벨 잡고 앉았다 일어서기(1%), 앉아서 다리 밀기(1%), 발가락 폄근 스트레칭(1%), 골반 스트레칭2(1%), 옆구리 스트레칭(1%), 마주 앉아 대퇴이두근 스트레칭2(1%), 고정식 자전거 타기(1%), 앞뒤로 선넘기(1%)",국민체력100 운동처방 · 어르신 80세,,어르신,,
prescription:어르신-80-M-본운동,prescription,"어르신 80세 남자 627명에게 처방된 본운동: 앉아서 다리 펴기(6%), 엎드려서 다리 굽히기(5%), 고정식 자전거 타기(5%), 의자 이용 중심 잡기 루틴 운동(4%), 고정식 트레드밀에서 걷기(4%), 덤벨 잡고 앉았다 일어서기(4%), 앉아서 다리 밀기(2%), 스텝박스 오르내리기(2%), 스텝박스(2%), 물속에서 걷기(2%), 발바닥 치기(2%), 앉아서 당겨 내리기(2%), 의자잡고 후방으로 무릎 굽혀 들기(2%), 벽에서 팔굽혀 펴기(2%), 바벨 잡고 들어올리기(2%), 의자 잡고 후방으로 한발 뻗어 들기(2%), 앞뒤로 선넘기(1%), 균형 걷기(1%), 좌우로 선넘기(1%), 걷기(1%), 물통으로 양팔 들어올리기(1%), 아쿠아로빅(1%), 짐볼 앉아 중심 잡기 루틴 운동(1%), 의자 잡고 전방으로 무릎 굽혀 들기(1%), 몸통 들어올리기(1%), 목봉잡고 앉았다 일어나기(1%), 엉덩이 스트레칭(1%), 덤벨 잡고 뒤꿈치 들기(1%), 대퇴사두근 스트레칭(1%), 사다리 이용 루틴 운동(1%)",국민체력100 운동처방 · 어르신 80세,,어르신,,
prescription:어르신-80-M-정리운동,prescription,"어르신 80세 남자 627명에게 처방된 정리운동: 엉덩이 스트레칭(10%), 대퇴사두근 스트레칭(8%), 전신 루틴 스트레칭(6%), 옆구리 스트레칭(4%), 엉덩이 스트레칭2(4%), 종아리 스트레칭(3%), 대퇴이두근 스트레칭2(3%), 내전근 스트레칭(3%), 고관절 스트레칭(3%), 상지 루틴 스트레칭(3%), 몸 앞으로 굽히기(3%), 하지 루틴 스트레칭1(3%), 가슴 스트레칭(3%), 몸통 비틀기(3%), 하지 루틴 스트레칭2(2%), 회전근개 스트레칭(2%), 대퇴이두근 스트레칭(2%), 등/어깨 뒤쪽 스트레칭(2%), 허리 스트레칭(2%), 마주 앉아 대퇴이두근 스트레칭(2%), 등 스트레칭(2%), 골반 스트레칭(2%), 넙다리 앞쪽 스트레칭(1%), 등 대고 대퇴이두근 스트레칭(1%), 복부 스트레칭(1%), 고정식 자전거 타기(1%)",국민체력100 운동처방 · 어르신 80세,,어르신,,
prescription:어르신-80-M-준비운동,prescription,"어르신 80세 남자 627명에게 처방된 준비운동: 어깨 스트레칭(7%), 고관절 스트레칭(7%), 몸통 비틀기(7%), 등 대고 대퇴이두근 스트레칭(4%), 전신 루틴 스트레칭(4%), 대퇴이두근 스트레칭(4%), 대퇴사두근 스트레칭(4%), 고정식 자전거 타기(3%), 목 스트레칭(3%), 등/어깨 뒤쪽 스트레칭(3%), 엉덩이 스트레칭(3%), 의자잡고 후방으로 무릎 굽혀 들기(3%), 의자 잡고 후방으로 한발 뻗어 들기(3%), 마주 앉아 대퇴이두근 스트레칭(3%), 의자 잡고 전방으로 무릎 굽혀 들기(3%), 가슴 스트레칭(2%), 스텝박스(2%), 의자 이용 중심 잡기 루틴 운동(2%), 유산소 운동 전 동적 루틴 스트레칭(2%), 고정식 트레드밀에서 걷기(2%), 팔꿈치 맞닿아 원그리기(2%), 스텝박스 오르내리기(2%), 걷기(1%), 내전근 스트레칭(1%), 마주 앉아 대퇴이두근 스트레칭2(1%), 종아리 스트레칭(1%), 동적 스트레칭 루틴프로그램(1%), 회전근개 스트레칭(1%)",국민체력100 운동처방 · 어르신 80세,,어르신,,
prescription:어르신-81-F-본운동,prescription,"어르신 81세 여자 919명에게 처방된 본운동: 고정식 자전거 타기(8%), 의자 이용 중심 잡기 루틴 운동(7%), 앉아서 다리 펴기(5%), 고정식 트레드밀에서 걷기(5%), 앉아서 다리 밀기(4%), 엎드려서 다리 굽히기(4%), 덤벨 잡고 앉았다 일어서기(4%), 스텝박스(3%), 물속에서 걷기(3%), 스텝박스 오르내리기(2%), 균형 걷기(2%), 아쿠아로빅(2%), 좌우로 선넘기(2%), 바벨 잡고 들어올리기(2%), 덤벨 잡고 뒤꿈치 들기(1%), 앞뒤로 선넘기(1%), 발바닥 치기(1%), 사다리 이용 루틴 운동(1%), 서서 다리로 탄력밴드 당겨 중심 잡기 루틴 운동(1%), 서서 뒤꿈치 들기(1%), 베개 밟고 서기(1%), 목봉잡고 앉았다 일어나기(1%), 앉아서 뒤로 당기기(1%), 의자 이용하기(1%), 앉아서 당겨 내리기(1%), 걷기(1%), 누워서 엉덩이 들어올리기(1%), 다리 뻗어 올리기(1%), 풍선 튕기기(1%), 의자잡고 후방으로 무릎 굽혀 들기(1%)",국민체력100 운동처방 · 어르신 81세,,어르신,,
prescription:어르신-81-F-정리운동,prescription,"어르신 81세 여자 919명에게 처방된 정리운동: 몸통 비틀기(8%), 대퇴사두근 스트레칭(7%), 엉덩이 스트레칭(6%), 종아리 스트레칭(6%), 내전근 스트레칭(4%), 엉덩이 스트레칭2(4%), 목 스트레칭(4%), 비복근 스트레칭(4%), 정적 스트레칭  루틴프로그램(4%), 등/어깨 뒤쪽 스트레칭(4%), 전신 루틴 스트레칭(3%), 대퇴이두근 스트레칭(3%), 고관절 스트레칭(3%), 몸 앞으로 굽히기(3%), 골반 스트레칭(2%), 하지 루틴 스트레칭2(2%), 대퇴이두근 스트레칭2(2%), 옆구리 스트레칭(2%), 팔꿈치 맞닿아 원그리기(2%), 회전근개 스트레칭(2%), 가슴 스트레칭(1%), 마주 앉아 대퇴이두근 스트레칭(1%), 어깨 스트레칭(1%)",국민체력100 운동처방 · 어르신 81세,,어르신,,
prescription:어르신-81-F-준비운동,prescription,"어르신 81세 여자 919명에게 처방된 준비운동: 어깨 스트레칭(11%), 몸통 비틀기(9%), 고관절 스트레칭(8%), 등 대고 대퇴이두근 스트레칭(5%), 유산소 운동 전 동적 루틴 스트레칭(4%), 전신 루틴 스트레칭(4%), 마주 앉아 대퇴이두근 스트레칭(4%), 의자 잡고 후방으로 한발 뻗어 들기(3%), 목 스트레칭(3%), 엉덩이 스트레칭(3%), 가슴 스트레칭(3%), 의자 잡고 전방으로 무릎 굽혀 들기(2%), 의자잡고 후방으로 무릎 굽혀 들기(2%), 의자 이용 중심 잡기 루틴 운동(2%), 대퇴이두근 스트레칭(2%), 스텝박스(2%), 고정식 자전거 타기(2%), 등/어깨 뒤쪽 스트레칭(2%), 팔꿈치 맞닿아 원그리기(2%), 내전근 스트레칭(2%), 상지 루틴 스트레칭(2%), 대퇴사두근 스트레칭(1%), 마주 앉아 대퇴이두근 스트레칭2(1%), 하지 루틴 스트레칭1(1%), 스텝박스 오르내리기(1%)",국민체력100 운동처방 · 어르신 81세,,어르신,,
prescription:어르신-81-M-본운동,prescription,"어르신 81세 남자 591명에게 처방된 본운동: 고정식 자전거 타기(6%), 앉아서 다리 펴기(6%), 고정식 트레드밀에서 걷기(5%), 스텝박스(4%), 앉아서 다리 밀기(3%), 덤벨 잡고 앉았다 일어서기(3%), 엎드려서 다리 굽히기(3%), 스텝박스 오르내리기(3%), 앉아서 엉덩관절 굽히기(3%), 의자 이용 중심 잡기 루틴 운동(2%), 서서 뒤꿈치 들기(2%), 의자에 앉아 다리 뻗어 올리기(2%), 엉덩이 스트레칭(2%), 의자 이용하기(2%), 바벨 잡고 들어올리기(2%), 서서 다리로 탄력밴드 당겨 중심 잡기 루틴 운동(1%), 앞뒤로 한발씩 걷기(1%), 풍선 튕기기(1%), 한발 들기(1%), 앞뒤로 선넘기(1%), 덤벨 잡고 뒤꿈치 들기(1%), 물속에서 걷기(1%), 좌우로 선넘기(1%), 서서 팔꿈치 펴기(1%), 대퇴사두근 스트레칭(1%), 옆으로 걷기(1%), 몸통 들어올리기(1%), 대퇴이두근 스트레칭2(1%), 밴드 걸고 엎드려서 다리 구부리기(1%), 사다리 이용 루틴 운동(1%)",국민체력100 운동처방 · 어르신 81세,,어르신,,
prescription:어르신-81-M-정리운동,prescription,"어르신 81세 남자 591명에게 처방된 정리운동: 엉덩이 스트레칭(10%), 대퇴사두근 스트레칭(8%), 전신 루틴 스트레칭(7%), 옆구리 스트레칭(6%), 몸 앞으로 굽히기(6%), 골반 스트레칭(5%), 내전근 스트레칭(4%), 엉덩이 스트레칭2(3%), 회전근개 스트레칭(3%), 가슴/어깨 스트레칭(3%), 등/어깨 뒤쪽 스트레칭(3%), 몸통 비틀기(3%), 넙다리 안쪽 스트레칭(2%), 대퇴이두근 스트레칭2(2%), 종아리 스트레칭(2%), 고관절 스트레칭(2%), 허리 스트레칭(2%), 대퇴이두근 스트레칭(2%), 등 스트레칭(2%), 가슴 스트레칭(2%), 척추 스트레칭(2%), 몸통 앞으로 굽혀 걷기(2%)",국민체력100 운동처방 · 어르신 81세,,어르신,,
prescription:어르신-81-M-준비운동,prescription,"어르신 81세 남자 591명에게 처방된 준비운동: 어깨 스트레칭(7%), 몸통 비틀기(7%), 등/어깨 뒤쪽 스트레칭(5%), 목 스트레칭(5%), 고관절 스트레칭(5%), 팔꿈치 맞닿아 원그리기(5%), 등 대고 대퇴이두근 스트레칭(4%), 마주 앉아 대퇴이두근 스트레칭(4%), 가슴 스트레칭(4%), 대퇴사두근 스트레칭(4%), 엉덩이 스트레칭(4%), 전신 루틴 스트레칭(4%), 내전근 스트레칭(3%), 마주 앉아 대퇴이두근 스트레칭2(3%), 대퇴이두근 스트레칭(2%), 고정식 자전거 타기(2%), 의자 잡고 후방으로 한발 뻗어 들기(2%), 스텝박스(2%), 스텝박스 오르내리기(2%), 의자 잡고 전방으로 무릎 굽혀 들기(2%), 의자잡고 후방으로 무릎 굽혀 들기(1%), 의자 이용 중심 잡기 루틴 운동(1%), 아래 팔 스트레칭(1%), 물속에서 걷기(1%)",국민체력100 운동처방 · 어르신 81세,,어르신,,
prescription:어르신-82-F-본운동,prescription,"어르신 82세 여자 795명에게 처방된 본운동: 고정식 자전거 타기(7%), 앉아서 다리 펴기(6%), 앉아서 다리 밀기(5%), 스텝박스(5%), 고정식 트레드밀에서 걷기(4%), 엎드려서 다리 굽히기(4%), 의자 이용 중심 잡기 루틴 운동(3%), 스텝박스 오르내리기(3%), 덤벨 잡고 앉았다 일어서기(2%), 물속에서 걷기(2%), 의자잡고 후방으로 무릎 굽혀 들기(2%), 의자 잡고 후방으로 한발 뻗어 들기(2%), 바벨 잡고 들어올리기(2%), 걷기(2%), 앉아서 당겨 내리기(2%), 의자 잡고 전방으로 무릎 굽혀 들기(2%), 짐볼 이용해 앉았다 일어서기(2%), 덤벨 잡고 뒤꿈치 들기(2%), 아쿠아로빅(1%), 서서 다리 모으고 벌리기(1%), 의자 이용하기(1%), 발바닥 치기(1%), 밴드 걸고 엎드려서 다리 구부리기(1%), 벽에서 팔굽혀 펴기(1%), 바벨 당겨 올리기(1%), 균형 걷기(1%), 몸통 들어올리기(1%), 앞뒤로 선넘기(1%), 베개 밟고 서기(1%), 밴드 걸고 누워서 다리 들어올리기(1%)",국민체력100 운동처방 · 어르신 82세,,어르신,,
prescription:어르신-82-F-정리운동,prescription,"어르신 82세 여자 795명에게 처방된 정리운동: 엉덩이 스트레칭(10%), 정적 스트레칭  루틴프로그램(10%), 옆구리 스트레칭(6%), 대퇴사두근 스트레칭(5%), 몸 앞으로 굽히기(5%), 내전근 스트레칭(4%), 가슴 스트레칭(4%), 전신 루틴 스트레칭(4%), 고관절 스트레칭(3%), 몸통 비틀기(3%), 대퇴이두근 스트레칭(3%), 하지 루틴 스트레칭2(2%), 목 스트레칭(2%), 고정식 트레드밀에서 걷기(2%), 대퇴이두근 스트레칭2(2%), 종아리 스트레칭(2%), 상지 루틴 스트레칭(2%), 하지 루틴 스트레칭1(2%), 비복근 스트레칭(2%), 고정식 자전거 타기(2%), 엉덩이 스트레칭2(2%), 등/어깨 뒤쪽 스트레칭(2%), 발가락 폄근 스트레칭(2%), 허리 스트레칭(1%), 어깨 스트레칭(1%)",국민체력100 운동처방 · 어르신 82세,,어르신,,
prescription:어르신-82-F-준비운동,prescription,"어르신 82세 여자 795명에게 처방된 준비운동: 유산소 운동 전 동적 루틴 스트레칭(8%), 몸통 비틀기(6%), 어깨 스트레칭(5%), 전신 루틴 스트레칭(5%), 엉덩이 스트레칭(4%), 의자 잡고 후방으로 한발 뻗어 들기(4%), 등 대고 대퇴이두근 스트레칭(4%), 등/어깨 뒤쪽 스트레칭(4%), 목 스트레칭(3%), 고관절 스트레칭(3%), 대퇴사두근 스트레칭(3%), 의자 잡고 전방으로 무릎 굽혀 들기(3%), 가슴 스트레칭(3%), 의자잡고 후방으로 무릎 굽혀 들기(3%), 대퇴이두근 스트레칭(2%), 팔꿈치 맞닿아 원그리기(2%), 내전근 스트레칭(2%), 의자 이용 중심 잡기 루틴 운동(2%), 마주 앉아 대퇴이두근 스트레칭(2%), 비복근 스트레칭(2%), 고정식 자전거 타기(1%), 스텝박스(1%), 베개 밟고 서기(1%), 베개 밟고 대각방향으로 서기(1%), 베개 밟고 두발 모아 서기(1%), 하지 루틴 스트레칭1(1%), 앉아서 다리 펴기(1%), 스텝박스 오르내리기(1%), 고정식 트레드밀에서 걷기(1%), 마주 앉아 대퇴이두근 스트레칭2(1%)",국민체력100 운동처방 · 어르신 82세,,어르신,,
prescription:어르신-82-M-본운동,prescription,"어르신 82세 남자 558명에게 처방된 본운동: 고정식 자전거 타기(7%), 고정식 트레드밀에서 걷기(6%), 스텝박스(4%), 앉아서 다리 펴기(3%), 의자 이용 중심 잡기 루틴 운동(3%), 엎드려서 다리 굽히기(3%), 앉아서 다리 밀기(3%), 스텝박스 오르내리기(3%), 덤벨 잡고 앉았다 일어서기(2%), 바벨 잡고 들어올리기(2%), 의자 앞에서 앉았다 일어서기(2%), 물속에서 걷기(2%), 아쿠아로빅(2%), 베개 밟고 서기(2%), 볼 위에 앉아 밴드 양옆으로 당기기(2%), 앉아서 팔꿈치 굽히기(1%), 사다리 이용 루틴 운동(1%), 발바닥 치기(1%), 좌우로 선넘기(1%), 앞뒤로 선넘기(1%), 서서 뒤꿈치 들기(1%), 밴드 걸고 앉아서 발등 굽힘(1%), 앉아서 어깨 위로 밀기(1%), 균형 걷기(1%), 서서 다리로 탄력밴드 당겨 중심 잡기 루틴 운동(1%), 서서 팔꿈치 펴기(1%), 앉아서 엉덩관절 굽히기(1%), 탄력밴드 전방으로 당기기(1%), 앉아서 당겨 내리기(1%), 걷기(1%)",국민체력100 운동처방 · 어르신 82세,,어르신,,
prescription:어르신-82-M-정리운동,prescription,"어르신 82세 남자 558명에게 처방된 정리운동: 전신 루틴 스트레칭(7%), 몸통 비틀기(6%), 종아리 스트레칭(6%), 엉덩이 스트레칭(5%), 대퇴사두근 스트레칭(5%), 옆구리 스트레칭(4%), 가슴 스트레칭(4%), 대퇴이두근 스트레칭2(4%), 팔꿈치 맞닿아 원그리기(3%), 회전근개 스트레칭(3%), 목 스트레칭(3%), 몸 앞으로 굽히기(3%), 가슴/어깨 스트레칭(3%), 내전근 스트레칭(3%), 엉덩이 스트레칭2(3%), 골반 스트레칭(2%), 마주 앉아 대퇴이두근 스트레칭2(2%), 몸통 앞으로 굽혀 걷기(2%), 등/어깨 뒤쪽 스트레칭(2%), 고관절 스트레칭(2%), 허리 스트레칭(2%), 대퇴이두근 스트레칭(2%), 넙다리 안쪽 스트레칭(2%), 하지 루틴 스트레칭2(1%), 어깨 양 옆으로 돌리기(1%), 아래 팔 스트레칭(1%)",국민체력100 운동처방 · 어르신 82세,,어르신,,
prescription:어르신-82-M-준비운동,prescription,"어르신 82세 남자 558명에게 처방된 준비운동: 몸통 비틀기(8%), 어깨 스트레칭(7%), 전신 루틴 스트레칭(6%), 목 스트레칭(5%), 등/어깨 뒤쪽 스트레칭(5%), 고관절 스트레칭(5%), 옆구리 스트레칭(5%), 엉덩이 스트레칭(4%), 가슴 스트레칭(3%), 대퇴이두근 스트레칭(3%), 내전근 스트레칭(3%), 등 대고 대퇴이두근 스트레칭(2%), 의자 잡고 후방으로 한발 뻗어 들기(2%), 넙다리 앞쪽 스트레칭(2%), 의자잡고 후방으로 무릎 굽혀 들기(2%), 대퇴사두근 스트레칭(2%), 마주 앉아 대퇴이두근 스트레칭(2%), 팔꿈치 맞닿아 원그리기(2%), 의자 잡고 전방으로 무릎 굽혀 들기(2%), 스텝박스(1%), 넙다리 안쪽 스트레칭(1%), 유산소 운동 전 동적 루틴 스트레칭(1%), 종아리 스트레칭(1%), 상지 루틴 스트레칭(1%), 마주 앉아 대퇴이두근 스트레칭2(1%), 등 스트레칭(1%)",국민체력100 운동처방 · 어르신 82세,,어르신,,
prescription:어르신-83-F-본운동,prescription,"어르신 83세 여자 770명에게 처방된 본운동: 앉아서 다리 펴기(6%), 고정식 자전거 타기(6%), 의자 이용 중심 잡기 루틴 운동(5%), 엎드려서 다리 굽히기(5%), 앉아서 다리 밀기(5%), 고정식 트레드밀에서 걷기(3%), 덤벨 잡고 앉았다 일어서기(3%), 스텝박스 오르내리기(2%), 스텝박스(2%), 목봉잡고 앉았다 일어나기(2%), 덤벨 잡고 뒤꿈치 들기(2%), 앞뒤로 선넘기(2%), 아쿠아로빅(2%), 발바닥 치기(2%), 좌우로 선넘기(2%), 바벨 잡고 들어올리기(2%), 짐볼 앉아 중심 잡기 루틴 운동(1%), 걷기(1%), 밴드 걸고 엎드려서 다리 구부리기(1%), 물속에서 걷기(1%), 밴드 잡고 누워서 다리 밀기(1%), 사다리 이용 루틴 운동(1%), 밴드 걸고 옆으로 누워 다리 올리기(1%), 균형 걷기(1%), 앉아서 당겨 내리기(1%), 탄력밴드 측면으로 당기기(1%), 수영(1%), 의자 잡고 전방으로 무릎 굽혀 들기(1%), 줄 따라 걷기(1%), 밴드 걸고 앉아서 발등 굽힘(1%)",국민체력100 운동처방 · 어르신 83세,,어르신,,
prescription:어르신-83-F-정리운동,prescription,"어르신 83세 여자 770명에게 처방된 정리운동: 정적 스트레칭  루틴프로그램(7%), 엉덩이 스트레칭(5%), 옆구리 스트레칭(3%), 몸 앞으로 굽히기(3%), 대퇴사두근 스트레칭(3%), 고관절 스트레칭(3%), 척추 스트레칭(3%), 몸통 비틀기(3%), 수영(3%), 어깨 올리기(3%), 전신 루틴 스트레칭(3%), 가슴 스트레칭(3%), 아쿠아로빅 운동 프로그램 루틴(3%), 아쿠아로빅-몸 기울이기/회전하기(3%), 골반 스트레칭(3%), 대퇴이두근 스트레칭(2%), 회전근개 스트레칭(2%), 내전근 스트레칭(2%), 고정식 트레드밀에서 걷기(2%), 어깨 스트레칭(2%), 대퇴이두근 스트레칭2(2%), 종아리 스트레칭(2%), 목 스트레칭(2%), 골반 스트레칭2(2%), 고정식 자전거 타기(2%), 엉덩이 스트레칭2(2%), 가슴/어깨 스트레칭(2%), 등/어깨 뒤쪽 스트레칭(1%), 옆으로 걷기(1%), 하지 루틴 스트레칭1(1%)",국민체력100 운동처방 · 어르신 83세,,어르신,,
prescription:어르신-83-F-준비운동,prescription,"어르신 83세 여자 770명에게 처방된 준비운동: 등/어깨 뒤쪽 스트레칭(5%), 목 스트레칭(5%), 의자 잡고 후방으로 한발 뻗어 들기(5%), 등 대고 대퇴이두근 스트레칭(4%), 유산소 운동 전 동적 루틴 스트레칭(4%), 전신 루틴 스트레칭(3%), 몸통 비틀기(3%), 마주 앉아 대퇴이두근 스트레칭(3%), 내전근 스트레칭(3%), 대퇴이두근 스트레칭(3%), 고정식 자전거 타기(3%), 의자잡고 후방으로 무릎 굽혀 들기(3%), 어깨 스트레칭(2%), 고관절 스트레칭(2%), 탄력밴드 측면으로 당기기(2%), 팔꿈치 맞닿아 원그리기(2%), 대퇴사두근 스트레칭(2%), 의자 잡고 전방으로 무릎 굽혀 들기(2%), 가슴 스트레칭(2%), 스텝박스 오르내리기(2%), 스텝박스(2%), 엉덩이 스트레칭(2%), 어깨 뒤쪽 스트레칭(2%), 의자 이용 중심 잡기 루틴 운동(2%), 마주 앉아 대퇴이두근 스트레칭2(1%), 베개 밟고 서기(1%), 허리 스트레칭(1%), 상지 루틴 스트레칭(1%), 옆구리 스트레칭(1%), 비복근 스트레칭(1%)",국민체력100 운동처방 · 어르신 83세,,어르신,,
prescription:어르신-83-M-본운동,prescription,"어르신 83세 남자 429명에게 처방된 본운동: 고정식 트레드밀에서 걷기(7%), 고정식 자전거 타기(6%), 앉아서 다리 펴기(4%), 스텝박스(4%), 덤벨 잡고 앉았다 일어서기(4%), 앉아서 다리 밀기(3%), 몸통 들어올리기(3%), 엎드려서 다리 굽히기(3%), 바벨 잡고 들어올리기(3%), 스텝박스 오르내리기(2%), 의자 이용 중심 잡기 루틴 운동(2%), 목봉잡고 앉았다 일어나기(2%), 의자에 앉아 다리 뻗어 올리기(2%), 서서 뒤꿈치 들기(2%), 균형 걷기(2%), 물속에서 걷기(2%), 벽에서 팔굽혀 펴기(2%), 밴드 걸고 엎드려서 다리 구부리기(2%), 밴드 걸고 누워서 다리 들어올리기(1%), 의자잡고 후방으로 무릎 굽혀 들기(1%), 앉아서 엉덩관절 굽히기(1%), 밴드 머리 뒤로 들어올리기(1%), 물병 들고 한발 앞으로 내밀고 앉았다 일어서기(1%), 앉아서 뒤로 당기기(1%), 물통으로 양팔 들어올리기(1%), 걷기(1%), 밴드 잡고 누워서 다리 밀기(1%), 밴드를 당겨요(1%), 의자 잡고 전방으로 무릎 굽혀 들기(1%), 앉아서 몸통 움츠리기(1%)",국민체력100 운동처방 · 어르신 83세,,어르신,,
prescription:어르신-83-M-정리운동,prescription,"어르신 83세 남자 429명에게 처방된 정리운동: 전신 루틴 스트레칭(9%), 고관절 스트레칭(9%), 종아리 스트레칭(7%), 엉덩이 스트레칭(6%), 몸통 비틀기(6%), 엉덩이 스트레칭2(4%), 어깨 스트레칭(4%), 대퇴사두근 스트레칭(4%), 회전근개 스트레칭(4%), 가슴/어깨 스트레칭(3%), 대퇴이두근 스트레칭(3%), 내전근 스트레칭(3%), 대퇴이두근 스트레칭2(2%), 옆구리 스트레칭(2%), 후굴자세 해봐요(2%), 고정식 자전거 타기(2%), 비복근 스트레칭(2%), 넙다리 안쪽 스트레칭(2%), 등/어깨 뒤쪽 스트레칭(2%), 등 대고 대퇴이두근 스트레칭(2%), 하지 루틴 스트레칭2(1%), 하지 루틴 스트레칭1(1%), 목 스트레칭(1%)",국민체력100 운동처방 · 어르신 83세,,어르신,,
prescription:어르신-83-M-준비운동,prescription,"어르신 83세 남자 429명에게 처방된 준비운동: 고관절 스트레칭(8%), 어깨 스트레칭(7%), 몸통 비틀기(7%), 대퇴이두근 스트레칭(5%), 전신 루틴 스트레칭(4%), 마주 앉아 대퇴이두근 스트레칭(4%), 대퇴사두근 스트레칭(4%), 등 대고 대퇴이두근 스트레칭(4%), 팔꿈치 맞닿아 원그리기(3%), 가슴 스트레칭(3%), 마주 앉아 대퇴이두근 스트레칭2(3%), 목 스트레칭(3%), 스텝박스(2%), 의자 잡고 후방으로 한발 뻗어 들기(2%), 등/어깨 뒤쪽 스트레칭(2%), 고정식 자전거 타기(2%), 의자잡고 후방으로 무릎 굽혀 들기(2%), 거북이 스트레칭(2%), 엉덩이 스트레칭2(2%), 고정식 트레드밀에서 걷기(2%), 베개 밟고 서기(2%), 엉덩이 스트레칭(2%), 넙다리 안쪽 스트레칭(2%), 유산소 운동 전 동적 루틴 스트레칭(2%), 하지 루틴 스트레칭2(1%), 의자 이용 중심 잡기 루틴 운동(1%), 내전근 스트레칭(1%)",국민체력100 운동처방 · 어르신 83세,,어르신,,
prescription:어르신-84-F-본운동,prescription,"어르신 84세 여자 596명에게 처방된 본운동: 고정식 자전거 타기(8%), 의자 이용 중심 잡기 루틴 운동(7%), 앉아서 다리 펴기(4%), 앉아서 다리 밀기(4%), 균형 걷기(3%), 엎드려서 다리 굽히기(3%), 고정식 트레드밀에서 걷기(3%), 의자 이용하기(3%), 물속에서 걷기(2%), 덤벨 잡고 앉았다 일어서기(2%), 목봉잡고 앉았다 일어나기(2%), 스텝박스(2%), 의자 잡고 전방으로 무릎 굽혀 들기(2%), 의자잡고 후방으로 무릎 굽혀 들기(2%), 스텝박스 오르내리기(2%), 의자에 앉아 등 굽혔다 펴기(2%), 다리로 짐볼 들어올리기(2%), 밴드 걸고 엎드려서 다리 구부리기(2%), 아쿠아로빅(1%), 바벨 잡고 들어올리기(1%), 짐볼에서 윗몸 일으키기(1%), 앉아서 뒤로 당기기(1%), 의자 잡고 후방으로 한발 뻗어 들기(1%), 밴드 걸고 누워서 다리 들어올리기(1%), 좌우로 선넘기(1%), 앞뒤로 선넘기(1%), 덤벨 잡고 뒤꿈치 들기(1%), 옆으로 걷기(1%), 고관절 스트레칭(1%), 엎드려 양팔 및 다리 들어올리기(1%)",국민체력100 운동처방 · 어르신 84세,,어르신,,
prescription:어르신-84-F-정리운동,prescription,"어르신 84세 여자 596명에게 처방된 정리운동: 옆구리 스트레칭(7%), 대퇴사두근 스트레칭(6%), 엉덩이 스트레칭(5%), 몸 앞으로 굽히기(5%), 정적 스트레칭  루틴프로그램(5%), 엉덩이 스트레칭2(4%), 몸통 비틀기(4%), 등/어깨 뒤쪽 스트레칭(4%), 팔꿈치 맞닿아 원그리기(3%), 비복근 스트레칭(3%), 대퇴이두근 스트레칭2(3%), 하지 루틴 스트레칭1(3%), 상지 루틴 스트레칭(3%), 내전근 스트레칭(3%), 짐볼 앞으로 밀기(2%), 짐볼 옆에 두고 어깨 누르기(2%), 짐볼 양옆으로 굴리기(2%), 가슴 스트레칭(2%), 전신 루틴 스트레칭(2%), 하지 루틴 스트레칭2(2%), 목 스트레칭(2%), 종아리 스트레칭(1%), 몸통 들어올리기(1%), 덤벨 잡고 뒤꿈치 들기(1%), 엎드려 뒤로 다리 올리기(1%), 목봉잡고 앉았다 일어나기(1%), 골반 스트레칭(1%), 대퇴이두근 스트레칭(1%)",국민체력100 운동처방 · 어르신 84세,,어르신,,
prescription:어르신-84-F-준비운동,prescription,"어르신 84세 여자 596명에게 처방된 준비운동: 몸통 비틀기(6%), 의자 잡고 후방으로 한발 뻗어 들기(6%), 고관절 스트레칭(6%), 어깨 스트레칭(5%), 대퇴이두근 스트레칭(5%), 엉덩이 스트레칭(5%), 등/어깨 뒤쪽 스트레칭(4%), 유산소 운동 전 동적 루틴 스트레칭(4%), 목 스트레칭(3%), 의자잡고 후방으로 무릎 굽혀 들기(3%), 전신 루틴 스트레칭(3%), 대퇴사두근 스트레칭(2%), 등 대고 대퇴이두근 스트레칭(2%), 마주 앉아 대퇴이두근 스트레칭(2%), 의자 잡고 전방으로 무릎 굽혀 들기(2%), 팔꿈치 맞닿아 원그리기(2%), 고정식 자전거 타기(2%), 종아리 스트레칭(2%), 고정식 트레드밀에서 걷기(2%), 스텝박스(2%), 가슴 스트레칭(2%), 의자 이용 중심 잡기 루틴 운동(2%), 베개 밟고 서기(1%), 물속에서 걷기(1%), 대퇴이두근 스트레칭2(1%), 스텝박스 오르내리기(1%), 골반 스트레칭(1%), 탄력밴드 걸고 서기(1%)",국민체력100 운동처방 · 어르신 84세,,어르신,,
prescription:어르신-84-M-본운동,prescription,"어르신 84세 남자 311명에게 처방된 본운동: 고정식 자전거 타기(10%), 고정식 트레드밀에서 걷기(6%), 의자 이용 중심 잡기 루틴 운동(4%), 앉아서 다리 펴기(4%), 덤벨 잡고 뒤꿈치 들기(3%), 엎드려서 다리 굽히기(3%), 물속에서 걷기(3%), 의자 잡고 전방으로 무릎 굽혀 들기(3%), 덤벨 잡고 앉았다 일어서기(3%), 밴드 걸고 옆으로 누워 다리 올리기(3%), 앉아서 다리 밀기(2%), 물병 들고 한발 앞으로 내밀고 앉았다 일어서기(2%), 걷기(2%), 서서 다리로 탄력밴드 당겨 중심 잡기 루틴 운동(2%), 의자잡고 후방으로 무릎 굽혀 들기(2%), 아쿠아로빅(2%), 앞뒤로 선넘기(1%), 공 잡고 들어올리기(1%), 사다리 이용 루틴 운동(1%), 좌우로 선넘기(1%), 벽에서 팔굽혀 펴기(1%), 스텝박스(1%), 옆구리 스트레칭(1%), 서서 뒤꿈치 들기(1%), 의자 잡고 후방으로 한발 뻗어 들기(1%), 탄력밴드 전방으로 당기기(1%), 스텝박스 오르내리기(1%), 엉덩이 스트레칭(1%), 탄력밴드 후방으로 당기기(1%), 발바닥 치기(1%)",국민체력100 운동처방 · 어르신 84세,,어르신,,
prescription:어르신-84-M-정리운동,prescription,"어르신 84세 남자 311명에게 처방된 정리운동: 몸통 비틀기(9%), 엉덩이 스트레칭(8%), 고관절 스트레칭(8%), 대퇴사두근 스트레칭(6%), 엉덩이 스트레칭2(6%), 대퇴이두근 스트레칭(6%), 회전근개 스트레칭(5%), 대퇴이두근 스트레칭2(5%), 옆구리 스트레칭(5%), 골반 스트레칭(5%), 몸 앞으로 굽히기(4%), 내전근 스트레칭(4%), 목 돌림 스트레칭(4%), 종아리 스트레칭(3%), 전신 루틴 스트레칭(3%)",국민체력100 운동처방 · 어르신 84세,,어르신,,
prescription:어르신-84-M-준비운동,prescription,"어르신 84세 남자 311명에게 처방된 준비운동: 어깨 스트레칭(11%), 몸통 비틀기(10%), 고관절 스트레칭(8%), 목 스트레칭(7%), 등 대고 대퇴이두근 스트레칭(6%), 의자 잡고 후방으로 한발 뻗어 들기(4%), 마주 앉아 대퇴이두근 스트레칭(4%), 엉덩이 스트레칭(3%), 의자잡고 후방으로 무릎 굽혀 들기(3%), 팔꿈치 맞닿아 원그리기(3%), 등/어깨 뒤쪽 스트레칭(3%), 전신 루틴 스트레칭(3%), 유산소 운동 전 동적 루틴 스트레칭(3%), 가슴 스트레칭(3%), 의자 잡고 전방으로 무릎 굽혀 들기(2%), 스텝박스(2%), 대퇴이두근 스트레칭(2%), 대퇴사두근 스트레칭(2%), 고정식 자전거 타기(2%)",국민체력100 운동처방 · 어르신 84세,,어르신,,
prescription:어르신-85-F-본운동,prescription,"어르신 85세 여자 484명에게 처방된 본운동: 고정식 자전거 타기(6%), 의자 이용 중심 잡기 루틴 운동(5%), 앉아서 다리 펴기(4%), 고정식 트레드밀에서 걷기(4%), 앞뒤로 선넘기(3%), 균형 걷기(3%), 스텝박스(3%), 엎드려서 다리 굽히기(3%), 밴드 잡고 누워서 다리 밀기(2%), 좌우로 선넘기(2%), 의자 이용하기(2%), 걷기(2%), 스텝박스 오르내리기(2%), 덤벨 잡고 몸통 옆으로 굽히기(2%), 물속에서 걷기(2%), 앉아서 뒤로 당기기(2%), 탄력밴드 측면으로 당기기(2%), 물통으로 양팔 들어올리기(1%), 누워서 가슴 밀기(1%), 의자 앉아 다리로 짐볼 쥐기(1%), 밴드 머리 뒤로 들어올리기(1%), 사다리 이용 루틴 운동(1%), 발바닥 치기(1%), 밴드 걸고 옆으로 누워 다리 올리기(1%), 의자 잡고 전방으로 무릎 굽혀 들기(1%), 아쿠아로빅(1%), 밴드 걸고 누워서 다리 들어올리기(1%), 의자 잡고 후방으로 한발 뻗어 들기(1%), 바벨 잡고 들어올리기(1%), 의자잡고 후방으로 무릎 굽혀 들기(1%)",국민체력100 운동처방 · 어르신 85세,,어르신,,
prescription:어르신-85-F-정리운동,prescription,"어르신 85세 여자 484명에게 처방된 정리운동: 골반 스트레칭(9%), 전신 루틴 스트레칭(7%), 가슴 스트레칭(6%), 척추 스트레칭(5%), 등/어깨 뒤쪽 스트레칭(5%), 옆구리 스트레칭(5%), 옆으로 누워 폼롤러 굴려주기(5%), 엉덩이 스트레칭(4%), 엉덩이 스트레칭2(4%), 팔꿈치 맞닿아 원그리기(4%), 종아리 스트레칭(3%), 회전근개 스트레칭(3%), 대퇴사두근 스트레칭(3%), 몸통 비틀기(3%), 가슴/어깨 스트레칭(3%), 고정식 자전거 타기(3%), 골반 스트레칭2(2%), 목 스트레칭(2%), 배스트레칭(2%), 정적 스트레칭  루틴프로그램(2%), 고정식 트레드밀에서 걷기(2%)",국민체력100 운동처방 · 어르신 85세,,어르신,,
prescription:어르신-85-F-준비운동,prescription,"어르신 85세 여자 484명에게 처방된 준비운동: 어깨 스트레칭(9%), 등/어깨 뒤쪽 스트레칭(6%), 목 스트레칭(5%), 몸통 비틀기(4%), 등 대고 대퇴이두근 스트레칭(4%), 가슴 스트레칭(4%), 의자 잡고 후방으로 한발 뻗어 들기(4%), 팔꿈치 맞닿아 원그리기(4%), 의자잡고 후방으로 무릎 굽혀 들기(3%), 마주 앉아 대퇴이두근 스트레칭(3%), 동적 스트레칭 루틴프로그램(3%), 전신 루틴 스트레칭(3%), 의자 잡고 전방으로 무릎 굽혀 들기(3%), 마주 앉아 대퇴이두근 스트레칭2(3%), 엉덩이 스트레칭2(3%), 엉덩이 스트레칭(2%), 대퇴이두근 스트레칭(2%), 고관절 스트레칭(2%), 종아리 스트레칭(2%), 팔 교대로 올리기(2%), 좌우로 선넘기(2%), 앞뒤로 선넘기(2%), 유산소 운동 전 동적 루틴 스트레칭(2%), 골반 스트레칭2(2%), 옆으로 누워 가슴 열기(2%)",국민체력100 운동처방 · 어르신 85세,,어르신,,
prescription:어르신-85-M-본운동,prescription,"어르신 85세 남자 236명에게 처방된 본운동: 고정식 자전거 타기(7%), 고정식 트레드밀에서 걷기(6%), 앉아서 다리 펴기(6%), 엎드려서 다리 굽히기(6%), 바벨 잡고 들어올리기(4%), 스텝박스(4%), 균형 걷기(3%), 의자 이용 중심 잡기 루틴 운동(3%), 스텝박스 오르내리기(2%), 물속에서 걷기(2%), 엉덩이 스트레칭(2%), 앉아서 팔꿈치 굽히기(2%), 서서 팔꿈치 펴기(2%), 아쿠아로빅(2%), 벽에서 팔굽혀 펴기(2%), 서서 뒤꿈치 들기(2%), 목봉잡고 앉았다 일어나기(2%), 사다리 이용 루틴 운동(2%), 탄력밴드 측면으로 당기기(2%), 고관절 스트레칭(1%), 덤벨 잡고 앉았다 일어서기(1%), 탄력밴드 후방 측면으로 당기기(1%), 밴드 걸고 앉아서 발등 굽힘(1%), 발바닥 치기(1%), 앉아서 당겨 내리기(1%), 옆구리 스트레칭(1%), 앉아서 뒤로 당기기(1%), 몸통 비틀기(1%), 덤벨 잡고 뒤꿈치 들기(1%), 수영(1%)",국민체력100 운동처방 · 어르신 85세,,어르신,,
prescription:어르신-85-M-정리운동,prescription,"어르신 85세 남자 236명에게 처방된 정리운동: 종아리 스트레칭(8%), 몸통 비틀기(7%), 회전근개 스트레칭(5%), 가슴/어깨 스트레칭(5%), 대퇴사두근 스트레칭(5%), 옆구리 스트레칭(4%), 고정식 자전거 타기(4%), 하지 루틴 스트레칭1(4%), 상지 루틴 스트레칭(4%), 엉덩이 스트레칭(4%), 목 스트레칭(3%), 하지 루틴 스트레칭2(3%), 엉덩이 스트레칭2(3%), 팔꿈치 맞닿아 원그리기(3%), 고관절 스트레칭(3%), 골반 스트레칭(3%), 전신 루틴 스트레칭(2%), 전신 틀어 손벽 마주치기(2%), 고정식 트레드밀에서 걷기(2%), 등/어깨 뒤쪽 스트레칭(2%), 스텝박스(2%), 스텝박스 오르내리기(2%)",국민체력100 운동처방 · 어르신 85세,,어르신,,
prescription:어르신-85-M-준비운동,prescription,"어르신 85세 남자 236명에게 처방된 준비운동: 고관절 스트레칭(9%), 등/어깨 뒤쪽 스트레칭(8%), 어깨 스트레칭(7%), 목 스트레칭(6%), 가슴 스트레칭(6%), 대퇴이두근 스트레칭(4%), 등 대고 대퇴이두근 스트레칭(4%), 팔꿈치 맞닿아 원그리기(4%), 전신 루틴 스트레칭(4%), 몸통 비틀기(4%), 의자 잡고 후방으로 한발 뻗어 들기(3%), 내전근 스트레칭(3%), 마주 앉아 대퇴이두근 스트레칭2(3%), 어깨 뒤쪽 스트레칭(2%), 의자 잡고 전방으로 무릎 굽혀 들기(2%), 의자잡고 후방으로 무릎 굽혀 들기(2%), 엉덩이 스트레칭(2%), 유산소 운동 전 동적 루틴 스트레칭(2%), 고정식 트레드밀에서 걷기(2%), 종아리 스트레칭(2%), 마주 앉아 대퇴이두근 스트레칭(2%), 물속에서 걷기(1%), 대퇴사두근 스트레칭(1%)",국민체력100 운동처방 · 어르신 85세,,어르신,,
prescription:어르신-86-F-본운동,prescription,"어르신 86세 여자 418명에게 처방된 본운동: 의자 이용 중심 잡기 루틴 운동(7%), 고정식 자전거 타기(6%), 발바닥 치기(4%), 엎드려서 다리 굽히기(4%), 고정식 트레드밀에서 걷기(4%), 앉아서 다리 밀기(3%), 앉아서 다리 펴기(3%), 밴드 잡고 누워서 다리 밀기(3%), 스텝박스(2%), 머리 위로 공 넘기기(2%), 균형 걷기(2%), 계단 오르기(2%), 걷기(2%), 물속에서 걷기(2%), 좌우로 선넘기(2%), 앞뒤로 선넘기(2%), 밴드 걸고 엎드려서 다리 구부리기(2%), 베개 밟고 서기(1%), 앞뒤로 한발씩 걷기(1%), 옆으로 걷기(1%), 의자에 앉아 등 굽혔다 펴기(1%), 풍선 튕기기(1%), 줄 따라 걷기(1%), 목봉잡고 앉았다 일어나기(1%), 누워서 엉덩이 들어올리기(1%), 의자잡고 후방으로 무릎 굽혀 들기(1%), 스텝박스 오르내리기(1%), 의자 잡고 서기(1%), 엎드려 양팔 및 다리 들어올리기(1%), 사다리 이용 루틴 운동(1%)",국민체력100 운동처방 · 어르신 86세,,어르신,,
prescription:어르신-86-F-정리운동,prescription,"어르신 86세 여자 418명에게 처방된 정리운동: 엉덩이 스트레칭(7%), 몸통 비틀기(6%), 전신 루틴 스트레칭(6%), 상지 루틴 스트레칭(6%), 옆구리 스트레칭(5%), 등 대고 대퇴이두근 스트레칭(5%), 하지 루틴 스트레칭1(5%), 하지 루틴 스트레칭2(4%), 내전근 스트레칭(4%), 정적 스트레칭  루틴프로그램(3%), 몸 앞으로 굽히기(3%), 고관절 스트레칭(3%), 허리 스트레칭(3%), 대퇴사두근 스트레칭(3%), 배스트레칭(3%), 종아리 스트레칭(3%), 넙다리 뒤쪽 스트레칭(2%), 대퇴이두근 스트레칭(2%), 엉덩이 스트레칭2(2%), 비복근 스트레칭(2%), 등/어깨 뒤쪽 스트레칭(2%), 목 스트레칭(2%)",국민체력100 운동처방 · 어르신 86세,,어르신,,
prescription:어르신-86-F-준비운동,prescription,"어르신 86세 여자 418명에게 처방된 준비운동: 전신 루틴 스트레칭(11%), 몸통 비틀기(8%), 의자 잡고 후방으로 한발 뻗어 들기(5%), 어깨 스트레칭(5%), 목 스트레칭(5%), 가슴 스트레칭(4%), 등/어깨 뒤쪽 스트레칭(3%), 의자잡고 후방으로 무릎 굽혀 들기(3%), 의자 잡고 전방으로 무릎 굽혀 들기(3%), 등 대고 대퇴이두근 스트레칭(3%), 마주 앉아 대퇴이두근 스트레칭(3%), 고관절 스트레칭(2%), 의자 이용 중심 잡기 루틴 운동(2%), 팔꿈치 맞닿아 원그리기(2%), 엉덩이 스트레칭(2%), 아래 팔 스트레칭(2%), 대퇴사두근 스트레칭(2%), 스텝박스(2%), 내전근 스트레칭(1%), 물속에서 걷기(1%), 좌식생활자를 위한 동적 루틴 스트레칭(1%), 좌우로 선넘기(1%), 유산소 운동 전 동적 루틴 스트레칭(1%), 비복근 스트레칭(1%), 대퇴이두근 스트레칭(1%), 베개 밟고 대각방향으로 서기(1%), 고정식 자전거 타기(1%), 덤벨 잡고 앉았다 일어서기(1%), 양팔 벌려 전신 비틀기(1%), 앞뒤로 선넘기(1%)",국민체력100 운동처방 · 어르신 86세,,어르신,,
prescription:어르신-86-M-본운동,prescription,"어르신 86세 남자 186명에게 처방된 본운동: 고정식 자전거 타기(7%), 고정식 트레드밀에서 걷기(6%), 앉아서 다리 펴기(5%), 의자 이용 중심 잡기 루틴 운동(4%), 스텝박스(4%), 앉아서 팔꿈치 굽히기(3%), 사다리 이용 루틴 운동(3%), 덤벨 잡고 앉았다 일어서기(3%), 엎드려서 다리 굽히기(3%), 스텝박스 오르내리기(2%), 옆으로 걷기(2%), 의자 앉아 공 밀기(2%), 앉아서 다리 밀기(2%), 좌우로 선넘기(2%), 덤벨 잡고 뒤꿈치 들기(2%), 바벨 잡고 들어올리기(2%), 앞뒤로 선넘기(2%), 발바닥 치기(2%), 의자 잡고 전방으로 무릎 굽혀 들기(2%), 아쿠아로빅(2%), 서서 다리로 탄력밴드 당겨 중심 잡기 루틴 운동(2%), 앉아서 가슴 모으기(2%), 서서 팔꿈치 펴기(1%), 물속에서 걷기(1%), 팔꿈치 맞닿아 원그리기(1%), 가슴 스트레칭(1%), 엉덩이 스트레칭(1%), 대퇴사두근 스트레칭(1%), 다리로 짐볼 들어올리기(1%), 걷기(1%)",국민체력100 운동처방 · 어르신 86세,,어르신,,
prescription:어르신-86-M-정리운동,prescription,"어르신 86세 남자 186명에게 처방된 정리운동: 엉덩이 스트레칭(15%), 대퇴사두근 스트레칭(10%), 엉덩이 스트레칭2(8%), 종아리 스트레칭(7%), 내전근 스트레칭(6%), 옆구리 스트레칭(4%), 몸 앞으로 굽히기(4%), 대퇴이두근 스트레칭(4%), 가슴 스트레칭(3%), 목 스트레칭(3%), 전신 루틴 스트레칭(3%), 상지 루틴 스트레칭(3%), 등/어깨 뒤쪽 스트레칭(2%), 넙다리 뒤쪽 스트레칭(2%), 하지 루틴 스트레칭2(2%), 발바닥 치기(2%), 줄 따라 걷기(2%)",국민체력100 운동처방 · 어르신 86세,,어르신,,
prescription:어르신-86-M-준비운동,prescription,"어르신 86세 남자 186명에게 처방된 준비운동: 몸통 비틀기(10%), 어깨 스트레칭(9%), 대퇴이두근 스트레칭(6%), 등 대고 대퇴이두근 스트레칭(6%), 마주 앉아 대퇴이두근 스트레칭(6%), 목 스트레칭(5%), 하지 루틴 스트레칭1(4%), 등/어깨 뒤쪽 스트레칭(4%), 고관절 스트레칭(4%), 팔꿈치 맞닿아 원그리기(4%), 의자잡고 후방으로 무릎 굽혀 들기(3%), 전신 루틴 스트레칭(3%), 하지 루틴 스트레칭2(3%), 대퇴사두근 스트레칭(2%), 고정식 자전거 타기(2%), 고정식 트레드밀에서 걷기(2%), 내전근 스트레칭(2%), 가슴 스트레칭(2%), 상지 루틴 스트레칭(2%), 의자 잡고 후방으로 한발 뻗어 들기(2%), 스텝박스 오르내리기(1%)",국민체력100 운동처방 · 어르신 86세,,어르신,,
prescription:어르신-87-F-본운동,prescription,"어르신 87세 여자 321명에게 처방된 본운동: 의자 이용 중심 잡기 루틴 운동(6%), 걷기(6%), 앉아서 다리 펴기(5%), 엎드려서 다리 굽히기(4%), 고정식 자전거 타기(4%), 균형 걷기(4%), 의자 이용하기(4%), 앉아서 다리 밀기(3%), 밴드 걸고 엎드려서 다리 구부리기(3%), 목봉잡고 앉았다 일어나기(3%), 고정식 트레드밀에서 걷기(2%), 의자 앞에서 앉았다 일어서기(2%), 베개 밟고 서기(2%), 덤벨 잡고 뒤꿈치 들기(2%), 서서 뒤꿈치 들기(2%), 스텝박스 오르내리기(2%), 아쿠아로빅(2%), 밴드 걸고 누워서 다리 들어올리기(2%), 물속에서 걷기(2%), 덤벨 잡고 앉았다 일어서기(2%), 서서 다리 모으고 벌리기(1%), 발바닥 치기(1%), 스텝박스(1%), 좌우로 선넘기(1%), 물통으로 양팔 들어올리기(1%), 밴드 머리 뒤로 들어올리기(1%), 벽에서 팔굽혀 펴기(1%), 앞뒤로 선넘기(1%), 사다리 이용 루틴 운동(1%), 탄력밴드 측면으로 당기기(1%)",국민체력100 운동처방 · 어르신 87세,,어르신,,
prescription:어르신-87-F-정리운동,prescription,"어르신 87세 여자 321명에게 처방된 정리운동: 정적 스트레칭  루틴프로그램(13%), 엉덩이 스트레칭(6%), 대퇴사두근 스트레칭(4%), 허리 스트레칭(4%), 배스트레칭(4%), 고관절 스트레칭(3%), 대퇴이두근 스트레칭(3%), 넙다리 안쪽 스트레칭(3%), 전신 루틴 스트레칭(3%), 등/어깨 뒤쪽 스트레칭(3%), 대퇴이두근 스트레칭2(3%), 엉덩이 스트레칭2(3%), 종아리 스트레칭(3%), 의자 잡고 후방으로 한발 뻗어 들기(3%), 넙다리 뒤쪽 스트레칭(3%), 팔꿈치 맞닿아 원그리기(3%), 하지 루틴 스트레칭1(2%), 하지 루틴 스트레칭2(2%), 옆구리 스트레칭(2%), 상지 루틴 스트레칭(2%), 비복근 스트레칭(2%), 골반 스트레칭(2%), 몸통 비틀기(2%), 목 스트레칭(1%), 내전근 스트레칭(1%), 마주 앉아 대퇴이두근 스트레칭2(1%)",국민체력100 운동처방 · 어르신 87세,,어르신,,
prescription:어르신-87-F-준비운동,prescription,"어르신 87세 여자 321명에게 처방된 준비운동: 등/어깨 뒤쪽 스트레칭(7%), 비복근 스트레칭(5%), 의자 잡고 후방으로 한발 뻗어 들기(5%), 유산소 운동 전 동적 루틴 스트레칭(5%), 목 스트레칭(4%), 고관절 스트레칭(3%), 의자 이용 중심 잡기 루틴 운동(3%), 의자 잡고 전방으로 무릎 굽혀 들기(3%), 엉덩이 스트레칭(3%), 몸통 비틀기(3%), 대퇴사두근 스트레칭(3%), 의자잡고 후방으로 무릎 굽혀 들기(3%), 마주 앉아 대퇴이두근 스트레칭(3%), 대퇴이두근 스트레칭(3%), 좌우로 선넘기(3%), 등 대고 대퇴이두근 스트레칭(3%), 전신 루틴 스트레칭(3%), 아래 팔 스트레칭(2%), 고정식 자전거 타기(2%), 어깨 스트레칭(2%), 내전근 스트레칭(2%), 넙다리 안쪽 스트레칭(2%), 팔꿈치 맞닿아 원그리기(2%), 베개 밟고 서기(1%), 베개 밟고 교차 서기(1%), 넙다리 뒤쪽 스트레칭(1%), 하지 루틴 스트레칭1(1%), 앞뒤로 선넘기(1%), 마주 앉아 대퇴이두근 스트레칭2(1%), 베개 밟고 위로 양팔 들기(1%)",국민체력100 운동처방 · 어르신 87세,,어르신,,
prescription:어르신-87-M-본운동,prescription,"어르신 87세 남자 150명에게 처방된 본운동: 고정식 자전거 타기(8%), 고정식 트레드밀에서 걷기(4%), 의자 이용 중심 잡기 루틴 운동(4%), 덤벨 잡고 뒤꿈치 들기(3%), 앉아서 다리 펴기(3%), 의자에 앉아 등 굽혔다 펴기(3%), 밴드 걸고 엎드려서 다리 구부리기(3%), 앉아서 엉덩관절 굽히기(3%), 앉아서 다리 밀기(3%), 물속에서 걷기(3%), 벽에서 팔굽혀 펴기(2%), 서서 뒤꿈치 들기(2%), 엎드려서 다리 굽히기(2%), 의자에 앉아 다리 뻗어 올리기(2%), 균형 걷기(2%), 발등굽힘/발바닥굽힘(2%), 목봉잡고 앉았다 일어나기(2%), 짐볼 들고 양옆으로 돌리기(2%), 짐볼에서 윗몸 일으키기(2%), 짐볼 앉기(2%), 밴드 걸고 누워서 다리 들어올리기(2%), 마주 앉아 대퇴이두근 스트레칭2(2%), 밴드 걸고 옆으로 누워 다리 올리기(1%), 아쿠아로빅(1%), 짐볼 앉아 양 손 가슴 교차(1%), 공 잡고 들어올리기(1%), 사다리 이용 루틴 운동(1%), 물통으로 양팔 들어올리기(1%), 좌우로 선넘기(1%), 고관절 스트레칭(1%)",국민체력100 운동처방 · 어르신 87세,,어르신,,
prescription:어르신-87-M-정리운동,prescription,"어르신 87세 남자 150명에게 처방된 정리운동: 전신 루틴 스트레칭(11%), 하지 루틴 스트레칭1(10%), 대퇴사두근 스트레칭(8%), 가슴 스트레칭(6%), 종아리 스트레칭(5%), 몸통 비틀기(4%), 하지 루틴 스트레칭2(4%), 목 스트레칭(4%), 골반 스트레칭(4%), 엉덩이 스트레칭(3%), 몸 앞으로 굽히기(3%), 상지 루틴 스트레칭(3%), 팔꿈치 맞닿아 원그리기(3%), 엉덩이 스트레칭2(3%), 가슴/어깨 스트레칭(3%), 회전근개 스트레칭(3%), 어깨 스트레칭(3%), 누워서 전신 뻗기(2%)",국민체력100 운동처방 · 어르신 87세,,어르신,,
prescription:어르신-87-M-준비운동,prescription,"어르신 87세 남자 150명에게 처방된 준비운동: 유산소 운동 전 동적 루틴 스트레칭(7%), 고정식 자전거 타기(7%), 전신 루틴 스트레칭(5%), 엉덩이 스트레칭(5%), 스텝박스(5%), 몸통 비틀기(5%), 등/어깨 뒤쪽 스트레칭(4%), 어깨 스트레칭(4%), 대퇴사두근 스트레칭(4%), 가슴 스트레칭(4%), 물속에서 걷기(4%), 고정식 트레드밀에서 걷기(3%), 스텝박스 오르내리기(3%), 고관절 스트레칭(3%), 목 스트레칭(3%), 대퇴이두근 스트레칭(3%), 등 대고 대퇴이두근 스트레칭(3%), 의자잡고 후방으로 무릎 굽혀 들기(3%), 팔꿈치 맞닿아 원그리기(3%), 짐볼 앉아 양손 측면으로 들기(2%), 의자 잡고 후방으로 한발 뻗어 들기(2%), 넙다리 앞쪽 스트레칭(2%)",국민체력100 운동처방 · 어르신 87세,,어르신,,
prescription:어르신-88-F-본운동,prescription,"어르신 88세 여자 236명에게 처방된 본운동: 고정식 자전거 타기(8%), 의자 이용 중심 잡기 루틴 운동(6%), 앉아서 다리 펴기(4%), 앉아서 다리 밀기(4%), 서서 뒤꿈치 들기(4%), 균형 걷기(4%), 물속에서 걷기(4%), 스텝박스 오르내리기(3%), 고정식 트레드밀에서 걷기(3%), 의자 앞에서 앉았다 일어서기(2%), 수영(2%), 스텝박스(2%), 앉아서 당겨 내리기(2%), 앉았다 일어서기(2%), 의자 이용하기(2%), 앉아서 팔꿈치 굽히기(2%), 덤벨 잡고 뒤꿈치 들기(2%), 의자 잡고 후방으로 한발 뻗어 들기(2%), 앉아서 어깨 위로 밀기(2%), 의자잡고 후방으로 무릎 굽혀 들기(2%), 아쿠아로빅(2%), 베개 밟고 서기(2%), 엎드려서 다리 굽히기(1%), 의자 잡고 전방으로 무릎 굽혀 들기(1%), 사다리 이용 루틴 운동(1%), 걷기(1%), 밴드 걸고 누워서 다리 들어올리기(1%), 의자 앉아 공 밀기(1%), 밴드 걸고 엎드려서 다리 구부리기(1%), 엉덩이 스트레칭(1%)",국민체력100 운동처방 · 어르신 88세,,어르신,,
prescription:어르신-88-F-정리운동,prescription,"어르신 88세 여자 236명에게 처방된 정리운동: 정적 스트레칭  루틴프로그램(25%), 엉덩이 스트레칭(8%), 대퇴사두근 스트레칭(7%), 고정식 트레드밀에서 걷기(7%), 전신 루틴 스트레칭(5%), 옆구리 스트레칭(3%), 상지 루틴 스트레칭(3%), 하지 루틴 스트레칭2(3%), 하지 루틴 스트레칭1(3%), 몸 앞으로 굽히기(3%), 대퇴이두근 스트레칭2(2%), 깍지 끼고 상체 숙이기(2%), 넙다리 안쪽 스트레칭(2%), 대퇴이두근 스트레칭(2%), 엉덩이 스트레칭2(2%), 고정식 자전거 타기(2%), 골반 스트레칭2(2%), 넙다리 앞쪽 스트레칭(2%)",국민체력100 운동처방 · 어르신 88세,,어르신,,
prescription:어르신-88-F-준비운동,prescription,"어르신 88세 여자 236명에게 처방된 준비운동: 유산소 운동 전 동적 루틴 스트레칭(11%), 등/어깨 뒤쪽 스트레칭(7%), 의자 잡고 전방으로 무릎 굽혀 들기(6%), 고관절 스트레칭(5%), 어깨 뒤쪽 스트레칭(4%), 의자 잡고 후방으로 한발 뻗어 들기(4%), 목 스트레칭(4%), 의자잡고 후방으로 무릎 굽혀 들기(3%), 엉덩이 스트레칭(3%), 대퇴사두근 스트레칭(2%), 대퇴이두근 스트레칭(2%), 동적 스트레칭 루틴프로그램(2%), 의자 이용 중심 잡기 루틴 운동(2%), 옆구리 스트레칭(2%), 어깨 스트레칭(2%), 몸통 비틀기(2%), 전신 루틴 스트레칭(2%), 팔꿈치 맞닿아 원그리기(2%), 베개 밟고 교차 서기(2%), 하지 루틴 스트레칭1(1%), 아래 팔 스트레칭(1%), 사다리 이용 루틴 운동(1%), 가슴 스트레칭(1%), 베개 밟고 두발 모아 서기(1%), 척추 스트레칭(1%), 물속에서 걷기(1%), 가슴/어깨 앞쪽 스트레칭(1%), 등 대고 대퇴이두근 스트레칭(1%), 마주 앉아 대퇴이두근 스트레칭(1%), 탄력밴드 측면으로 당기기(1%)",국민체력100 운동처방 · 어르신 88세,,어르신,,
prescription:어르신-88-M-본운동,prescription,"어르신 88세 남자 85명에게 처방된 본운동: 고정식 자전거 타기(7%), 다리로 짐볼 들어올리기(5%), 고정식 트레드밀에서 걷기(4%), 의자 잡고 한발 들기(4%), 앉아서 다리 펴기(3%), 의자 잡고 서기(3%), 앉아서 다리 밀기(3%), 물병 들고 한발 앞으로 내밀고 앉았다 일어서기(3%), 목봉잡고 앉았다 일어나기(3%), 공 잡고 들어올리기(3%), 한발 들기(3%), 의자 이용 중심 잡기 루틴 운동(2%), 의자에 앉아 등 굽혔다 펴기(2%), 벽에서 팔굽혀 펴기(2%), 아쿠아로빅(2%), 스텝박스 오르내리기(2%), 균형 걷기(2%), 대퇴사두근 스트레칭(2%), 엎드려서 다리 굽히기(1%), 의자 잡고 전방으로 무릎 굽혀 들기(1%), 의자 이용하기(1%), 좌우로 선넘기(1%), 앞뒤로 선넘기(1%), 스텝박스(1%), 물속에서 걷기(1%), 덤벨 잡고 뒤꿈치 들기(1%), 앉아서 밴드 잡고 몸통 돌리기(1%), 앉아서 뒤로 당기기(1%), 앞뒤로 한발씩 걷기(1%), 누워서 전신 뻗기(1%)",국민체력100 운동처방 · 어르신 88세,,어르신,,
prescription:어르신-88-M-정리운동,prescription,"어르신 88세 남자 85명에게 처방된 정리운동: 엉덩이 스트레칭(12%), 회전근개 스트레칭(10%), 넙다리 앞쪽 스트레칭(9%), 엉덩이 스트레칭2(9%), 아래 팔 스트레칭(7%), 대퇴사두근 스트레칭(5%), 목 돌림 스트레칭(4%), 골반 스트레칭(4%), 정적 스트레칭  루틴프로그램(4%), 옆구리 스트레칭(3%), 몸통 비틀기(3%), 종아리 스트레칭(3%), 비복근 스트레칭(2%), 깍지 끼고 상체 숙이기(2%), 가슴/어깨 스트레칭(2%)",국민체력100 운동처방 · 어르신 88세,,어르신,,
prescription:어르신-88-M-준비운동,prescription,"어르신 88세 남자 85명에게 처방된 준비운동: 어깨 스트레칭(15%), 몸통 비틀기(12%), 마주 앉아 대퇴이두근 스트레칭(10%), 등 대고 대퇴이두근 스트레칭(9%), 목 스트레칭(5%), 등/어깨 뒤쪽 스트레칭(4%), 의자잡고 후방으로 무릎 굽혀 들기(4%), 동적 스트레칭 루틴프로그램(2%), 종아리 스트레칭(2%), 넙다리 앞쪽 스트레칭(2%), 어깨 뒤쪽 스트레칭(2%), 엉덩이 스트레칭(2%), 넙다리 안쪽 스트레칭(2%), 허리 스트레칭(2%), 의자 잡고 후방으로 한발 뻗어 들기(2%), 팔꿈치 맞닿아 원그리기(2%), 고관절 스트레칭(2%), 가슴 스트레칭(2%)",국민체력100 운동처방 · 어르신 88세,,어르신,,
prescription:어르신-89-F-본운동,prescription,"어르신 89세 여자 166명에게 처방된 본운동: 고정식 자전거 타기(7%), 의자 이용 중심 잡기 루틴 운동(6%), 고정식 트레드밀에서 걷기(5%), 앉아서 다리 펴기(4%), 엎드려서 다리 굽히기(4%), 아쿠아로빅(4%), 누워서 엉덩이 들어올리기(4%), 의자 잡고 한발 들기(3%), 앉았다 일어서기(3%), 네발기기 자세로 팔 다리 들기(3%), 사다리 이용 루틴 운동(3%), 짐볼 앉아 중심 잡기 루틴 운동(3%), 한발 앞으로 내밀고 앉았다 일어서기(3%), 서서 다리 모으고 벌리기(3%), 물속에서 걷기(2%), 좌우 찍기(2%), 앉아서 다리 밀기(2%), 베개 밟고 서기(2%), 좌우로 선넘기(2%), 균형 걷기(2%), 덤벨 잡고 뒤꿈치 들기(1%), 머리 위로 공 넘기기(1%), 몸통 들어올리기(1%), 짐볼에서 엉덩이 돌리기(1%), 의자잡고 후방으로 무릎 굽혀 들기(1%), 앉아서 덤벨로 손목 굽히기(1%), 짐볼 들고 양옆으로 돌리기(1%), 걷기(1%), 탄력밴드 후방 측면으로 당기기(1%), 의자 잡고 후방으로 한발 뻗어 들기(1%)",국민체력100 운동처방 · 어르신 89세,,어르신,,
prescription:어르신-89-F-정리운동,prescription,"어르신 89세 여자 166명에게 처방된 정리운동: 엉덩이 스트레칭(15%), 비복근 스트레칭(11%), 가슴 스트레칭(9%), 옆구리 스트레칭(5%), 종아리 스트레칭(5%), 대퇴사두근 스트레칭(4%), 엉덩이 스트레칭2(4%), 상지 루틴 스트레칭(4%), 전신 루틴 스트레칭(4%), 정적 스트레칭  루틴프로그램(3%), 어깨 올리기(3%), 어깨 스트레칭(3%), 팔 교대로 올리기(3%), 앉아서 다리 펴기(2%), 엎드려서 다리 굽히기(2%), 덤벨 잡고 뒤꿈치 들기(2%), 등/어깨 뒤쪽 스트레칭(2%)",국민체력100 운동처방 · 어르신 89세,,어르신,,
prescription:어르신-89-F-준비운동,prescription,"어르신 89세 여자 166명에게 처방된 준비운동: 엉덩이 스트레칭(10%), 내전근 스트레칭(7%), 몸통 비틀기(6%), 의자잡고 후방으로 무릎 굽혀 들기(5%), 의자 잡고 후방으로 한발 뻗어 들기(5%), 어깨 뒤쪽 스트레칭(4%), 어깨 스트레칭(4%), 등 대고 대퇴이두근 스트레칭(4%), 유산소 운동 전 동적 루틴 스트레칭(4%), 고관절 스트레칭(4%), 하지 루틴 스트레칭2(4%), 허리 스트레칭(3%), 의자 잡고 전방으로 무릎 굽혀 들기(3%), 대퇴사두근 스트레칭(2%), 베개 밟고 두발 모아 서기(2%), 스텝박스(2%), 아래 팔 스트레칭(2%), 앞뒤로 선넘기(2%), 물속에서 걷기(2%), 엉덩이 스트레칭2(2%), 몸 앞으로 굽히기(1%), 의자 이용 중심 잡기 루틴 운동(1%), 좌우로 선넘기(1%), 목 스트레칭(1%), 팔꿈치 맞닿아 원그리기(1%)",국민체력100 운동처방 · 어르신 89세,,어르신,,
prescription:어르신-89-M-본운동,prescription,"어르신 89세 남자 91명에게 처방된 본운동: 고정식 자전거 타기(14%), 의자 이용 중심 잡기 루틴 운동(6%), 고정식 트레드밀에서 걷기(4%), 앉아서 다리 펴기(4%), 목봉잡고 앉았다 일어나기(3%), 물병 들고 한발 앞으로 내밀고 앉았다 일어서기(3%), 스텝박스 오르내리기(3%), 앉아서 뒤로 당기기(3%), 사다리 이용 루틴 운동(3%), 엎드려서 다리 굽히기(3%), 스텝박스(3%), 물속에서 걷기(3%), 균형 걷기(2%), 앉아서 당겨 내리기(2%), 걷기(2%), 짐볼 이용해 앉았다 일어서기(2%), 아쿠아로빅(2%), 몸통 들어올리기(2%), 발바닥 치기(2%), 밴드 걸고 누워서 다리 들어올리기(2%), 앞뒤로 선넘기(2%), 베개 밟고 대각방향으로 서기(1%), 밴드 잡고 누워서 다리 밀기(1%), 발로 공주고 받기(1%), 앉아서 가슴 모으기(1%), 좌우로 선넘기(1%), 물통으로 양팔 들어올리기(1%), 옆으로 걷기(1%), 의자 이용하기(1%), 앉아서 덤벨로 손목 굽히기(1%)",국민체력100 운동처방 · 어르신 89세,,어르신,,
prescription:어르신-89-M-정리운동,prescription,"어르신 89세 남자 91명에게 처방된 정리운동: 내전근 스트레칭(10%), 비복근 스트레칭(9%), 대퇴사두근 스트레칭(9%), 옆구리 스트레칭(8%), 엉덩이 스트레칭(7%), 하지 루틴 스트레칭2(7%), 상지 루틴 스트레칭(7%), 깍지 끼고 상체 숙이기(7%), 몸 앞으로 굽히기(7%), 하지 루틴 스트레칭1(4%), 고관절 스트레칭(3%), 대퇴이두근 스트레칭(3%)",국민체력100 운동처방 · 어르신 89세,,어르신,,
prescription:어르신-89-M-준비운동,prescription,"어르신 89세 남자 91명에게 처방된 준비운동: 가슴 스트레칭(9%), 목 스트레칭(7%), 전신 루틴 스트레칭(6%), 양팔 벌려 전신 비틀기(6%), 등/어깨 뒤쪽 스트레칭(6%), 고관절 스트레칭(5%), 의자 잡고 전방으로 무릎 굽혀 들기(4%), 팔꿈치 맞닿아 원그리기(4%), 고정식 트레드밀에서 걷기(3%), 상지 루틴 스트레칭(3%), 좌우로 선넘기(2%), 앞뒤로 선넘기(2%), 발바닥 치기(2%), 마주 앉아 대퇴이두근 스트레칭2(2%), 동적 스트레칭 루틴프로그램(2%), 누워서 전신 뻗기(2%), 어깨 스트레칭(2%), 몸통 비틀기(2%), 고정식 자전거 타기(1%), 하지 루틴 스트레칭1(1%), 등 대고 대퇴이두근 스트레칭(1%), 마주 앉아 대퇴이두근 스트레칭(1%), 옆구리 스트레칭(1%), 의자 이용하기(1%), 탄력밴드 걸고 서기(1%), 하지 루틴 스트레칭2(1%)",국민체력100 운동처방 · 어르신 89세,,어르신,,
prescription:어르신-90-F-본운동,prescription,"어르신 90세 여자 123명에게 처방된 본운동: 의자 이용 중심 잡기 루틴 운동(7%), 고정식 자전거 타기(6%), 물속에서 걷기(5%), 의자 잡고 전방으로 무릎 굽혀 들기(4%), 의자 잡고 후방으로 한발 뻗어 들기(4%), 발바닥 치기(3%), 스텝박스(3%), 앉아서 다리 펴기(3%), 의자잡고 후방으로 무릎 굽혀 들기(3%), 스텝박스 오르내리기(3%), 아쿠아로빅(3%), 엎드려서 다리 굽히기(3%), 균형 걷기(3%), 밴드 걸고 옆으로 누워 다리 올리기(2%), 풍선 튕기기(2%), 밴드 걸고 누워서 다리 들어올리기(2%), 목봉잡고 앉았다 일어나기(2%), 고정식 트레드밀에서 걷기(2%), 앉아서 다리 밀기(2%), 좌우로 선넘기(2%), 앞뒤로 선넘기(2%), 풍선차기(2%), 밴드 걸고 앉아서 발등 굽힘(2%), 밴드 잡고 누워서 다리 밀기(2%), 사다리 이용 루틴 운동(2%), 엉덩이 스트레칭(1%), 수영(1%), 밴드 걸고 엎드려서 다리 구부리기(1%), 누워서 엉덩이 들어올리기(1%), 스카프 저글링(1%)",국민체력100 운동처방 · 어르신 90세,,어르신,,
prescription:어르신-90-F-정리운동,prescription,"어르신 90세 여자 123명에게 처방된 정리운동: 엉덩이 스트레칭(11%), 전신 루틴 스트레칭(9%), 대퇴사두근 스트레칭(7%), 몸 앞으로 굽히기(6%), 하지 루틴 스트레칭2(5%), 골반 스트레칭(5%), 척추 스트레칭(4%), 옆으로 누워 폼롤러 굴려주기(4%), 옆구리 스트레칭(4%), 하지 루틴 스트레칭1(4%), 상지 루틴 스트레칭(3%), 등 대고 대퇴이두근 스트레칭(2%), 마주 앉아 대퇴이두근 스트레칭(2%), 대퇴이두근 스트레칭(2%), 등 스트레칭(2%), 가슴 스트레칭(2%), 팔꿈치 맞닿아 원그리기(2%), 등/어깨 뒤쪽 스트레칭(2%), 몸통 비틀기(2%), 대퇴이두근 스트레칭2(2%)",국민체력100 운동처방 · 어르신 90세,,어르신,,
prescription:어르신-90-F-준비운동,prescription,"어르신 90세 여자 123명에게 처방된 준비운동: 목 스트레칭(9%), 의자잡고 후방으로 무릎 굽혀 들기(9%), 전신 루틴 스트레칭(9%), 의자 잡고 전방으로 무릎 굽혀 들기(5%), 의자 잡고 후방으로 한발 뻗어 들기(5%), 등/어깨 뒤쪽 스트레칭(5%), 의자 이용 중심 잡기 루틴 운동(4%), 어깨 스트레칭(4%), 가슴 스트레칭(4%), 좌식생활자를 위한 동적 루틴 스트레칭(3%), 좌우로 선넘기(3%), 앞뒤로 선넘기(3%), 팔꿈치 맞닿아 원그리기(3%), 자가근막이완술 루틴 스트레칭(2%), 물속에서 걷기(2%), 등 스트레칭(2%), 엉덩이 스트레칭(2%), 마주 앉아 대퇴이두근 스트레칭(2%), 발바닥 치기(2%), 스텝박스(2%)",국민체력100 운동처방 · 어르신 90세,,어르신,,
prescription:어르신-90-M-본운동,prescription,"어르신 90세 남자 49명에게 처방된 본운동: 고정식 자전거 타기(6%), 엎드려서 다리 굽히기(5%), 의자 이용 중심 잡기 루틴 운동(5%), 좌우로 선넘기(4%), 앉아서 다리 펴기(4%), 앞뒤로 선넘기(4%), 의자 앞에서 앉았다 일어서기(4%), 벽에서 팔굽혀 펴기(3%), 발바닥 치기(3%), 풍선 튕기기(3%), 누워서 엉덩이 들어올리기(3%), 몸통 들어올리기(3%), 손목 펴기/굽히기(3%), 걷기(3%), 실내 자전거타기(3%), 한발 서서 균형잡기(3%), 고정식 트레드밀에서 걷기(2%), 옆으로 걷기(2%), 베개 밟고 서기(2%), 서서 팔꿈치 펴기(2%), 스텝박스(2%), 스텝박스 오르내리기(2%), 덤벨 잡고 뒤꿈치 들기(2%), 사다리 이용 루틴 운동(2%), 몸통 비틀기(2%), 아쿠아로빅-물누르기/올리기(2%), 덤벨 잡고 앉았다 일어서기(2%), 짐볼에서 윗몸 일으키기(2%), 턱걸이(2%), 균형 걷기(2%)",국민체력100 운동처방 · 어르신 90세,,어르신,,
prescription:어르신-90-M-정리운동,prescription,"어르신 90세 남자 49명에게 처방된 정리운동: 고관절 스트레칭(9%), 대퇴이두근 스트레칭(9%), 전신 루틴 스트레칭(8%), 하지 루틴 스트레칭2(8%), 마주 앉아 대퇴이두근 스트레칭2(5%), 가슴 스트레칭(4%), 팔꿈치 맞닿아 원그리기(4%), 등/어깨 뒤쪽 스트레칭(4%), 옆구리 스트레칭(4%), 몸통 비틀기(3%), 대퇴이두근 스트레칭2(3%), 대퇴사두근 스트레칭(3%), 종아리 스트레칭(3%), 비복근 스트레칭(3%), 골반 스트레칭2(3%), 의자 잡고 한발 들기(3%), 양발 나란히 서기(3%), 고정식 자전거 타기(3%), 목 돌림 스트레칭(1%)",국민체력100 운동처방 · 어르신 90세,,어르신,,
prescription:어르신-90-M-준비운동,prescription,"어르신 90세 남자 49명에게 처방된 준비운동: 어깨 스트레칭(13%), 목 스트레칭(9%), 고관절 스트레칭(8%), 엉덩이 스트레칭(8%), 대퇴이두근 스트레칭(6%), 하지 루틴 스트레칭2(5%), 몸통 비틀기(5%), 등 대고 대퇴이두근 스트레칭(5%), 의자 이용 중심 잡기 루틴 운동(4%), 유산소 운동 전 동적 루틴 스트레칭(4%), 의자잡고 후방으로 무릎 굽혀 들기(3%), 대퇴사두근 스트레칭(3%), 의자 잡고 후방으로 한발 뻗어 들기(2%), 의자 잡고 전방으로 무릎 굽혀 들기(2%), 마주 앉아 대퇴이두근 스트레칭(2%)",국민체력100 운동처방 · 어르신 90세,,어르신,,
prescription:어르신-91-F-본운동,prescription,"어르신 91세 여자 98명에게 처방된 본운동: 고정식 자전거 타기(9%), 의자 이용 중심 잡기 루틴 운동(8%), 고정식 트레드밀에서 걷기(6%), 스텝박스 오르내리기(5%), 엎드려서 다리 굽히기(5%), 앉아서 다리 펴기(4%), 발바닥 치기(3%), 목봉잡고 앉았다 일어나기(3%), 앉아서 당겨 내리기(3%), 앉아서 가슴 모으기(3%), 사다리 이용 루틴 운동(2%), 베개 밟고 서기(2%), 탄력밴드 측면으로 당기기(2%), 균형 걷기(2%), 덤벨 잡고 뒤꿈치 들기(2%), 탄력밴드 걸고 서기(2%), 물속에서 걷기(2%), 탄력밴드 후방 측면으로 당기기(1%), 걷기(1%), 아쿠아로빅(1%), 스텝박스(1%), 앉아서 다리 밀기(1%), 의자잡고 후방으로 무릎 굽혀 들기(1%), 탄력밴드 후방으로 당기기(1%), 골반 스트레칭2(1%), 넙다리 안쪽 스트레칭(1%), 어깨 스트레칭(1%), 몸통 비틀기(1%), 탄력밴드 전방으로 당기기(1%), 의자에 앉아 옆구리 숙이기(1%)",국민체력100 운동처방 · 어르신 91세,,어르신,,
prescription:어르신-91-F-정리운동,prescription,"어르신 91세 여자 98명에게 처방된 정리운동: 하지 루틴 스트레칭1(16%), 정적 스트레칭  루틴프로그램(15%), 상지 루틴 스트레칭(15%), 하지 루틴 스트레칭2(12%), 골반 스트레칭(5%), 어깨 양 옆으로 돌리기(5%), 몸통 앞으로 굽혀 걷기(5%), 전신 틀어 손벽 마주치기(5%), 의자잡고 후방으로 무릎 굽혀 들기(4%)",국민체력100 운동처방 · 어르신 91세,,어르신,,
prescription:어르신-91-F-준비운동,prescription,"어르신 91세 여자 98명에게 처방된 준비운동: 의자 이용 중심 잡기 루틴 운동(11%), 유산소 운동 전 동적 루틴 스트레칭(11%), 전신 루틴 스트레칭(9%), 대퇴사두근 스트레칭(7%), 의자 잡고 후방으로 한발 뻗어 들기(7%), 가슴 스트레칭(6%), 종아리 스트레칭(5%), 의자잡고 후방으로 무릎 굽혀 들기(5%), 의자 잡고 전방으로 무릎 굽혀 들기(5%), 몸통 비틀기(4%), 어깨 스트레칭(3%), 등/어깨 뒤쪽 스트레칭(3%), 베개 밟고 서기(2%)",국민체력100 운동처방 · 어르신 91세,,어르신,,
prescription:어르신-92-F-본운동,prescription,"어르신 92세 여자 66명에게 처방된 본운동: 고정식 자전거 타기(8%), 고정식 트레드밀에서 걷기(4%), 밴드 걸고 옆으로 누워 다리 올리기(4%), 벽에서 팔굽혀 펴기(3%), 의자 이용 중심 잡기 루틴 운동(3%), 아쿠아로빅(3%), 짐볼 들고 양옆으로 돌리기(3%), 밴드 머리 뒤로 들어올리기(3%), 양발 나란히 서기(3%), 스텝박스(3%), 스텝박스 오르내리기(3%), 풍선차기(3%), 누워서 엉덩이 들어올리기(3%), 의자 앉아 다리로 짐볼 쥐기(2%), 서서 다리로 탄력밴드 당겨 중심 잡기 루틴 운동(2%), 네발기기 자세로 팔 다리 들기(2%), 밴드 걸고 엎드려서 다리 구부리기(2%), 덤벨 잡고 앉았다 일어서기(2%), 엎드려서 다리 굽히기(2%), 폼롤러 밀며 몸 앞으로 숙이기(2%), 앉아서 다리 밀기(2%), 앉아서 다리 펴기(2%), 밴드 걸고 누워서 다리 들어올리기(2%), 밴드 잡고 누워서 다리 밀기(2%), 한발 앞으로 내밀고 앉았다 일어서기(2%), 누워 다리 들어올리기(2%), 걷기(2%), 발로 공주고 받기(1%), 팔굽혀펴기(1%), 의자 잡고 후방으로 한발 뻗어 들기(1%)",국민체력100 운동처방 · 어르신 92세,,어르신,,
prescription:어르신-92-F-정리운동,prescription,"어르신 92세 여자 66명에게 처방된 정리운동: 골반 스트레칭(18%), 몸통 비틀기(8%), 척추 스트레칭(8%), 옆으로 누워 폼롤러 굴려주기(8%), 골반 스트레칭2(7%), 짐볼 양옆으로 굴리기(7%), 정적 스트레칭  루틴프로그램(6%), 엉덩이 스트레칭(5%), 허리 스트레칭(3%), 어깨 스트레칭(3%), 스텝박스(3%), 스텝박스 오르내리기(3%), 물속에서 걷기(3%)",국민체력100 운동처방 · 어르신 92세,,어르신,,
prescription:어르신-92-F-준비운동,prescription,"어르신 92세 여자 66명에게 처방된 준비운동: 의자잡고 후방으로 무릎 굽혀 들기(9%), 어깨 스트레칭(8%), 엉덩이 스트레칭(6%), 고관절 스트레칭(6%), 의자 잡고 후방으로 한발 뻗어 들기(5%), 의자 잡고 전방으로 무릎 굽혀 들기(5%), 대퇴이두근 스트레칭(5%), 유산소 운동 전 동적 루틴 스트레칭(4%), 몸통 비틀기(4%), 어깨 뒤쪽 스트레칭(3%), 걷기(3%), 누워서 전신 뻗기(3%), 양팔 벌려 전신 비틀기(3%), 목 스트레칭(2%), 앞뒤로 선넘기(2%), 머리 위로 공 넘기기(2%), 의자 이용 중심 잡기 루틴 운동(2%), 깍지 끼고 상체 숙이기(2%), 목 돌림 스트레칭(2%), 고정식 트레드밀에서 걷기(2%), 고정식 자전거 타기(2%), 넙다리 안쪽 스트레칭(1%)",국민체력100 운동처방 · 어르신 92세,,어르신,,
prescription:어르신-93-F-본운동,prescription,"어르신 93세 여자 33명에게 처방된 본운동: 의자 이용 중심 잡기 루틴 운동(6%), 고정식 자전거 타기(6%), 물속에서 걷기(5%), 머리 위로 공 넘기기(4%), 벽에서 팔굽혀 펴기(4%), 목봉잡고 앉았다 일어나기(4%), 공 잡고 들어올리기(4%), 한발 들기(4%), 균형 걷기(4%), 좌우로 선넘기(3%), 앞뒤로 선넘기(3%), 탄력밴드 후방 측면으로 당기기(3%), 짐볼 이용해 앉았다 일어서기(3%), 덤벨 잡고 앉았다 일어서기(3%), 사다리 이용 루틴 운동(3%), 아쿠아로빅(3%), 앉아서 다리 펴기(3%), 탄력밴드 측면으로 당기기(2%), 물통으로 양팔 들어올리기(2%), 물병 들고 한발 앞으로 내밀고 앉았다 일어서기(2%), 넙다리 뒤쪽 스트레칭(2%), 하지 루틴 스트레칭2(2%), 탄력밴드 걸고 서기(2%), 엎드려서 다리 굽히기(2%), 스텝박스(2%), 수영(2%), 고정식 트레드밀에서 걷기(2%)",국민체력100 운동처방 · 어르신 93세,,어르신,,
prescription:어르신-93-F-정리운동,prescription,"어르신 93세 여자 33명에게 처방된 정리운동: 전신 루틴 스트레칭(12%), 누워서 전신 뻗기(12%), 깍지 끼고 상체 숙이기(12%), 엉덩이 스트레칭(10%), 전신 틀어 손벽 마주치기(7%), 정적 스트레칭  루틴프로그램(5%), 대퇴사두근 스트레칭(5%), 어깨 뒤쪽 스트레칭(2%), 탄력밴드 걸고 서기(2%), 탄력밴드 후방으로 당기기(2%), 탄력밴드 후방 측면으로 당기기(2%), 내전근 스트레칭(2%), 비복근 스트레칭(2%), 고관절 스트레칭(2%)",국민체력100 운동처방 · 어르신 93세,,어르신,,
prescription:어르신-93-F-준비운동,prescription,"어르신 93세 여자 33명에게 처방된 준비운동: 의자 잡고 전방으로 무릎 굽혀 들기(9%), 의자 이용 중심 잡기 루틴 운동(8%), 유산소 운동 전 동적 루틴 스트레칭(6%), 의자 잡고 후방으로 한발 뻗어 들기(6%), 의자잡고 후방으로 무릎 굽혀 들기(6%), 어깨 뒤쪽 스트레칭(5%), 비복근 스트레칭(4%), 대퇴사두근 스트레칭(4%), 서서 다리 모으고 벌리기(4%), 앉아서 몸통 움츠리기(4%), 옆구리 스트레칭(3%), 깍지 끼고 상체 숙이기(3%), 엉덩이 스트레칭(3%), 허리 스트레칭(3%), 좌식생활자를 위한 동적 루틴 스트레칭(3%), 짐볼 앉아 중심 잡기 루틴 운동(3%), 고관절 스트레칭(3%), 대퇴이두근 스트레칭(3%), 엉덩이 스트레칭2(1%), 등/어깨 뒤쪽 스트레칭(1%), 베개 밟고 위로 양팔 들기(1%)",국민체력100 운동처방 · 어르신 93세,,어르신,,
prescription:어르신-94-F-본운동,prescription,"어르신 94세 여자 33명에게 처방된 본운동: 의자 이용 중심 잡기 루틴 운동(14%), 의자 잡고 후방으로 한발 뻗어 들기(7%), 의자잡고 후방으로 무릎 굽혀 들기(7%), 의자 잡고 전방으로 무릎 굽혀 들기(7%), 아쿠아로빅 운동 프로그램 루틴(5%), 엉덩이 스트레칭(4%), 골반 스트레칭(4%), 사다리 이용 루틴 운동(4%), 고정식 자전거 타기(3%), 앉아서 다리 펴기(3%), 엎드려서 다리 굽히기(3%), 앉아서 다리 밀기(3%), 베개 밟고 교차 서기(3%), 물통으로 양팔 들어올리기(3%), 짐볼에서 몸통 돌리기(2%), 짐볼에서 엉덩이 돌리기(2%), 엎드려 양팔 및 다리 들어올리기(2%), 의자 이용하기(2%)",국민체력100 운동처방 · 어르신 94세,,어르신,,
prescription:어르신-94-F-정리운동,prescription,"어르신 94세 여자 33명에게 처방된 정리운동: 앞뒤로 선넘기(18%), 좌우로 선넘기(16%), 발바닥 치기(16%), 정적 스트레칭  루틴프로그램(14%), 머리 위로 공 넘기기(12%), 등 스트레칭(8%)",국민체력100 운동처방 · 어르신 94세,,어르신,,
prescription:어르신-94-F-준비운동,prescription,"어르신 94세 여자 33명에게 처방된 준비운동: 동적 스트레칭 루틴프로그램(14%), 의자잡고 후방으로 무릎 굽혀 들기(8%), 복부 스트레칭(7%), 덤벨 잡고 앉았다 일어서기(5%), 엎드려서 다리 굽히기(5%), 의자 이용 중심 잡기 루틴 운동(5%), 짐볼 앉아 양손 측면으로 들기(5%), 몸통 비틀기(5%), 누워서 굽힌 다리 펴기(3%), 대퇴이두근 스트레칭2(3%), 앉아서 다리 펴기(3%), 앉아서 다리 밀기(3%), 의자 잡고 후방으로 한발 뻗어 들기(3%), 의자 잡고 전방으로 무릎 굽혀 들기(3%), 고정식 트레드밀에서 걷기(3%), 고정식 자전거 타기(3%)",국민체력100 운동처방 · 어르신 94세,,어르신,,
prescription:유소년-11-F-본운동,prescription,"유소년 11세 여자 25,822명에게 처방된 본운동: 왕복달리기(7%), 엎드려 팔 대고 버티기(6%), 엎드려 팔로 걷기(4%), 윗몸 말아 올리기(4%), 누워서 뒤로 팔굽혀펴기(4%), 팔굽혀펴기(4%), 벽패스(3%), 계단 오르기(3%), 1단 줄넘기(3%), 공 양손으로 주고 받기(3%), 제자리 뛰기(3%), 잔발치기(3%), 엎드려 무릎 연속 차기(2%), 훌라후프하며 앞으로 가기(2%), 앉아서 엉덩이 들고 이동하기(2%), 훌라후프로 공 끌고 가기(2%), 슈퍼맨자세(2%), 벽잡고 빨리 뛰기(2%), 엎드려 다리 들어올리기(2%), 박스 오르내리기(2%), 점프해서 손 발끝 닿기(2%), 양 손 번갈아 공 튀기기(1%), 다리 모았다 벌려 뛰기(1%), 50M 달리기(1%), 무릎-허리 높이로 공 튀기기(1%), 팔로 써클링 누르기(1%), 콘 뛰어넘기(1%), 앉았다 일어서기(1%), 공 위로 던지고 제자리 돌아 받기(1%), 2단 줄넘기(1%)",국민체력100 운동처방 · 유소년 11세,,유소년,,
prescription:유소년-11-F-정리운동,prescription,"유소년 11세 여자 25,822명에게 처방된 정리운동: 엎드려 상체 들어올리기(15%), 다리 모아 상체 숙이기(14%), 다리 벌려 앞으로 상체 숙이기(6%), 전신 루틴 스트레칭(6%), 엎드려 교차 발 잡아당기기(4%), 한 발 뒤로 빼고 앞으로 굽히기(4%), 무릎 대고 옆으로 기울이기(3%), 누워서 굽힌 다리 펴기(3%), 발목 얹고 다리 잡아당기기(3%), 다리 굽혀(W자) 상체 뒤로 눕기(3%), 엎드려 어깨 늘리기(3%), 정적 스트레칭  루틴프로그램(3%), 무릎 대고 상체 뒤로 젖히기(3%), 활 자세(3%), 다리 벌려 옆으로 상체 숙이기(2%), 앉아 윗몸 앞으로 굽히기(2%), 앉아서 옆구리 늘려주기(2%)",국민체력100 운동처방 · 유소년 11세,,유소년,,
prescription:유소년-11-F-준비운동,prescription,"유소년 11세 여자 25,822명에게 처방된 준비운동: 팔굽혀펴기(13%), 제자리 뛰기(8%), 발바닥 마주대고 끌어당기기(4%), 무릎 굽혀 가슴 닿기(4%), 누워서 뒤로 팔굽혀펴기(4%), 다리 굽혀(W자) 상체 뒤로 눕기(4%), 앉아서 엉덩이 들고 이동하기(3%), 동적 스트레칭 루틴프로그램(3%), 발목 얹고 다리 잡아당기기(3%), 다리 벌려 앞으로 상체 숙이기(3%), 왕복달리기(2%), 엎드려 팔로 걷기(2%), 1단 줄넘기(2%), 다리 벌려 옆으로 상체 숙이기(2%), 벽패스(2%), 다리 모아 상체 숙이기(2%), 유산소 운동 전 동적 루틴 스트레칭(2%), 다리 꼬아 상체 앞으로 숙이기(2%), 엎드려 무릎 연속 차기(1%), 공 양손으로 주고 받기(1%), 한 발 앞굽이 팔 위로 뻗어 가슴 내밀기(1%), 앉아서 한 발 앞으로 굽히기(1%), 계단 오르기(1%), 윗몸 말아 올리기(1%), 팔로 써클링 누르기(1%), 엎드려 상체 들어올리기(1%), 앉아서 옆구리 늘려주기(1%), 양 손 번갈아 공 튀기기(1%), 전신 루틴 스트레칭(1%), 슈퍼맨자세(1%)",국민체력100 운동처방 · 유소년 11세,,유소년,,
prescription:유소년-11-M-본운동,prescription,"유소년 11세 남자 27,232명에게 처방된 본운동: 왕복달리기(7%), 엎드려 팔 대고 버티기(6%), 누워서 뒤로 팔굽혀펴기(4%), 엎드려 팔로 걷기(4%), 팔굽혀펴기(4%), 윗몸 말아 올리기(3%), 1단 줄넘기(3%), 계단 오르기(3%), 엎드려 무릎 연속 차기(3%), 제자리 뛰기(3%), 공 양손으로 주고 받기(3%), 벽패스(3%), 잔발치기(3%), 앉아서 엉덩이 들고 이동하기(2%), 슈퍼맨자세(2%), 훌라후프하며 앞으로 가기(2%), 벽잡고 빨리 뛰기(2%), 훌라후프로 공 끌고 가기(1%), 엎드려 다리 들어올리기(1%), 박스 오르내리기(1%), 양 손 번갈아 공 튀기기(1%), 점프해서 손 발끝 닿기(1%), 50M 달리기(1%), 옆으로 누워 다리 들어올리기(1%), 팔로 써클링 누르기(1%), 다리 모았다 벌려 뛰기(1%), 무릎-허리 높이로 공 튀기기(1%), 앉았다 일어서기(1%), 점프해서 발바닥 치기(1%), 공 위로 던지고 제자리 돌아 받기(1%)",국민체력100 운동처방 · 유소년 11세,,유소년,,
prescription:유소년-11-M-정리운동,prescription,"유소년 11세 남자 27,232명에게 처방된 정리운동: 엎드려 상체 들어올리기(14%), 다리 모아 상체 숙이기(13%), 다리 벌려 앞으로 상체 숙이기(9%), 전신 루틴 스트레칭(5%), 발목 얹고 다리 잡아당기기(5%), 다리 굽혀(W자) 상체 뒤로 눕기(4%), 한 발 뒤로 빼고 앞으로 굽히기(4%), 무릎 대고 옆으로 기울이기(4%), 엎드려 교차 발 잡아당기기(4%), 누워서 굽힌 다리 펴기(3%), 엎드려 어깨 늘리기(3%), 정적 스트레칭  루틴프로그램(3%), 무릎 대고 상체 뒤로 젖히기(3%), 활 자세(3%), 앉아 윗몸 앞으로 굽히기(3%), 앉아서 옆구리 늘려주기(2%), 다리 벌려 옆으로 상체 숙이기(2%)",국민체력100 운동처방 · 유소년 11세,,유소년,,
prescription:유소년-11-M-준비운동,prescription,"유소년 11세 남자 27,232명에게 처방된 준비운동: 팔굽혀펴기(13%), 제자리 뛰기(8%), 발바닥 마주대고 끌어당기기(6%), 무릎 굽혀 가슴 닿기(5%), 다리 굽혀(W자) 상체 뒤로 눕기(5%), 누워서 뒤로 팔굽혀펴기(4%), 다리 벌려 앞으로 상체 숙이기(3%), 발목 얹고 다리 잡아당기기(3%), 앉아서 엉덩이 들고 이동하기(3%), 동적 스트레칭 루틴프로그램(3%), 왕복달리기(2%), 다리 벌려 옆으로 상체 숙이기(2%), 다리 모아 상체 숙이기(2%), 엎드려 팔로 걷기(2%), 1단 줄넘기(2%), 유산소 운동 전 동적 루틴 스트레칭(2%), 다리 꼬아 상체 앞으로 숙이기(2%), 엎드려 무릎 연속 차기(2%), 벽패스(1%), 앉아서 한 발 앞으로 굽히기(1%), 계단 오르기(1%), 엎드려 상체 들어올리기(1%), 한 발 앞굽이 팔 위로 뻗어 가슴 내밀기(1%), 전신 루틴 스트레칭(1%), 앉아 윗몸 앞으로 굽히기(1%), 윗몸 말아 올리기(1%), 앉아서 옆구리 늘려주기(1%), 무릎 대고 상체 뒤로 젖히기(1%), 팔로 써클링 누르기(1%), 밴드 앞 옆으로 들어올리기(1%)",국민체력100 운동처방 · 유소년 11세,,유소년,,
prescription:유소년-12-F-본운동,prescription,"유소년 12세 여자 10,055명에게 처방된 본운동: 왕복달리기(7%), 엎드려 팔 대고 버티기(4%), 1단 줄넘기(4%), 누워서 뒤로 팔굽혀펴기(4%), 엎드려 팔로 걷기(3%), 제자리 뛰기(3%), 엎드려 무릎 연속 차기(3%), 팔굽혀펴기(3%), 윗몸 말아 올리기(3%), 벽패스(3%), 계단 오르기(3%), 앉아서 엉덩이 들고 이동하기(2%), 맨몸운동  루틴프로그램(2%), 잔발치기(2%), 공 양손으로 주고 받기(2%), 박스 오르내리기(2%), 슈퍼맨자세(2%), 훌라후프로 공 끌고 가기(2%), 팔로 써클링 누르기(2%), 엎드려 다리 들어올리기(1%), 훌라후프하며 앞으로 가기(1%), 양 손 번갈아 공 튀기기(1%), 박스 옆으로 번갈아 뛰기(1%), 점프해서 손 발끝 닿기(1%), 벽잡고 빨리 뛰기(1%), 다리 모았다 벌려 뛰기(1%), 박스 운동  루틴프로그램(1%), 사다리 운동  루틴프로그램(1%), 옆으로 누워 다리 들어올리기(1%), 앉았다 일어서기(1%)",국민체력100 운동처방 · 유소년 12세,,유소년,,
prescription:유소년-12-F-정리운동,prescription,"유소년 12세 여자 10,055명에게 처방된 정리운동: 엎드려 상체 들어올리기(10%), 다리 모아 상체 숙이기(10%), 정적 스트레칭  루틴프로그램(7%), 다리 벌려 앞으로 상체 숙이기(6%), 전신 루틴 스트레칭(4%), 엎드려 교차 발 잡아당기기(4%), 발목 얹고 다리 잡아당기기(4%), 한 발 뒤로 빼고 앞으로 굽히기(4%), 무릎 대고 옆으로 기울이기(3%), 다리 굽혀(W자) 상체 뒤로 눕기(3%), 다리 벌려 옆으로 상체 숙이기(3%), 누워서 굽힌 다리 펴기(3%), 다리 꼬아 상체 앞으로 숙이기(3%), 발바닥 마주대고 끌어당기기(3%), 앉아서 옆구리 늘려주기(3%), 요가 및 필라테스  루틴프로그램(3%), 앉아서 한 발 앞으로 굽히기(3%), 무릎 대고 상체 뒤로 젖히기(3%), 무릎 굽혀 가슴 닿기(2%)",국민체력100 운동처방 · 유소년 12세,,유소년,,
prescription:유소년-12-F-준비운동,prescription,"유소년 12세 여자 10,055명에게 처방된 준비운동: 팔굽혀펴기(11%), 제자리 뛰기(7%), 발바닥 마주대고 끌어당기기(5%), 누워서 뒤로 팔굽혀펴기(5%), 동적 스트레칭 루틴프로그램(4%), 다리 굽혀(W자) 상체 뒤로 눕기(4%), 앉아서 엉덩이 들고 이동하기(4%), 무릎 굽혀 가슴 닿기(4%), 엎드려 팔로 걷기(3%), 발목 얹고 다리 잡아당기기(3%), 다리 벌려 앞으로 상체 숙이기(3%), 엎드려 무릎 연속 차기(2%), 왕복달리기(2%), 팔로 써클링 누르기(2%), 1단 줄넘기(2%), 벽패스(2%), 다리 벌려 옆으로 상체 숙이기(1%), 다리 모아 상체 숙이기(1%), 공 양손으로 주고 받기(1%), 다리 꼬아 상체 앞으로 숙이기(1%), 엎드려 상체 들어올리기(1%), 훌라후프로 공 끌고 가기(1%), 유산소 운동 전 동적 루틴 스트레칭(1%), 앉아서 한 발 앞으로 굽히기(1%), 계단 오르기(1%), 전신 루틴 스트레칭(1%), 요가 및 필라테스  루틴프로그램(1%), 한 발 앞굽이 팔 위로 뻗어 가슴 내밀기(1%), 윗몸 말아 올리기(1%), 양 손 번갈아 공 튀기기(1%)",국민체력100 운동처방 · 유소년 12세,,유소년,,
prescription:유소년-12-M-본운동,prescription,"유소년 12세 남자 11,509명에게 처방된 본운동: 왕복달리기(7%), 엎드려 팔 대고 버티기(4%), 1단 줄넘기(4%), 엎드려 팔로 걷기(3%), 팔굽혀펴기(3%), 누워서 뒤로 팔굽혀펴기(3%), 계단 오르기(3%), 제자리 뛰기(3%), 엎드려 무릎 연속 차기(3%), 앉아서 엉덩이 들고 이동하기(2%), 윗몸 말아 올리기(2%), 벽패스(2%), 슈퍼맨자세(2%), 잔발치기(2%), 맨몸운동  루틴프로그램(2%), 공 양손으로 주고 받기(2%), 박스 오르내리기(2%), 엎드려 다리 들어올리기(1%), 앉았다 일어서기(1%), 팔로 써클링 누르기(1%), 사다리 운동  루틴프로그램(1%), 점프해서 손 발끝 닿기(1%), 벽잡고 빨리 뛰기(1%), 박스 옆으로 번갈아 뛰기(1%), 다리 모았다 벌려 뛰기(1%), 훌라후프로 공 끌고 가기(1%), 옆으로 누워 다리 들어올리기(1%), 박스 운동  루틴프로그램(1%), 훌라후프하며 앞으로 가기(1%), 양 손 번갈아 공 튀기기(1%)",국민체력100 운동처방 · 유소년 12세,,유소년,,
prescription:유소년-12-M-정리운동,prescription,"유소년 12세 남자 11,509명에게 처방된 정리운동: 엎드려 상체 들어올리기(10%), 다리 모아 상체 숙이기(9%), 정적 스트레칭  루틴프로그램(7%), 다리 벌려 앞으로 상체 숙이기(6%), 전신 루틴 스트레칭(5%), 한 발 뒤로 빼고 앞으로 굽히기(4%), 엎드려 교차 발 잡아당기기(4%), 무릎 대고 옆으로 기울이기(3%), 엎드려 어깨 늘리기(3%), 누워서 굽힌 다리 펴기(3%), 다리 굽혀(W자) 상체 뒤로 눕기(3%), 앉아서 옆구리 늘려주기(3%), 발목 얹고 다리 잡아당기기(3%), 앉아 윗몸 앞으로 굽히기(3%), 무릎 대고 상체 뒤로 젖히기(3%), 발바닥 마주대고 끌어당기기(3%), 활 자세(3%), 다리 벌려 옆으로 상체 숙이기(3%), 요가 및 필라테스  루틴프로그램(2%), 앉아서 한 발 앞으로 굽히기(2%)",국민체력100 운동처방 · 유소년 12세,,유소년,,
prescription:유소년-12-M-준비운동,prescription,"유소년 12세 남자 11,509명에게 처방된 준비운동: 팔굽혀펴기(10%), 제자리 뛰기(6%), 발바닥 마주대고 끌어당기기(5%), 누워서 뒤로 팔굽혀펴기(5%), 다리 굽혀(W자) 상체 뒤로 눕기(5%), 동적 스트레칭 루틴프로그램(5%), 무릎 굽혀 가슴 닿기(4%), 앉아서 엉덩이 들고 이동하기(4%), 발목 얹고 다리 잡아당기기(4%), 다리 벌려 앞으로 상체 숙이기(3%), 엎드려 팔로 걷기(3%), 다리 벌려 옆으로 상체 숙이기(3%), 다리 모아 상체 숙이기(3%), 왕복달리기(2%), 다리 꼬아 상체 앞으로 숙이기(2%), 팔로 써클링 누르기(2%), 엎드려 무릎 연속 차기(2%), 1단 줄넘기(2%), 한 발 앞굽이 팔 위로 뻗어 가슴 내밀기(1%), 유산소 운동 전 동적 루틴 스트레칭(1%), 엎드려 상체 들어올리기(1%), 전신 루틴 스트레칭(1%), 앉아서 한 발 앞으로 굽히기(1%), 정적 스트레칭  루틴프로그램(1%), 무릎 대고 상체 뒤로 젖히기(1%), 앉아 윗몸 앞으로 굽히기(1%), 계단 오르기(1%), 한 발 뒤로 빼고 앞으로 굽히기(1%)",국민체력100 운동처방 · 유소년 12세,,유소년,,
prescription:유아기-48-F-본운동,prescription,"유아기 48개월 여자 142명에게 처방된 본운동: 밴드를 당겨요(14%), 영차영차 올라요(10%), 동물처럼 걸어요(9%), 빌리보를 밀어요(6%), 점핑점핑해요(5%), 줄넘기 해요(4%), 알을 낳아요(3%), 엎드려 버티기(3%), 달리기(3%), 실내 자전거타기(2%), 수영(2%), 꼬리를 떼어요(2%), 줄넘기(2%), 버피운동(1%), 앉았다 일어서기(1%), 우리 모두 다같이(1%), 흔들어 체조(1%), 바벨 끌어당기기(1%), 누워서 하늘 자전거(1%), 후다닥 붙여요(1%), 지그재그 달려요(1%), 누워서 배가로근 수축 I(1%), 팔굽혀펴기(1%), 옆으로 누워 버티기(1%), 누워서 배가로근 수축 II(1%), 후굴자세 해봐요(1%), 계단 올라갔다 내려오기(1%)",국민체력100 운동처방 · 유아기 48개월,,유아기,,
prescription:유아기-48-F-정리운동,prescription,"유아기 48개월 여자 142명에게 처방된 정리운동: 흔들어 체조(17%), 거북이 스트레칭(16%), 후굴자세 해봐요(13%), 하지 루틴 스트레칭2(8%), 상지 루틴 스트레칭(7%), 전신 루틴 스트레칭(5%), 하지 루틴 스트레칭1(5%), 줄넘기 해요(4%), 알을 낳아요(3%), 점핑점핑해요(3%)",국민체력100 운동처방 · 유아기 48개월,,유아기,,
prescription:유아기-48-F-준비운동,prescription,"유아기 48개월 여자 142명에게 처방된 준비운동: 거북이 스트레칭(24%), 흔들어 체조(19%), 후굴자세 해봐요(7%), 유산소 운동 전 동적 루틴 스트레칭(5%), 전신 루틴 스트레칭(5%), 점핑점핑해요(5%), 밴드를 당겨요(4%), 영차영차 올라요(2%), 빠르게 걷기(2%), 윗몸올리기(2%), 짐볼 윗몸올리기(2%), 넙다리 뒤쪽 스트레칭(2%), 넙다리 앞쪽 스트레칭(2%)",국민체력100 운동처방 · 유아기 48개월,,유아기,,
prescription:유아기-48-M-본운동,prescription,"유아기 48개월 남자 130명에게 처방된 본운동: 영차영차 올라요(9%), 밴드를 당겨요(9%), 동물처럼 걸어요(7%), 빌리보를 밀어요(7%), 점핑점핑해요(6%), 꼬리를 떼어요(5%), 줄넘기 해요(4%), 계단 올라갔다 내려오기(3%), 알을 낳아요(3%), 앉았다 일어서기(2%), 알록달록 붙여요(2%), 후다닥 집어요(2%), 후다닥 붙여요(2%), 소방훈련 해요(2%), 힘차게 던져요(2%), 실내 자전거타기(1%), 엎드려 버티기(1%), 조심조심 걸어요(1%), 버피운동(1%), 수영(1%), 팔벌려뛰기(1%), 우리 모두 다같이(1%), 낚시를 해요(1%), 공을 옮겨요(옆)(1%), 턱걸이(1%), 알록달록 공을 옮겨요(1%), 달리기(1%), 걷기(1%)",국민체력100 운동처방 · 유아기 48개월,,유아기,,
prescription:유아기-48-M-정리운동,prescription,"유아기 48개월 남자 130명에게 처방된 정리운동: 흔들어 체조(19%), 거북이 스트레칭(18%), 후굴자세 해봐요(16%), 상지 루틴 스트레칭(5%), 하지 루틴 스트레칭2(3%), 넙다리 뒤쪽 스트레칭(3%), 넙다리 안쪽 스트레칭(3%), 전신 루틴 스트레칭(3%), 하지 루틴 스트레칭1(3%), 엉덩이 스트레칭(3%), 알을 낳아요(2%)",국민체력100 운동처방 · 유아기 48개월,,유아기,,
prescription:유아기-48-M-준비운동,prescription,"유아기 48개월 남자 130명에게 처방된 준비운동: 거북이 스트레칭(26%), 흔들어 체조(16%), 밴드를 당겨요(6%), 후굴자세 해봐요(5%), 영차영차 올라요(4%), 자가근막이완술 루틴 스트레칭(3%), 점핑점핑해요(2%), 전신 루틴 스트레칭(2%), 윗몸 말아 올리기(2%), 유산소 운동 전 동적 루틴 스트레칭(2%), 하지 루틴 스트레칭1(2%), 후다닥 붙여요(2%), 후다닥 집어요(2%), 줄넘기 해요(2%), 목 스트레칭(2%), 누워서 배가로근 수축 I(2%), 하지 루틴 스트레칭2(1%), 조심조심 걸어요(1%)",국민체력100 운동처방 · 유아기 48개월,,유아기,,
prescription:유아기-49-F-본운동,prescription,"유아기 49개월 여자 141명에게 처방된 본운동: 영차영차 올라요(12%), 밴드를 당겨요(11%), 동물처럼 걸어요(8%), 빌리보를 밀어요(7%), 꼬리를 떼어요(6%), 지그재그 달려요(4%), 점핑점핑해요(4%), 후다닥 붙여요(3%), 힘차게 던져요(3%), 줄넘기 해요(3%), 낚시를 해요(3%), 힘차게 맞춰요(3%), 알록달록 공을 옮겨요(3%), 후다닥 집어요(2%), 윗몸 말며 공을 전달해요(2%), 앉았다 일어서기(1%), 우리 모두 다같이(1%), 달리기(1%), 수영(1%), 조심조심 걸어요(1%)",국민체력100 운동처방 · 유아기 49개월,,유아기,,
prescription:유아기-49-F-정리운동,prescription,"유아기 49개월 여자 141명에게 처방된 정리운동: 흔들어 체조(21%), 거북이 스트레칭(20%), 후굴자세 해봐요(18%), 알을 낳아요(5%), 점핑점핑해요(5%), 전신 루틴 스트레칭(4%), 꼬리를 떼어요(4%), 줄넘기 해요(4%)",국민체력100 운동처방 · 유아기 49개월,,유아기,,
prescription:유아기-49-F-준비운동,prescription,"유아기 49개월 여자 141명에게 처방된 준비운동: 거북이 스트레칭(30%), 흔들어 체조(22%), 후굴자세 해봐요(7%), 점핑점핑해요(6%), 후다닥 집어요(6%), 후다닥 붙여요(5%), 유산소 운동 전 동적 루틴 스트레칭(3%), 영차영차 올라요(3%), 낚시를 해요(3%)",국민체력100 운동처방 · 유아기 49개월,,유아기,,
prescription:유아기-49-M-본운동,prescription,"유아기 49개월 남자 117명에게 처방된 본운동: 밴드를 당겨요(12%), 영차영차 올라요(10%), 동물처럼 걸어요(8%), 빌리보를 밀어요(7%), 점핑점핑해요(5%), 꼬리를 떼어요(5%), 줄넘기 해요(4%), 힘차게 던져요(3%), 지그재그 달려요(3%), 공 받고 던져요(3%), 후다닥 붙여요(3%), 후다닥 집어요(3%), 후굴자세 해봐요(2%), 소방훈련 해요(2%), 공을 옮겨요(앞)(2%), 인사 체조(1%), 알록달록 공을 옮겨요(1%), 낚시를 해요(1%), 흔들어 체조(1%), 끌어요 당겨요(1%), 우리 모두 다같이(1%), 실내 자전거타기(1%)",국민체력100 운동처방 · 유아기 49개월,,유아기,,
prescription:유아기-49-M-정리운동,prescription,"유아기 49개월 남자 117명에게 처방된 정리운동: 거북이 스트레칭(29%), 흔들어 체조(20%), 후굴자세 해봐요(16%), 점핑점핑해요(5%), 꼬리를 떼어요(4%), 줄넘기 해요(4%), 알을 낳아요(4%)",국민체력100 운동처방 · 유아기 49개월,,유아기,,
prescription:유아기-49-M-준비운동,prescription,"유아기 49개월 남자 117명에게 처방된 준비운동: 거북이 스트레칭(29%), 흔들어 체조(23%), 후굴자세 해봐요(8%), 점핑점핑해요(6%), 지그재그 달려요(4%), 영차영차 올라요(4%), 후다닥 붙여요(4%), 후다닥 집어요(4%)",국민체력100 운동처방 · 유아기 49개월,,유아기,,
prescription:유아기-50-F-본운동,prescription,"유아기 50개월 여자 119명에게 처방된 본운동: 밴드를 당겨요(10%), 줄넘기 해요(8%), 빌리보를 밀어요(8%), 동물처럼 걸어요(8%), 영차영차 올라요(8%), 알을 낳아요(5%), 지그재그 달려요(5%), 점핑점핑해요(5%), 힘차게 맞춰요(4%), 힘차게 던져요(4%), 후다닥 붙여요(3%), 소방훈련 해요(2%), 알록달록 공을 옮겨요(2%), 끌어요 당겨요(2%), 꼬리를 떼어요(2%), 엉금엉금 기어요(2%), 낚시를 해요(2%), 딩딩링을 끼워요(1%), 후다닥 집어요(1%)",국민체력100 운동처방 · 유아기 50개월,,유아기,,
prescription:유아기-50-F-정리운동,prescription,"유아기 50개월 여자 119명에게 처방된 정리운동: 거북이 스트레칭(28%), 후굴자세 해봐요(25%), 흔들어 체조(17%), 전신 루틴 스트레칭(3%), 하지 루틴 스트레칭2(3%), 알을 낳아요(3%), 하지 루틴 스트레칭1(3%)",국민체력100 운동처방 · 유아기 50개월,,유아기,,
prescription:유아기-50-F-준비운동,prescription,"유아기 50개월 여자 119명에게 처방된 준비운동: 거북이 스트레칭(22%), 흔들어 체조(14%), 점핑점핑해요(11%), 후굴자세 해봐요(7%), 줄넘기 해요(6%), 꼬리를 떼어요(5%), 후다닥 집어요(5%), 후다닥 붙여요(4%), 지그재그 달려요(3%), 영차영차 올라요(3%)",국민체력100 운동처방 · 유아기 50개월,,유아기,,
prescription:유아기-50-M-본운동,prescription,"유아기 50개월 남자 116명에게 처방된 본운동: 밴드를 당겨요(10%), 빌리보를 밀어요(8%), 영차영차 올라요(8%), 동물처럼 걸어요(7%), 줄넘기 해요(7%), 점핑점핑해요(5%), 꼬리를 떼어요(4%), 후굴자세 해봐요(3%), 힘차게 던져요(3%), 지그재그 달려요(2%), 알록달록 공을 옮겨요(2%), 우리 모두 다같이(2%), 후다닥 붙여요(2%), 공을 옮겨요(옆)(2%), 윗몸 말며 공을 전달해요(2%), 알을 낳아요(2%), 후다닥 집어요(2%), 버피운동(1%), 수영(1%), 공 받고 던져요(1%), 인사 체조(1%), 공을 옮겨요(앞)(1%), 앉았다 일어서기(1%), 달리기(1%), 턱걸이(1%)",국민체력100 운동처방 · 유아기 50개월,,유아기,,
prescription:유아기-50-M-정리운동,prescription,"유아기 50개월 남자 116명에게 처방된 정리운동: 흔들어 체조(30%), 거북이 스트레칭(17%), 후굴자세 해봐요(9%), 알을 낳아요(7%), 하지 루틴 스트레칭2(4%), 점핑점핑해요(4%), 전신 루틴 스트레칭(4%), 상지 루틴 스트레칭(3%), 꼬리를 떼어요(3%)",국민체력100 운동처방 · 유아기 50개월,,유아기,,
prescription:유아기-50-M-준비운동,prescription,"유아기 50개월 남자 116명에게 처방된 준비운동: 거북이 스트레칭(35%), 흔들어 체조(21%), 후굴자세 해봐요(5%), 점핑점핑해요(4%), 유산소 운동 전 동적 루틴 스트레칭(4%), 영차영차 올라요(4%), 밴드를 당겨요(4%), 꼬리를 떼어요(2%), 가슴/어깨 앞쪽 스트레칭(2%)",국민체력100 운동처방 · 유아기 50개월,,유아기,,
prescription:유아기-51-F-본운동,prescription,"유아기 51개월 여자 127명에게 처방된 본운동: 밴드를 당겨요(6%), 영차영차 올라요(5%), 힘차게 던져요(5%), 동물처럼 걸어요(5%), 지그재그 달려요(4%), 후다닥 붙여요(4%), 빌리보를 밀어요(4%), 점핑점핑해요(4%), 알록달록 공을 옮겨요(4%), 우리 모두 다같이(4%), 후다닥 집어요(3%), 알록달록 붙여요(3%), 힘차게 맞춰요(3%), 꼬리를 떼어요(2%), 줄넘기 해요(2%), 소방훈련 해요(2%), 낚시를 해요(2%), 공을 옮겨요(옆)(2%), 윗몸 말며 공을 전달해요(2%), 끌어요 당겨요(2%), 공을 옮겨요(앞)(2%), 알을 낳아요(2%), 앉았다 일어서기(1%), 엉덩이 스트레칭(1%), 밸런스 보드에 서요(1%), 밸런스 볼에 서요(1%), 한발 앞으로 내밀고 앉았다 일어서기(1%), 넙다리 뒤쪽 스트레칭(1%), 인사 체조(1%)",국민체력100 운동처방 · 유아기 51개월,,유아기,,
prescription:유아기-51-F-정리운동,prescription,"유아기 51개월 여자 127명에게 처방된 정리운동: 거북이 스트레칭(22%), 후굴자세 해봐요(18%), 흔들어 체조(15%), 점핑점핑해요(5%), 알을 낳아요(5%), 꼬리를 떼어요(5%), 줄넘기 해요(4%), 전신 루틴 스트레칭(4%), 하지 루틴 스트레칭2(3%)",국민체력100 운동처방 · 유아기 51개월,,유아기,,
prescription:유아기-51-F-준비운동,prescription,"유아기 51개월 여자 127명에게 처방된 준비운동: 흔들어 체조(23%), 거북이 스트레칭(20%), 후굴자세 해봐요(8%), 밴드를 당겨요(5%), 유산소 운동 전 동적 루틴 스트레칭(4%), 후다닥 붙여요(4%), 꼬리를 떼어요(3%), 알록달록 붙여요(3%), 점핑점핑해요(3%), 영차영차 올라요(2%), 낚시를 해요(2%), 줄넘기 해요(2%), 전신 루틴 스트레칭(2%)",국민체력100 운동처방 · 유아기 51개월,,유아기,,
prescription:유아기-51-M-본운동,prescription,"유아기 51개월 남자 142명에게 처방된 본운동: 영차영차 올라요(9%), 밴드를 당겨요(7%), 동물처럼 걸어요(7%), 점핑점핑해요(6%), 빌리보를 밀어요(4%), 지그재그 달려요(4%), 후다닥 집어요(3%), 거북이 스트레칭(3%), 후다닥 붙여요(3%), 꼬리를 떼어요(3%), 줄넘기 해요(3%), 낚시를 해요(3%), 엉금엉금 기어요(2%), 인사 체조(2%), 공을 옮겨요(옆)(2%), 우리 모두 다같이(2%), 달리기(2%), 소방훈련 해요(2%), 후굴자세 해봐요(2%), 윗몸 말며 공을 전달해요(2%), 알록달록 공을 옮겨요(2%), 끌어요 당겨요(2%), 밸런스 볼에 서요(1%), 뽁뽁이를 눌러요(1%), 계단 올라갔다 내려오기(1%), 힘차게 던져요(1%)",국민체력100 운동처방 · 유아기 51개월,,유아기,,
prescription:유아기-51-M-정리운동,prescription,"유아기 51개월 남자 142명에게 처방된 정리운동: 거북이 스트레칭(21%), 흔들어 체조(19%), 후굴자세 해봐요(19%), 꼬리를 떼어요(5%), 점핑점핑해요(5%), 줄넘기 해요(4%), 하지 루틴 스트레칭1(4%), 전신 루틴 스트레칭(4%)",국민체력100 운동처방 · 유아기 51개월,,유아기,,
prescription:유아기-51-M-준비운동,prescription,"유아기 51개월 남자 142명에게 처방된 준비운동: 흔들어 체조(29%), 거북이 스트레칭(23%), 후굴자세 해봐요(7%), 밴드를 당겨요(6%), 점핑점핑해요(3%), 영차영차 올라요(3%), 꼬리를 떼어요(3%), 전신 루틴 스트레칭(3%), 유산소 운동 전 동적 루틴 스트레칭(2%), 밸런스 보드에 서요(2%)",국민체력100 운동처방 · 유아기 51개월,,유아기,,
prescription:유아기-52-F-본운동,prescription,"유아기 52개월 여자 144명에게 처방된 본운동: 밴드를 당겨요(8%), 동물처럼 걸어요(7%), 영차영차 올라요(6%), 점핑점핑해요(5%), 줄넘기 해요(5%), 우리 모두 다같이(4%), 꼬리를 떼어요(4%), 지그재그 달려요(3%), 알록달록 공을 옮겨요(3%), 빌리보를 밀어요(3%), 소방훈련 해요(3%), 후다닥 붙여요(3%), 낚시를 해요(3%), 힘차게 던져요(3%), 후다닥 집어요(3%), 인사 체조(2%), 끌어요 당겨요(2%), 알록달록 붙여요(2%), 누워서 팔 다리 동시에 들어올리기(1%), 조심조심 걸어요(1%), 알을 낳아요(1%), 달리기(1%), 윗몸 말아 올리기(1%), 누워서 다리 들어올리기(1%), 엎드려 버티기(1%), 후굴자세 해봐요(1%)",국민체력100 운동처방 · 유아기 52개월,,유아기,,
prescription:유아기-52-F-정리운동,prescription,"유아기 52개월 여자 144명에게 처방된 정리운동: 거북이 스트레칭(21%), 후굴자세 해봐요(14%), 흔들어 체조(12%), 넙다리 뒤쪽 스트레칭(4%), 점핑점핑해요(4%), 줄넘기 해요(4%), 넙다리 안쪽 스트레칭(4%), 꼬리를 떼어요(3%), 하지 루틴 스트레칭1(3%), 알을 낳아요(3%), 엉덩이 스트레칭(3%), 엉금엉금 기어요(3%), 딩딩링을 끼워요(3%)",국민체력100 운동처방 · 유아기 52개월,,유아기,,
prescription:유아기-52-F-준비운동,prescription,"유아기 52개월 여자 144명에게 처방된 준비운동: 흔들어 체조(18%), 거북이 스트레칭(15%), 밴드를 당겨요(8%), 영차영차 올라요(6%), 꼬리를 떼어요(5%), 후굴자세 해봐요(4%), 줄넘기 해요(4%), 점핑점핑해요(3%), 동물처럼 걸어요(3%), 전신 루틴 스트레칭(2%), 유산소 운동 전 동적 루틴 스트레칭(2%), 빌리보를 밀어요(2%), 후다닥 붙여요(2%), 조심조심 걸어요(2%), 알을 낳아요(2%), 힘차게 맞춰요(2%), 딩딩링을 끼워요(2%)",국민체력100 운동처방 · 유아기 52개월,,유아기,,
prescription:유아기-52-M-본운동,prescription,"유아기 52개월 남자 175명에게 처방된 본운동: 밴드를 당겨요(9%), 영차영차 올라요(8%), 동물처럼 걸어요(6%), 후다닥 붙여요(5%), 꼬리를 떼어요(5%), 빌리보를 밀어요(5%), 후다닥 집어요(4%), 우리 모두 다같이(4%), 소방훈련 해요(4%), 윗몸 말며 공을 전달해요(3%), 끌어요 당겨요(3%), 힘차게 던져요(3%), 알록달록 붙여요(3%), 점핑점핑해요(3%), 지그재그 달려요(2%), 힘차게 맞춰요(2%), 공을 옮겨요(앞)(2%), 인사 체조(2%), 줄넘기 해요(2%), 달리기(2%), 실내 자전거타기(1%), 딩딩링을 끼워요(1%), 알록달록 공을 옮겨요(1%)",국민체력100 운동처방 · 유아기 52개월,,유아기,,
prescription:유아기-52-M-정리운동,prescription,"유아기 52개월 남자 175명에게 처방된 정리운동: 거북이 스트레칭(19%), 후굴자세 해봐요(16%), 흔들어 체조(11%), 꼬리를 떼어요(7%), 점핑점핑해요(6%), 알을 낳아요(6%), 줄넘기 해요(6%), 상지 루틴 스트레칭(4%), 하지 루틴 스트레칭2(3%), 하지 루틴 스트레칭1(3%)",국민체력100 운동처방 · 유아기 52개월,,유아기,,
prescription:유아기-52-M-준비운동,prescription,"유아기 52개월 남자 175명에게 처방된 준비운동: 흔들어 체조(22%), 거북이 스트레칭(18%), 후굴자세 해봐요(9%), 밴드를 당겨요(8%), 영차영차 올라요(4%), 지그재그 달려요(4%), 점핑점핑해요(3%), 후다닥 붙여요(3%), 후다닥 집어요(2%), 힘차게 던져요(2%), 줄넘기 해요(2%), 전신 루틴 스트레칭(1%), 아래 팔 스트레칭(1%)",국민체력100 운동처방 · 유아기 52개월,,유아기,,
prescription:유아기-53-F-본운동,prescription,"유아기 53개월 여자 165명에게 처방된 본운동: 영차영차 올라요(9%), 밴드를 당겨요(9%), 줄넘기 해요(8%), 동물처럼 걸어요(7%), 빌리보를 밀어요(4%), 점핑점핑해요(3%), 엉금엉금 기어요(3%), 알록달록 공을 옮겨요(3%), 꼬리를 떼어요(2%), 알을 낳아요(2%), 우리 모두 다같이(2%), 뽁뽁이를 눌러요(2%), 힘차게 맞춰요(2%), 인사 체조(2%), 후굴자세 해봐요(2%), 거북이 스트레칭(2%), 끌어요 당겨요(2%), 분리배출 해요(2%), 흔들어 체조(2%), 후다닥 집어요(2%), 소방훈련 해요(2%), 공을 옮겨요(옆)(2%), 알록달록 붙여요(2%), 낚시를 해요(1%), 딩딩링을 끼워요(1%), 윗몸 말며 공을 전달해요(1%)",국민체력100 운동처방 · 유아기 53개월,,유아기,,
prescription:유아기-53-F-정리운동,prescription,"유아기 53개월 여자 165명에게 처방된 정리운동: 거북이 스트레칭(29%), 후굴자세 해봐요(19%), 흔들어 체조(13%), 우리 모두 다같이(5%), 줄넘기 해요(4%), 꼬리를 떼어요(3%), 점핑점핑해요(3%), 알을 낳아요(3%), 전신 루틴 스트레칭(2%)",국민체력100 운동처방 · 유아기 53개월,,유아기,,
prescription:유아기-53-F-준비운동,prescription,"유아기 53개월 여자 165명에게 처방된 준비운동: 흔들어 체조(20%), 거북이 스트레칭(18%), 후굴자세 해봐요(12%), 밴드를 당겨요(7%), 영차영차 올라요(6%), 동물처럼 걸어요(5%), 점핑점핑해요(5%), 유산소 운동 전 동적 루틴 스트레칭(3%), 빌리보를 밀어요(2%), 꼬리를 떼어요(1%), 줄넘기 해요(1%), 알을 낳아요(1%)",국민체력100 운동처방 · 유아기 53개월,,유아기,,
prescription:유아기-53-M-본운동,prescription,"유아기 53개월 남자 153명에게 처방된 본운동: 밴드를 당겨요(6%), 후다닥 붙여요(5%), 빌리보를 밀어요(4%), 영차영차 올라요(4%), 후다닥 집어요(4%), 지그재그 달려요(4%), 동물처럼 걸어요(4%), 꼬리를 떼어요(4%), 힘차게 던져요(4%), 점핑점핑해요(3%), 줄넘기 해요(3%), 달리기(2%), 윗몸올리기(2%), 힘차게 맞춰요(2%), 알록달록 공을 옮겨요(2%), 공 받고 던져요(2%), 낚시를 해요(2%), 계단 올라갔다 내려오기(2%), 윗몸 말며 공을 전달해요(2%), 엎드려 버티기(2%), 끌어요 당겨요(2%), 공을 옮겨요(옆)(1%), 계단 뛰어 오르기(1%), 소방훈련 해요(1%), 앉았다 일어서기(1%), 우리 모두 다같이(1%), 인사 체조(1%), 후굴자세 해봐요(1%), 지게발 걸어요(1%), 버피운동(1%)",국민체력100 운동처방 · 유아기 53개월,,유아기,,
prescription:유아기-53-M-정리운동,prescription,"유아기 53개월 남자 153명에게 처방된 정리운동: 거북이 스트레칭(21%), 후굴자세 해봐요(13%), 흔들어 체조(9%), 점핑점핑해요(4%), 줄넘기 해요(4%), 알을 낳아요(4%), 전신 루틴 스트레칭(4%), 꼬리를 떼어요(4%), 우리 모두 다같이(2%), 배스트레칭(2%), 힘차게 던져요(2%), 힘차게 맞춰요(2%), 하지 루틴 스트레칭1(2%), 줄넘기(1%), 계단 올라갔다 내려오기(1%), 밸런스 보드에 서요(1%), 달리기(1%), 좌식생활자를 위한 동적 루틴 스트레칭(1%), 허리 스트레칭(1%)",국민체력100 운동처방 · 유아기 53개월,,유아기,,
prescription:유아기-53-M-준비운동,prescription,"유아기 53개월 남자 153명에게 처방된 준비운동: 흔들어 체조(21%), 거북이 스트레칭(15%), 후굴자세 해봐요(8%), 점핑점핑해요(6%), 유산소 운동 전 동적 루틴 스트레칭(6%), 영차영차 올라요(5%), 전신 루틴 스트레칭(4%), 줄넘기 해요(4%), 꼬리를 떼어요(3%), 밴드를 당겨요(3%), 공을 옮겨요(옆)(2%), 알을 낳아요(2%), 하지 루틴 스트레칭2(2%), 가슴/어깨 앞쪽 스트레칭(2%)",국민체력100 운동처방 · 유아기 53개월,,유아기,,
prescription:유아기-54-F-본운동,prescription,"유아기 54개월 여자 205명에게 처방된 본운동: 영차영차 올라요(8%), 밴드를 당겨요(7%), 점핑점핑해요(7%), 동물처럼 걸어요(6%), 꼬리를 떼어요(6%), 빌리보를 밀어요(5%), 알록달록 공을 옮겨요(4%), 지그재그 달려요(4%), 알을 낳아요(3%), 줄넘기 해요(3%), 후다닥 붙여요(3%), 후다닥 집어요(3%), 힘차게 던져요(3%), 낚시를 해요(3%), 알록달록 붙여요(2%), 우리 모두 다같이(2%), 조심조심 걸어요(2%), 후굴자세 해봐요(2%), 인사 체조(2%), 힘차게 맞춰요(2%), 엉금엉금 기어요(2%), 끌어요 당겨요(1%), 소방훈련 해요(1%), 공을 옮겨요(앞)(1%)",국민체력100 운동처방 · 유아기 54개월,,유아기,,
prescription:유아기-54-F-정리운동,prescription,"유아기 54개월 여자 205명에게 처방된 정리운동: 거북이 스트레칭(30%), 흔들어 체조(16%), 후굴자세 해봐요(10%), 전신 루틴 스트레칭(6%), 하지 루틴 스트레칭2(3%), 상지 루틴 스트레칭(3%), 낚시를 해요(3%), 공을 옮겨요(옆)(3%), 공 받고 던져요(2%), 공을 옮겨요(앞)(2%), 우리 모두 다같이(1%), 점핑점핑해요(1%)",국민체력100 운동처방 · 유아기 54개월,,유아기,,
prescription:유아기-54-F-준비운동,prescription,"유아기 54개월 여자 205명에게 처방된 준비운동: 흔들어 체조(32%), 거북이 스트레칭(22%), 밴드를 당겨요(7%), 후굴자세 해봐요(7%), 영차영차 올라요(5%), 유산소 운동 전 동적 루틴 스트레칭(4%), 빌리보를 밀어요(4%)",국민체력100 운동처방 · 유아기 54개월,,유아기,,
prescription:유아기-54-M-본운동,prescription,"유아기 54개월 남자 197명에게 처방된 본운동: 꼬리를 떼어요(8%), 영차영차 올라요(7%), 밴드를 당겨요(7%), 동물처럼 걸어요(6%), 점핑점핑해요(4%), 빌리보를 밀어요(4%), 후다닥 붙여요(4%), 줄넘기 해요(3%), 알을 낳아요(3%), 힘차게 맞춰요(3%), 인사 체조(3%), 알록달록 공을 옮겨요(3%), 끌어요 당겨요(3%), 우리 모두 다같이(3%), 지그재그 달려요(2%), 낚시를 해요(2%), 달리기(2%), 조심조심 걸어요(2%), 후다닥 집어요(2%), 힘차게 던져요(1%), 지게발 걸어요(1%), 공을 옮겨요(옆)(1%), 공 받고 던져요(1%), 윗몸 말며 공을 전달해요(1%), 계단 올라갔다 내려오기(1%), 후굴자세 해봐요(1%), 알록달록 붙여요(1%), 분리배출 해요(1%)",국민체력100 운동처방 · 유아기 54개월,,유아기,,
prescription:유아기-54-M-정리운동,prescription,"유아기 54개월 남자 197명에게 처방된 정리운동: 거북이 스트레칭(28%), 흔들어 체조(16%), 후굴자세 해봐요(13%), 하지 루틴 스트레칭2(5%), 상지 루틴 스트레칭(4%), 알을 낳아요(3%), 하지 루틴 스트레칭1(3%), 전신 루틴 스트레칭(3%), 점핑점핑해요(2%), 줄넘기 해요(2%), 꼬리를 떼어요(2%), 엉금엉금 기어요(2%)",국민체력100 운동처방 · 유아기 54개월,,유아기,,
prescription:유아기-54-M-준비운동,prescription,"유아기 54개월 남자 197명에게 처방된 준비운동: 흔들어 체조(25%), 거북이 스트레칭(19%), 후굴자세 해봐요(8%), 밴드를 당겨요(6%), 영차영차 올라요(3%), 알록달록 공을 옮겨요(3%), 유산소 운동 전 동적 루틴 스트레칭(2%), 동물처럼 걸어요(2%), 점핑점핑해요(2%), 지그재그 달려요(2%), 후다닥 붙여요(2%), 후다닥 집어요(2%), 가슴/어깨 앞쪽 스트레칭(2%), 아래 팔 스트레칭(2%), 낚시를 해요(1%), 줄넘기 해요(1%)",국민체력100 운동처방 · 유아기 54개월,,유아기,,
prescription:유아기-55-F-본운동,prescription,"유아기 55개월 여자 220명에게 처방된 본운동: 밴드를 당겨요(7%), 빌리보를 밀어요(6%), 영차영차 올라요(6%), 동물처럼 걸어요(5%), 꼬리를 떼어요(5%), 알을 낳아요(5%), 점핑점핑해요(4%), 지그재그 달려요(4%), 줄넘기 해요(4%), 후다닥 붙여요(3%), 엉금엉금 기어요(3%), 소방훈련 해요(3%), 후다닥 집어요(3%), 우리 모두 다같이(3%), 힘차게 던져요(3%), 인사 체조(2%), 딩딩링을 끼워요(2%), 윗몸 말며 공을 전달해요(2%), 알록달록 공을 옮겨요(2%), 끌어요 당겨요(2%), 낚시를 해요(2%), 공을 옮겨요(옆)(2%), 뽁뽁이를 눌러요(2%)",국민체력100 운동처방 · 유아기 55개월,,유아기,,
prescription:유아기-55-F-정리운동,prescription,"유아기 55개월 여자 220명에게 처방된 정리운동: 흔들어 체조(27%), 거북이 스트레칭(22%), 후굴자세 해봐요(19%), 하지 루틴 스트레칭2(3%), 꼬리를 떼어요(2%), 점핑점핑해요(2%), 줄넘기 해요(2%), 알을 낳아요(2%), 상지 루틴 스트레칭(2%)",국민체력100 운동처방 · 유아기 55개월,,유아기,,
prescription:유아기-55-F-준비운동,prescription,"유아기 55개월 여자 220명에게 처방된 준비운동: 거북이 스트레칭(29%), 흔들어 체조(19%), 밴드를 당겨요(6%), 영차영차 올라요(6%), 점핑점핑해요(5%), 동물처럼 걸어요(4%), 후굴자세 해봐요(4%), 줄넘기 해요(4%), 꼬리를 떼어요(3%), 알을 낳아요(3%)",국민체력100 운동처방 · 유아기 55개월,,유아기,,
prescription:유아기-55-M-본운동,prescription,"유아기 55개월 남자 246명에게 처방된 본운동: 영차영차 올라요(6%), 밴드를 당겨요(6%), 꼬리를 떼어요(5%), 점핑점핑해요(5%), 우리 모두 다같이(5%), 동물처럼 걸어요(5%), 소방훈련 해요(4%), 빌리보를 밀어요(4%), 줄넘기 해요(3%), 끌어요 당겨요(3%), 인사 체조(3%), 낚시를 해요(3%), 지그재그 달려요(2%), 공을 옮겨요(옆)(2%), 후굴자세 해봐요(2%), 후다닥 집어요(2%), 거북이 스트레칭(2%), 후다닥 붙여요(2%), 조심조심 걸어요(1%), 알을 낳아요(1%), 힘차게 맞춰요(1%), 알록달록 공을 옮겨요(1%), 뽁뽁이를 눌러요(1%), 힘차게 던져요(1%), 앉아서 한 발 앞으로 굽히기(1%), 알록달록 붙여요(1%), 분리배출 해요(1%), 공 받고 던져요(1%), 밸런스 보드에 서요(1%), 달리기(1%)",국민체력100 운동처방 · 유아기 55개월,,유아기,,
prescription:유아기-55-M-정리운동,prescription,"유아기 55개월 남자 246명에게 처방된 정리운동: 흔들어 체조(21%), 거북이 스트레칭(19%), 후굴자세 해봐요(10%), 전신 루틴 스트레칭(4%), 인사 체조(3%), 우리 모두 다같이(3%), 밸런스 볼에 서요(3%), 끌어요 당겨요(3%), 밸런스 보드에 서요(3%), 지게발 걸어요(3%), 조심조심 걸어요(3%), 알을 낳아요(3%), 꼬리를 떼어요(2%), 줄넘기 해요(2%)",국민체력100 운동처방 · 유아기 55개월,,유아기,,
prescription:유아기-55-M-준비운동,prescription,"유아기 55개월 남자 246명에게 처방된 준비운동: 거북이 스트레칭(20%), 흔들어 체조(16%), 밴드를 당겨요(8%), 영차영차 올라요(7%), 후굴자세 해봐요(7%), 동물처럼 걸어요(6%), 빌리보를 밀어요(4%), 낚시를 해요(2%), 점핑점핑해요(2%), 후다닥 붙여요(2%), 지그재그 달려요(2%), 꼬리를 떼어요(1%), 줄넘기 해요(1%), 분리배출 해요(1%), 후다닥 집어요(1%)",국민체력100 운동처방 · 유아기 55개월,,유아기,,
prescription:유아기-56-F-본운동,prescription,"유아기 56개월 여자 282명에게 처방된 본운동: 밴드를 당겨요(8%), 점핑점핑해요(6%), 영차영차 올라요(5%), 동물처럼 걸어요(4%), 우리 모두 다같이(4%), 후다닥 붙여요(4%), 후다닥 집어요(4%), 지그재그 달려요(3%), 빌리보를 밀어요(3%), 줄넘기 해요(3%), 끌어요 당겨요(3%), 알록달록 공을 옮겨요(3%), 앉았다 일어서기(3%), 꼬리를 떼어요(3%), 소방훈련 해요(2%), 알록달록 붙여요(2%), 윗몸 말며 공을 전달해요(2%), 낚시를 해요(2%), 힘차게 던져요(2%), 인사 체조(2%), 알을 낳아요(2%), 공을 옮겨요(옆)(2%), 누워서 배가로근 수축 II(2%), 엉금엉금 기어요(2%), 후굴자세 해봐요(1%), 공 받고 던져요(1%), 딩딩링을 끼워요(1%), 힘차게 맞춰요(1%)",국민체력100 운동처방 · 유아기 56개월,,유아기,,
prescription:유아기-56-F-정리운동,prescription,"유아기 56개월 여자 282명에게 처방된 정리운동: 거북이 스트레칭(23%), 흔들어 체조(17%), 후굴자세 해봐요(17%), 전신 루틴 스트레칭(6%), 하지 루틴 스트레칭2(3%), 꼬리를 떼어요(2%), 점핑점핑해요(2%), 우리 모두 다같이(2%), 상지 루틴 스트레칭(2%), 엉금엉금 기어요(2%), 소방훈련 해요(2%), 딩딩링을 끼워요(2%), 줄넘기 해요(2%)",국민체력100 운동처방 · 유아기 56개월,,유아기,,
prescription:유아기-56-F-준비운동,prescription,"유아기 56개월 여자 282명에게 처방된 준비운동: 거북이 스트레칭(21%), 흔들어 체조(15%), 밴드를 당겨요(6%), 후굴자세 해봐요(5%), 점핑점핑해요(5%), 영차영차 올라요(4%), 줄넘기 해요(4%), 유산소 운동 전 동적 루틴 스트레칭(3%), 낚시를 해요(3%), 동물처럼 걸어요(2%), 공을 옮겨요(옆)(2%), 빌리보를 밀어요(2%), 꼬리를 떼어요(2%), 알을 낳아요(2%), 공을 옮겨요(앞)(2%), 지그재그 달려요(2%), 힘차게 던져요(2%)",국민체력100 운동처방 · 유아기 56개월,,유아기,,
prescription:유아기-56-M-본운동,prescription,"유아기 56개월 남자 287명에게 처방된 본운동: 영차영차 올라요(5%), 밴드를 당겨요(5%), 점핑점핑해요(4%), 지그재그 달려요(4%), 동물처럼 걸어요(4%), 빌리보를 밀어요(4%), 우리 모두 다같이(3%), 꼬리를 떼어요(3%), 알록달록 공을 옮겨요(3%), 줄넘기 해요(3%), 후다닥 붙여요(3%), 힘차게 던져요(3%), 낚시를 해요(3%), 후다닥 집어요(3%), 힘차게 맞춰요(2%), 조심조심 걸어요(2%), 달리기(2%), 소방훈련 해요(2%), 엉금엉금 기어요(2%), 공을 옮겨요(앞)(2%), 딩딩링을 끼워요(2%), 끌어요 당겨요(2%), 팔굽혀펴기(2%), 인사 체조(2%), 후굴자세 해봐요(2%), 공을 옮겨요(옆)(1%), 밸런스 보드에 서요(1%), 공 받고 던져요(1%), 알을 낳아요(1%), 알록달록 붙여요(1%)",국민체력100 운동처방 · 유아기 56개월,,유아기,,
prescription:유아기-56-M-정리운동,prescription,"유아기 56개월 남자 287명에게 처방된 정리운동: 흔들어 체조(17%), 거북이 스트레칭(13%), 후굴자세 해봐요(12%), 전신 루틴 스트레칭(5%), 하지 루틴 스트레칭2(5%), 줄넘기 해요(4%), 알을 낳아요(4%), 꼬리를 떼어요(4%), 점핑점핑해요(4%), 상지 루틴 스트레칭(3%), 하지 루틴 스트레칭1(3%), 넙다리 안쪽 스트레칭(2%), 넙다리 뒤쪽 스트레칭(2%), 엉금엉금 기어요(2%), 딩딩링을 끼워요(2%)",국민체력100 운동처방 · 유아기 56개월,,유아기,,
prescription:유아기-56-M-준비운동,prescription,"유아기 56개월 남자 287명에게 처방된 준비운동: 거북이 스트레칭(21%), 흔들어 체조(16%), 밴드를 당겨요(6%), 후굴자세 해봐요(5%), 영차영차 올라요(5%), 전신 루틴 스트레칭(4%), 빌리보를 밀어요(3%), 동물처럼 걸어요(3%), 유산소 운동 전 동적 루틴 스트레칭(3%), 꼬리를 떼어요(2%), 목 스트레칭(2%), 등/어깨 뒤쪽 스트레칭(2%), 걷기(1%), 낚시를 해요(1%), 지그재그 달려요(1%), 점핑점핑해요(1%), 힘차게 던져요(1%), 허리 스트레칭(1%), 배스트레칭(1%), 자가근막이완술 루틴 스트레칭(1%)",국민체력100 운동처방 · 유아기 56개월,,유아기,,
prescription:유아기-57-F-본운동,prescription,"유아기 57개월 여자 331명에게 처방된 본운동: 밴드를 당겨요(8%), 영차영차 올라요(6%), 점핑점핑해요(5%), 후다닥 집어요(5%), 줄넘기 해요(5%), 지그재그 달려요(4%), 꼬리를 떼어요(4%), 빌리보를 밀어요(4%), 동물처럼 걸어요(4%), 우리 모두 다같이(3%), 힘차게 던져요(3%), 후다닥 붙여요(3%), 낚시를 해요(2%), 알록달록 공을 옮겨요(2%), 끌어요 당겨요(2%), 알을 낳아요(2%), 후굴자세 해봐요(2%), 알록달록 붙여요(2%), 엉금엉금 기어요(1%), 윗몸 말며 공을 전달해요(1%), 소방훈련 해요(1%), 조심조심 걸어요(1%), 힘차게 맞춰요(1%), 공 받고 던져요(1%), 앉았다 일어서기(1%), 흔들어 체조(1%), 밸런스 보드에 서요(1%), 달리기(1%), 딩딩링을 끼워요(1%), 거북이 스트레칭(1%)",국민체력100 운동처방 · 유아기 57개월,,유아기,,
prescription:유아기-57-F-정리운동,prescription,"유아기 57개월 여자 331명에게 처방된 정리운동: 거북이 스트레칭(28%), 흔들어 체조(22%), 후굴자세 해봐요(16%), 전신 루틴 스트레칭(5%), 점핑점핑해요(3%), 알을 낳아요(3%), 줄넘기 해요(2%), 상지 루틴 스트레칭(2%)",국민체력100 운동처방 · 유아기 57개월,,유아기,,
prescription:유아기-57-F-준비운동,prescription,"유아기 57개월 여자 331명에게 처방된 준비운동: 흔들어 체조(19%), 거북이 스트레칭(18%), 밴드를 당겨요(6%), 후굴자세 해봐요(4%), 점핑점핑해요(4%), 영차영차 올라요(3%), 꼬리를 떼어요(3%), 유산소 운동 전 동적 루틴 스트레칭(2%), 낚시를 해요(2%), 빌리보를 밀어요(2%), 동물처럼 걸어요(2%), 전신 루틴 스트레칭(2%), 윗몸 말며 공을 전달해요(2%), 줄넘기 해요(1%), 알을 낳아요(1%), 우리 모두 다같이(1%), 달리기(1%), 후다닥 붙여요(1%), 후다닥 집어요(1%), 등/어깨 뒤쪽 스트레칭(1%), 지그재그 달려요(1%), 아래 팔 스트레칭(1%)",국민체력100 운동처방 · 유아기 57개월,,유아기,,
prescription:유아기-57-M-본운동,prescription,"유아기 57개월 남자 354명에게 처방된 본운동: 영차영차 올라요(5%), 점핑점핑해요(5%), 밴드를 당겨요(5%), 지그재그 달려요(5%), 후다닥 집어요(4%), 꼬리를 떼어요(4%), 후다닥 붙여요(4%), 줄넘기 해요(4%), 동물처럼 걸어요(4%), 힘차게 던져요(3%), 낚시를 해요(3%), 빌리보를 밀어요(3%), 끌어요 당겨요(2%), 우리 모두 다같이(2%), 인사 체조(2%), 알을 낳아요(2%), 소방훈련 해요(2%), 조심조심 걸어요(2%), 알록달록 공을 옮겨요(2%), 힘차게 맞춰요(2%), 밸런스 보드에 서요(1%), 엉금엉금 기어요(1%), 알록달록 붙여요(1%), 엎드려 버티기(1%), 앉았다 일어서기(1%), 공을 옮겨요(옆)(1%), 후굴자세 해봐요(1%), 달리기(1%), 수영(1%), 버피운동(1%)",국민체력100 운동처방 · 유아기 57개월,,유아기,,
prescription:유아기-57-M-정리운동,prescription,"유아기 57개월 남자 354명에게 처방된 정리운동: 거북이 스트레칭(23%), 흔들어 체조(20%), 후굴자세 해봐요(13%), 전신 루틴 스트레칭(4%), 꼬리를 떼어요(4%), 알을 낳아요(4%), 점핑점핑해요(3%), 줄넘기 해요(3%), 엉금엉금 기어요(3%), 딩딩링을 끼워요(3%), 윗몸 말며 공을 전달해요(3%)",국민체력100 운동처방 · 유아기 57개월,,유아기,,
prescription:유아기-57-M-준비운동,prescription,"유아기 57개월 남자 354명에게 처방된 준비운동: 거북이 스트레칭(23%), 흔들어 체조(21%), 밴드를 당겨요(5%), 영차영차 올라요(5%), 후굴자세 해봐요(4%), 유산소 운동 전 동적 루틴 스트레칭(3%), 꼬리를 떼어요(3%), 빌리보를 밀어요(3%), 점핑점핑해요(3%), 알을 낳아요(2%), 동물처럼 걸어요(2%), 줄넘기 해요(2%), 공을 옮겨요(옆)(2%), 지그재그 달려요(2%), 알록달록 공을 옮겨요(1%), 공을 옮겨요(앞)(1%)",국민체력100 운동처방 · 유아기 57개월,,유아기,,
prescription:유아기-58-F-본운동,prescription,"유아기 58개월 여자 374명에게 처방된 본운동: 점핑점핑해요(8%), 밴드를 당겨요(6%), 꼬리를 떼어요(6%), 영차영차 올라요(5%), 줄넘기 해요(5%), 빌리보를 밀어요(4%), 지그재그 달려요(4%), 후다닥 붙여요(4%), 동물처럼 걸어요(3%), 알을 낳아요(3%), 후다닥 집어요(3%), 낚시를 해요(3%), 알록달록 공을 옮겨요(3%), 소방훈련 해요(3%), 우리 모두 다같이(2%), 뽁뽁이를 눌러요(2%), 끌어요 당겨요(2%), 힘차게 맞춰요(2%), 공을 옮겨요(옆)(2%), 힘차게 던져요(2%), 조심조심 걸어요(1%), 후굴자세 해봐요(1%), 알록달록 붙여요(1%), 엉금엉금 기어요(1%), 윗몸 말며 공을 전달해요(1%), 분리배출 해요(1%), 공 받고 던져요(1%), 밸런스 보드에 서요(1%)",국민체력100 운동처방 · 유아기 58개월,,유아기,,
prescription:유아기-58-F-정리운동,prescription,"유아기 58개월 여자 374명에게 처방된 정리운동: 흔들어 체조(29%), 거북이 스트레칭(26%), 후굴자세 해봐요(14%), 하지 루틴 스트레칭2(3%), 알을 낳아요(3%), 배스트레칭(2%), 엉덩이 스트레칭(2%), 꼬리를 떼어요(2%)",국민체력100 운동처방 · 유아기 58개월,,유아기,,
prescription:유아기-58-F-준비운동,prescription,"유아기 58개월 여자 374명에게 처방된 준비운동: 거북이 스트레칭(29%), 흔들어 체조(16%), 영차영차 올라요(8%), 밴드를 당겨요(7%), 후굴자세 해봐요(4%), 점핑점핑해요(3%), 줄넘기 해요(2%), 낚시를 해요(2%), 전신 루틴 스트레칭(2%), 윗몸 말며 공을 전달해요(2%), 꼬리를 떼어요(2%), 알을 낳아요(1%), 빌리보를 밀어요(1%), 엉금엉금 기어요(1%)",국민체력100 운동처방 · 유아기 58개월,,유아기,,
prescription:유아기-58-M-본운동,prescription,"유아기 58개월 남자 394명에게 처방된 본운동: 영차영차 올라요(6%), 밴드를 당겨요(6%), 후다닥 붙여요(5%), 지그재그 달려요(4%), 빌리보를 밀어요(4%), 점핑점핑해요(4%), 꼬리를 떼어요(4%), 동물처럼 걸어요(4%), 힘차게 던져요(3%), 끌어요 당겨요(3%), 알록달록 공을 옮겨요(3%), 힘차게 맞춰요(3%), 우리 모두 다같이(3%), 줄넘기 해요(3%), 후다닥 집어요(3%), 소방훈련 해요(2%), 낚시를 해요(2%), 후굴자세 해봐요(2%), 엉금엉금 기어요(1%), 윗몸 말며 공을 전달해요(1%), 버피운동(1%), 인사 체조(1%), 밸런스 보드에 서요(1%), 알을 낳아요(1%), 공을 옮겨요(앞)(1%), 딩딩링을 끼워요(1%), 달리기(1%), 공을 옮겨요(옆)(1%), 조심조심 걸어요(1%), 알록달록 붙여요(1%)",국민체력100 운동처방 · 유아기 58개월,,유아기,,
prescription:유아기-58-M-정리운동,prescription,"유아기 58개월 남자 394명에게 처방된 정리운동: 거북이 스트레칭(22%), 흔들어 체조(18%), 후굴자세 해봐요(16%), 전신 루틴 스트레칭(4%), 꼬리를 떼어요(4%), 알을 낳아요(4%), 줄넘기 해요(4%), 상지 루틴 스트레칭(3%), 하지 루틴 스트레칭2(3%), 점핑점핑해요(3%)",국민체력100 운동처방 · 유아기 58개월,,유아기,,
prescription:유아기-58-M-준비운동,prescription,"유아기 58개월 남자 394명에게 처방된 준비운동: 거북이 스트레칭(21%), 흔들어 체조(18%), 후굴자세 해봐요(6%), 밴드를 당겨요(5%), 영차영차 올라요(5%), 유산소 운동 전 동적 루틴 스트레칭(3%), 점핑점핑해요(3%), 꼬리를 떼어요(3%), 동물처럼 걸어요(2%), 빌리보를 밀어요(2%), 줄넘기 해요(2%), 알을 낳아요(2%), 윗몸 말며 공을 전달해요(2%), 낚시를 해요(1%), 전신 루틴 스트레칭(1%), 인사 체조(1%), 자가근막이완술 루틴 스트레칭(1%), 힘차게 던져요(1%), 힘차게 맞춰요(1%)",국민체력100 운동처방 · 유아기 58개월,,유아기,,
prescription:유아기-59-F-본운동,prescription,"유아기 59개월 여자 389명에게 처방된 본운동: 밴드를 당겨요(6%), 지그재그 달려요(6%), 영차영차 올라요(6%), 동물처럼 걸어요(5%), 점핑점핑해요(4%), 후다닥 집어요(4%), 힘차게 던져요(4%), 꼬리를 떼어요(4%), 후다닥 붙여요(3%), 줄넘기 해요(3%), 우리 모두 다같이(3%), 빌리보를 밀어요(3%), 소방훈련 해요(3%), 낚시를 해요(3%), 인사 체조(2%), 끌어요 당겨요(2%), 알록달록 공을 옮겨요(2%), 후굴자세 해봐요(2%), 달리기(2%), 공을 옮겨요(옆)(2%), 힘차게 맞춰요(1%), 거북이 스트레칭(1%), 알을 낳아요(1%), 조심조심 걸어요(1%), 맨몸운동  루틴프로그램(1%), 엉금엉금 기어요(1%), 계단 올라갔다 내려오기(1%), 알록달록 붙여요(1%), 수영(1%), 딩딩링을 끼워요(1%)",국민체력100 운동처방 · 유아기 59개월,,유아기,,
prescription:유아기-59-F-정리운동,prescription,"유아기 59개월 여자 389명에게 처방된 정리운동: 흔들어 체조(23%), 거북이 스트레칭(21%), 후굴자세 해봐요(12%), 정적 스트레칭  루틴프로그램(5%), 알을 낳아요(4%), 넙다리 뒤쪽 스트레칭(3%), 넙다리 안쪽 스트레칭(3%), 딩딩링을 끼워요(2%), 전신 루틴 스트레칭(2%), 윗몸 말며 공을 전달해요(2%), 허리 스트레칭(2%)",국민체력100 운동처방 · 유아기 59개월,,유아기,,
prescription:유아기-59-F-준비운동,prescription,"유아기 59개월 여자 389명에게 처방된 준비운동: 거북이 스트레칭(24%), 흔들어 체조(16%), 밴드를 당겨요(7%), 영차영차 올라요(6%), 점핑점핑해요(5%), 후굴자세 해봐요(3%), 줄넘기 해요(3%), 꼬리를 떼어요(3%), 동적 스트레칭 루틴프로그램(3%), 낚시를 해요(2%), 동물처럼 걸어요(2%), 알을 낳아요(2%), 빌리보를 밀어요(2%), 가슴/어깨 앞쪽 스트레칭(2%), 등/어깨 뒤쪽 스트레칭(1%)",국민체력100 운동처방 · 유아기 59개월,,유아기,,
prescription:유아기-59-M-본운동,prescription,"유아기 59개월 남자 415명에게 처방된 본운동: 밴드를 당겨요(7%), 영차영차 올라요(5%), 동물처럼 걸어요(5%), 낚시를 해요(4%), 알록달록 공을 옮겨요(4%), 지그재그 달려요(4%), 꼬리를 떼어요(3%), 점핑점핑해요(3%), 후굴자세 해봐요(3%), 후다닥 붙여요(3%), 빌리보를 밀어요(3%), 끌어요 당겨요(3%), 후다닥 집어요(3%), 줄넘기 해요(2%), 딩딩링을 끼워요(2%), 힘차게 던져요(2%), 우리 모두 다같이(2%), 인사 체조(2%), 힘차게 맞춰요(2%), 윗몸 말며 공을 전달해요(2%), 엉금엉금 기어요(2%), 거북이 스트레칭(2%), 소방훈련 해요(2%), 뽁뽁이를 눌러요(2%), 알록달록 붙여요(2%), 공을 옮겨요(옆)(2%), 지게발 걸어요(1%), 알을 낳아요(1%), 공을 옮겨요(앞)(1%), 분리배출 해요(1%)",국민체력100 운동처방 · 유아기 59개월,,유아기,,
prescription:유아기-59-M-정리운동,prescription,"유아기 59개월 남자 415명에게 처방된 정리운동: 거북이 스트레칭(21%), 흔들어 체조(21%), 후굴자세 해봐요(14%), 전신 루틴 스트레칭(6%), 알을 낳아요(5%), 꼬리를 떼어요(4%), 줄넘기 해요(4%), 점핑점핑해요(3%), 하지 루틴 스트레칭2(2%), 하지 루틴 스트레칭1(2%)",국민체력100 운동처방 · 유아기 59개월,,유아기,,
prescription:유아기-59-M-준비운동,prescription,"유아기 59개월 남자 415명에게 처방된 준비운동: 거북이 스트레칭(22%), 흔들어 체조(18%), 밴드를 당겨요(6%), 점핑점핑해요(5%), 후굴자세 해봐요(5%), 꼬리를 떼어요(4%), 영차영차 올라요(4%), 전신 루틴 스트레칭(3%), 줄넘기 해요(3%), 알을 낳아요(2%), 유산소 운동 전 동적 루틴 스트레칭(2%), 동물처럼 걸어요(2%), 빌리보를 밀어요(2%), 힘차게 맞춰요(2%), 상지 루틴 스트레칭(1%), 공을 옮겨요(앞)(1%)",국민체력100 운동처방 · 유아기 59개월,,유아기,,
prescription:유아기-60-F-본운동,prescription,"유아기 60개월 여자 370명에게 처방된 본운동: 밴드를 당겨요(8%), 동물처럼 걸어요(5%), 낚시를 해요(5%), 영차영차 올라요(4%), 점핑점핑해요(4%), 빌리보를 밀어요(4%), 꼬리를 떼어요(4%), 힘차게 던져요(4%), 줄넘기 해요(4%), 알록달록 붙여요(3%), 알록달록 공을 옮겨요(3%), 공 받고 던져요(3%), 공을 옮겨요(옆)(3%), 우리 모두 다같이(3%), 딩딩링을 끼워요(3%), 후다닥 집어요(2%), 윗몸 말며 공을 전달해요(2%), 힘차게 맞춰요(2%), 지그재그 달려요(2%), 끌어요 당겨요(2%), 알을 낳아요(2%), 후굴자세 해봐요(2%), 후다닥 붙여요(1%), 소방훈련 해요(1%), 거북이 스트레칭(1%), 인사 체조(1%)",국민체력100 운동처방 · 유아기 60개월,,유아기,,
prescription:유아기-60-F-정리운동,prescription,"유아기 60개월 여자 370명에게 처방된 정리운동: 흔들어 체조(23%), 거북이 스트레칭(19%), 후굴자세 해봐요(17%), 알을 낳아요(4%), 꼬리를 떼어요(3%), 점핑점핑해요(3%), 줄넘기 해요(3%), 실내 자전거타기(3%), 넙다리 뒤쪽 스트레칭(2%), 전신 루틴 스트레칭(2%), 넙다리 안쪽 스트레칭(2%)",국민체력100 운동처방 · 유아기 60개월,,유아기,,
prescription:유아기-60-F-준비운동,prescription,"유아기 60개월 여자 370명에게 처방된 준비운동: 거북이 스트레칭(24%), 흔들어 체조(15%), 밴드를 당겨요(4%), 전신 루틴 스트레칭(4%), 영차영차 올라요(4%), 후다닥 붙여요(3%), 점핑점핑해요(3%), 후굴자세 해봐요(3%), 지그재그 달려요(3%), 줄넘기 해요(2%), 하지 루틴 스트레칭2(2%), 꼬리를 떼어요(2%), 동물처럼 걸어요(2%), 후다닥 집어요(2%), 상지 루틴 스트레칭(2%), 트레드밀에서 걷기(1%), 공을 옮겨요(옆)(1%), 유산소 운동 전 동적 루틴 스트레칭(1%), 알을 낳아요(1%), 빌리보를 밀어요(1%)",국민체력100 운동처방 · 유아기 60개월,,유아기,,
prescription:유아기-60-M-본운동,prescription,"유아기 60개월 남자 392명에게 처방된 본운동: 영차영차 올라요(6%), 밴드를 당겨요(5%), 동물처럼 걸어요(5%), 알록달록 공을 옮겨요(4%), 꼬리를 떼어요(3%), 지그재그 달려요(3%), 낚시를 해요(3%), 후다닥 집어요(3%), 점핑점핑해요(3%), 빌리보를 밀어요(3%), 끌어요 당겨요(3%), 소방훈련 해요(3%), 우리 모두 다같이(3%), 공을 옮겨요(앞)(3%), 공을 옮겨요(옆)(3%), 후다닥 붙여요(3%), 힘차게 던져요(2%), 알록달록 붙여요(2%), 윗몸 말며 공을 전달해요(2%), 줄넘기 해요(2%), 공 받고 던져요(1%), 거북이 스트레칭(1%), 인사 체조(1%), 윗몸올리기(1%), 계단 올라갔다 내려오기(1%), 알을 낳아요(1%), 수영(1%), 힘차게 맞춰요(1%), 윗몸 말아 올리기(1%), 팔벌려뛰기(1%)",국민체력100 운동처방 · 유아기 60개월,,유아기,,
prescription:유아기-60-M-정리운동,prescription,"유아기 60개월 남자 392명에게 처방된 정리운동: 흔들어 체조(21%), 후굴자세 해봐요(17%), 거북이 스트레칭(16%), 전신 루틴 스트레칭(5%), 상지 루틴 스트레칭(4%), 하지 루틴 스트레칭1(3%), 하지 루틴 스트레칭2(3%), 넙다리 뒤쪽 스트레칭(3%), 넙다리 안쪽 스트레칭(3%), 엉금엉금 기어요(2%), 딩딩링을 끼워요(2%), 윗몸 말며 공을 전달해요(2%)",국민체력100 운동처방 · 유아기 60개월,,유아기,,
prescription:유아기-60-M-준비운동,prescription,"유아기 60개월 남자 392명에게 처방된 준비운동: 거북이 스트레칭(25%), 흔들어 체조(10%), 밴드를 당겨요(8%), 영차영차 올라요(5%), 후굴자세 해봐요(4%), 동물처럼 걸어요(4%), 전신 루틴 스트레칭(3%), 등/어깨 뒤쪽 스트레칭(2%), 유산소 운동 전 동적 루틴 스트레칭(2%), 빌리보를 밀어요(2%), 목 스트레칭(2%), 아래 팔 스트레칭(2%), 후다닥 붙여요(1%), 공을 옮겨요(앞)(1%), 꼬리를 떼어요(1%), 낚시를 해요(1%), 자가근막이완술 루틴 스트레칭(1%), 윗몸 말며 공을 전달해요(1%), 공 받고 던져요(1%), 점핑점핑해요(1%), 줄넘기 해요(1%), 후다닥 집어요(1%), 지그재그 달려요(1%)",국민체력100 운동처방 · 유아기 60개월,,유아기,,
prescription:유아기-61-F-본운동,prescription,"유아기 61개월 여자 412명에게 처방된 본운동: 줄넘기 해요(6%), 영차영차 올라요(6%), 밴드를 당겨요(5%), 꼬리를 떼어요(5%), 점핑점핑해요(4%), 힘차게 던져요(4%), 빌리보를 밀어요(4%), 윗몸 말며 공을 전달해요(4%), 동물처럼 걸어요(3%), 우리 모두 다같이(3%), 후다닥 붙여요(3%), 후다닥 집어요(3%), 끌어요 당겨요(3%), 지그재그 달려요(3%), 분리배출 해요(2%), 후굴자세 해봐요(2%), 딩딩링을 끼워요(2%), 알록달록 붙여요(2%), 인사 체조(2%), 알록달록 공을 옮겨요(2%), 알을 낳아요(2%), 조심조심 걸어요(2%), 엉금엉금 기어요(2%), 공을 옮겨요(옆)(1%), 낚시를 해요(1%), 힘차게 맞춰요(1%), 소방훈련 해요(1%), 누워서 배가로근 수축 II(1%), 거북이 스트레칭(1%)",국민체력100 운동처방 · 유아기 61개월,,유아기,,
prescription:유아기-61-F-정리운동,prescription,"유아기 61개월 여자 412명에게 처방된 정리운동: 흔들어 체조(22%), 거북이 스트레칭(19%), 후굴자세 해봐요(18%), 알을 낳아요(4%), 전신 루틴 스트레칭(3%), 꼬리를 떼어요(3%), 점핑점핑해요(3%), 줄넘기 해요(3%), 하지 루틴 스트레칭1(2%), 넙다리 뒤쪽 스트레칭(2%), 하지 루틴 스트레칭2(2%), 상지 루틴 스트레칭(2%)",국민체력100 운동처방 · 유아기 61개월,,유아기,,
prescription:유아기-61-F-준비운동,prescription,"유아기 61개월 여자 412명에게 처방된 준비운동: 흔들어 체조(21%), 거북이 스트레칭(21%), 후굴자세 해봐요(8%), 밴드를 당겨요(7%), 점핑점핑해요(3%), 영차영차 올라요(3%), 꼬리를 떼어요(3%), 줄넘기 해요(2%), 알을 낳아요(2%), 전신 루틴 스트레칭(2%), 빌리보를 밀어요(2%), 동물처럼 걸어요(2%), 지그재그 달려요(2%), 유산소 운동 전 동적 루틴 스트레칭(2%), 등/어깨 뒤쪽 스트레칭(1%), 알록달록 붙여요(1%)",국민체력100 운동처방 · 유아기 61개월,,유아기,,
prescription:유아기-61-M-본운동,prescription,"유아기 61개월 남자 398명에게 처방된 본운동: 점핑점핑해요(5%), 영차영차 올라요(5%), 밴드를 당겨요(5%), 지그재그 달려요(5%), 줄넘기 해요(4%), 후다닥 붙여요(4%), 꼬리를 떼어요(4%), 후다닥 집어요(3%), 동물처럼 걸어요(3%), 빌리보를 밀어요(3%), 낚시를 해요(3%), 알록달록 공을 옮겨요(3%), 끌어요 당겨요(3%), 힘차게 던져요(2%), 우리 모두 다같이(2%), 윗몸 말며 공을 전달해요(2%), 알록달록 붙여요(2%), 후굴자세 해봐요(2%), 조심조심 걸어요(2%), 엉금엉금 기어요(1%), 공 받고 던져요(1%), 알을 낳아요(1%), 소방훈련 해요(1%), 공을 옮겨요(옆)(1%), 거북이 스트레칭(1%), 엎드려 버티기(1%), 앉았다 일어서기(1%), 힘차게 맞춰요(1%), 계단 올라갔다 내려오기(1%), 수영(1%)",국민체력100 운동처방 · 유아기 61개월,,유아기,,
prescription:유아기-61-M-정리운동,prescription,"유아기 61개월 남자 398명에게 처방된 정리운동: 흔들어 체조(21%), 거북이 스트레칭(20%), 후굴자세 해봐요(12%), 전신 루틴 스트레칭(5%), 상지 루틴 스트레칭(4%), 알을 낳아요(4%), 점핑점핑해요(4%), 하지 루틴 스트레칭2(4%), 줄넘기 해요(3%), 하지 루틴 스트레칭1(2%), 꼬리를 떼어요(2%)",국민체력100 운동처방 · 유아기 61개월,,유아기,,
prescription:유아기-61-M-준비운동,prescription,"유아기 61개월 남자 398명에게 처방된 준비운동: 거북이 스트레칭(22%), 흔들어 체조(16%), 밴드를 당겨요(7%), 후굴자세 해봐요(6%), 영차영차 올라요(4%), 꼬리를 떼어요(3%), 낚시를 해요(3%), 점핑점핑해요(2%), 유산소 운동 전 동적 루틴 스트레칭(2%), 우리 모두 다같이(2%), 공을 옮겨요(옆)(2%), 동물처럼 걸어요(2%), 빌리보를 밀어요(2%), 목 스트레칭(1%), 윗몸 말며 공을 전달해요(1%), 알록달록 공을 옮겨요(1%), 등/어깨 뒤쪽 스트레칭(1%), 하지 루틴 스트레칭1(1%), 아래 팔 스트레칭(1%), 가슴/어깨 앞쪽 스트레칭(1%)",국민체력100 운동처방 · 유아기 61개월,,유아기,,
prescription:유아기-62-F-본운동,prescription,"유아기 62개월 여자 430명에게 처방된 본운동: 밴드를 당겨요(7%), 영차영차 올라요(6%), 지그재그 달려요(5%), 꼬리를 떼어요(4%), 힘차게 던져요(4%), 동물처럼 걸어요(4%), 줄넘기 해요(3%), 후다닥 붙여요(3%), 점핑점핑해요(3%), 낚시를 해요(3%), 알록달록 공을 옮겨요(3%), 끌어요 당겨요(3%), 후다닥 집어요(3%), 빌리보를 밀어요(3%), 알을 낳아요(2%), 알록달록 붙여요(2%), 윗몸 말며 공을 전달해요(2%), 앉았다 일어서기(2%), 조심조심 걸어요(2%), 공을 옮겨요(옆)(2%), 우리 모두 다같이(1%), 소방훈련 해요(1%), 분리배출 해요(1%), 달리기(1%), 실내 자전거타기(1%), 인사 체조(1%), 힘차게 맞춰요(1%), 후굴자세 해봐요(1%), 딩딩링을 끼워요(1%), 공을 옮겨요(앞)(1%)",국민체력100 운동처방 · 유아기 62개월,,유아기,,
prescription:유아기-62-F-정리운동,prescription,"유아기 62개월 여자 430명에게 처방된 정리운동: 거북이 스트레칭(23%), 흔들어 체조(20%), 후굴자세 해봐요(15%), 상지 루틴 스트레칭(5%), 전신 루틴 스트레칭(4%), 넙다리 뒤쪽 스트레칭(4%), 하지 루틴 스트레칭1(4%), 하지 루틴 스트레칭2(3%), 엉덩이 스트레칭(2%)",국민체력100 운동처방 · 유아기 62개월,,유아기,,
prescription:유아기-62-F-준비운동,prescription,"유아기 62개월 여자 430명에게 처방된 준비운동: 거북이 스트레칭(24%), 흔들어 체조(17%), 밴드를 당겨요(5%), 후굴자세 해봐요(4%), 점핑점핑해요(4%), 영차영차 올라요(3%), 전신 루틴 스트레칭(3%), 동물처럼 걸어요(2%), 꼬리를 떼어요(2%), 알록달록 붙여요(2%), 다리 벌려 옆으로 상체 숙이기(1%), 다리 모아 상체 숙이기(1%), 빌리보를 밀어요(1%), 다리 꼬아 상체 앞으로 숙이기(1%), 실내 자전거타기(1%), 후다닥 집어요(1%), 알록달록 공을 옮겨요(1%), 낚시를 해요(1%), 유산소 운동 전 동적 루틴 스트레칭(1%), 달리기(1%), 줄넘기 해요(1%), 무릎 대고 옆으로 기울이기(1%), 가슴/어깨 앞쪽 스트레칭(1%)",국민체력100 운동처방 · 유아기 62개월,,유아기,,
prescription:유아기-62-M-본운동,prescription,"유아기 62개월 남자 436명에게 처방된 본운동: 영차영차 올라요(6%), 밴드를 당겨요(6%), 동물처럼 걸어요(5%), 빌리보를 밀어요(5%), 꼬리를 떼어요(4%), 점핑점핑해요(4%), 낚시를 해요(4%), 줄넘기 해요(3%), 후다닥 붙여요(3%), 힘차게 던져요(3%), 지그재그 달려요(3%), 알록달록 붙여요(3%), 알록달록 공을 옮겨요(3%), 힘차게 맞춰요(3%), 후다닥 집어요(3%), 공 받고 던져요(2%), 인사 체조(2%), 끌어요 당겨요(2%), 윗몸 말며 공을 전달해요(2%), 분리배출 해요(2%), 엉금엉금 기어요(1%), 소방훈련 해요(1%), 우리 모두 다같이(1%), 공을 옮겨요(옆)(1%), 앉았다 일어서기(1%), 달리기(1%), 공을 옮겨요(앞)(1%), 지게발 걸어요(1%), 딩딩링을 끼워요(1%), 후굴자세 해봐요(1%)",국민체력100 운동처방 · 유아기 62개월,,유아기,,
prescription:유아기-62-M-정리운동,prescription,"유아기 62개월 남자 436명에게 처방된 정리운동: 흔들어 체조(25%), 후굴자세 해봐요(18%), 거북이 스트레칭(18%), 넙다리 뒤쪽 스트레칭(4%), 전신 루틴 스트레칭(3%), 하지 루틴 스트레칭1(3%), 하지 루틴 스트레칭2(2%), 넙다리 안쪽 스트레칭(2%), 알을 낳아요(2%), 줄넘기 해요(2%), 허리 스트레칭(2%), 배스트레칭(2%)",국민체력100 운동처방 · 유아기 62개월,,유아기,,
prescription:유아기-62-M-준비운동,prescription,"유아기 62개월 남자 436명에게 처방된 준비운동: 거북이 스트레칭(25%), 흔들어 체조(16%), 밴드를 당겨요(6%), 영차영차 올라요(6%), 후굴자세 해봐요(4%), 알록달록 공을 옮겨요(2%), 동물처럼 걸어요(2%), 알록달록 붙여요(2%), 전신 루틴 스트레칭(2%), 등/어깨 뒤쪽 스트레칭(2%), 점핑점핑해요(2%), 유산소 운동 전 동적 루틴 스트레칭(2%), 가슴/어깨 앞쪽 스트레칭(2%), 목 스트레칭(2%), 허리 스트레칭(1%), 후다닥 집어요(1%), 빌리보를 밀어요(1%), 줄넘기 해요(1%), 지그재그 달려요(1%), 트레드밀에서 걷기(1%)",국민체력100 운동처방 · 유아기 62개월,,유아기,,
prescription:유아기-63-F-본운동,prescription,"유아기 63개월 여자 385명에게 처방된 본운동: 밴드를 당겨요(7%), 점핑점핑해요(6%), 빌리보를 밀어요(6%), 영차영차 올라요(5%), 지그재그 달려요(5%), 동물처럼 걸어요(4%), 꼬리를 떼어요(4%), 힘차게 던져요(4%), 줄넘기 해요(4%), 후다닥 집어요(4%), 후다닥 붙여요(3%), 힘차게 맞춰요(3%), 공 받고 던져요(3%), 우리 모두 다같이(3%), 소방훈련 해요(2%), 윗몸 말며 공을 전달해요(2%), 윗몸 말아 올리기(2%), 끌어요 당겨요(2%), 후굴자세 해봐요(2%), 알록달록 붙여요(2%), 낚시를 해요(1%), 엉금엉금 기어요(1%), 알을 낳아요(1%), 공을 옮겨요(옆)(1%), 알록달록 공을 옮겨요(1%), 조심조심 걸어요(1%), 딩딩링을 끼워요(1%), 옆구리 스트레칭(1%)",국민체력100 운동처방 · 유아기 63개월,,유아기,,
prescription:유아기-63-F-정리운동,prescription,"유아기 63개월 여자 385명에게 처방된 정리운동: 거북이 스트레칭(25%), 흔들어 체조(19%), 후굴자세 해봐요(11%), 알을 낳아요(5%), 하지 루틴 스트레칭1(4%), 전신 루틴 스트레칭(4%), 넙다리 뒤쪽 스트레칭(3%), 넙다리 안쪽 스트레칭(3%), 넙다리 앞쪽 스트레칭(2%), 우리 모두 다같이(2%), 하지 루틴 스트레칭2(2%), 상지 루틴 스트레칭(1%)",국민체력100 운동처방 · 유아기 63개월,,유아기,,
prescription:유아기-63-F-준비운동,prescription,"유아기 63개월 여자 385명에게 처방된 준비운동: 거북이 스트레칭(22%), 흔들어 체조(17%), 밴드를 당겨요(7%), 점핑점핑해요(6%), 영차영차 올라요(4%), 꼬리를 떼어요(4%), 빌리보를 밀어요(3%), 유산소 운동 전 동적 루틴 스트레칭(3%), 후굴자세 해봐요(2%), 줄넘기 해요(2%), 공을 옮겨요(옆)(2%), 동물처럼 걸어요(2%), 아래 팔 스트레칭(2%), 낚시를 해요(2%), 공을 옮겨요(앞)(2%), 알록달록 공을 옮겨요(2%)",국민체력100 운동처방 · 유아기 63개월,,유아기,,
prescription:유아기-63-M-본운동,prescription,"유아기 63개월 남자 413명에게 처방된 본운동: 영차영차 올라요(6%), 밴드를 당겨요(5%), 동물처럼 걸어요(5%), 빌리보를 밀어요(4%), 낚시를 해요(4%), 꼬리를 떼어요(4%), 알록달록 공을 옮겨요(3%), 줄넘기 해요(3%), 점핑점핑해요(3%), 후다닥 붙여요(3%), 알록달록 붙여요(3%), 공 받고 던져요(3%), 소방훈련 해요(3%), 공을 옮겨요(옆)(3%), 공을 옮겨요(앞)(2%), 후다닥 집어요(2%), 힘차게 던져요(2%), 우리 모두 다같이(2%), 끌어요 당겨요(2%), 인사 체조(2%), 힘차게 맞춰요(2%), 딩딩링을 끼워요(2%), 지그재그 달려요(2%), 분리배출 해요(1%), 달리기(1%), 거북이 스트레칭(1%), 실내 자전거타기(1%), 엉금엉금 기어요(1%), 뽁뽁이를 눌러요(1%), 알을 낳아요(1%)",국민체력100 운동처방 · 유아기 63개월,,유아기,,
prescription:유아기-63-M-정리운동,prescription,"유아기 63개월 남자 413명에게 처방된 정리운동: 흔들어 체조(20%), 거북이 스트레칭(19%), 후굴자세 해봐요(11%), 전신 루틴 스트레칭(7%), 알을 낳아요(4%), 하지 루틴 스트레칭2(3%), 꼬리를 떼어요(3%), 줄넘기 해요(3%), 점핑점핑해요(3%), 하지 루틴 스트레칭1(2%), 상지 루틴 스트레칭(2%), 우리 모두 다같이(2%), 짐볼을 이용한 동적 루틴 스트레칭(1%)",국민체력100 운동처방 · 유아기 63개월,,유아기,,
prescription:유아기-63-M-준비운동,prescription,"유아기 63개월 남자 413명에게 처방된 준비운동: 거북이 스트레칭(22%), 흔들어 체조(15%), 밴드를 당겨요(7%), 영차영차 올라요(5%), 후굴자세 해봐요(4%), 공을 옮겨요(옆)(3%), 전신 루틴 스트레칭(3%), 유산소 운동 전 동적 루틴 스트레칭(2%), 동물처럼 걸어요(2%), 알록달록 붙여요(2%), 알록달록 공을 옮겨요(2%), 점핑점핑해요(2%), 빌리보를 밀어요(2%), 낚시를 해요(2%), 줄넘기 해요(2%), 꼬리를 떼어요(1%), 알을 낳아요(1%), 후다닥 집어요(1%), 힘차게 던져요(1%)",국민체력100 운동처방 · 유아기 63개월,,유아기,,
prescription:유아기-64-F-본운동,prescription,"유아기 64개월 여자 458명에게 처방된 본운동: 밴드를 당겨요(6%), 점핑점핑해요(5%), 영차영차 올라요(5%), 꼬리를 떼어요(5%), 우리 모두 다같이(5%), 지그재그 달려요(4%), 끌어요 당겨요(4%), 동물처럼 걸어요(4%), 후다닥 집어요(3%), 힘차게 던져요(3%), 인사 체조(3%), 줄넘기 해요(3%), 소방훈련 해요(3%), 빌리보를 밀어요(3%), 후다닥 붙여요(3%), 윗몸 말며 공을 전달해요(2%), 낚시를 해요(2%), 알을 낳아요(2%), 후굴자세 해봐요(2%), 알록달록 공을 옮겨요(2%), 힘차게 맞춰요(2%), 딩딩링을 끼워요(2%), 엎드려 버티기(2%), 엉금엉금 기어요(2%), 밸런스 보드에 서요(1%), 알록달록 붙여요(1%), 거북이 스트레칭(1%), 분리배출 해요(1%), 앉았다 일어서기(1%)",국민체력100 운동처방 · 유아기 64개월,,유아기,,
prescription:유아기-64-F-정리운동,prescription,"유아기 64개월 여자 458명에게 처방된 정리운동: 거북이 스트레칭(25%), 흔들어 체조(19%), 후굴자세 해봐요(15%), 전신 루틴 스트레칭(5%), 하지 루틴 스트레칭2(3%), 알을 낳아요(3%), 하지 루틴 스트레칭1(2%), 상지 루틴 스트레칭(2%), 점핑점핑해요(2%), 배스트레칭(2%), 꼬리를 떼어요(2%), 줄넘기 해요(2%), 인사 체조(1%)",국민체력100 운동처방 · 유아기 64개월,,유아기,,
prescription:유아기-64-F-준비운동,prescription,"유아기 64개월 여자 458명에게 처방된 준비운동: 흔들어 체조(22%), 거북이 스트레칭(20%), 후굴자세 해봐요(8%), 밴드를 당겨요(6%), 영차영차 올라요(5%), 동물처럼 걸어요(2%), 빌리보를 밀어요(2%), 유산소 운동 전 동적 루틴 스트레칭(2%), 점핑점핑해요(2%), 낚시를 해요(2%), 전신 루틴 스트레칭(2%), 꼬리를 떼어요(1%), 공을 옮겨요(앞)(1%), 지그재그 달려요(1%), 딩딩링을 끼워요(1%), 등/어깨 뒤쪽 스트레칭(1%), 공을 옮겨요(옆)(1%), 줄넘기 해요(1%)",국민체력100 운동처방 · 유아기 64개월,,유아기,,
prescription:유아기-64-M-본운동,prescription,"유아기 64개월 남자 443명에게 처방된 본운동: 영차영차 올라요(5%), 밴드를 당겨요(5%), 동물처럼 걸어요(4%), 점핑점핑해요(4%), 지그재그 달려요(4%), 빌리보를 밀어요(3%), 끌어요 당겨요(3%), 꼬리를 떼어요(3%), 줄넘기 해요(3%), 후다닥 집어요(3%), 알록달록 공을 옮겨요(3%), 힘차게 던져요(3%), 소방훈련 해요(2%), 후다닥 붙여요(2%), 딩딩링을 끼워요(2%), 알록달록 붙여요(2%), 공 받고 던져요(2%), 엉금엉금 기어요(2%), 우리 모두 다같이(2%), 후굴자세 해봐요(2%), 힘차게 맞춰요(2%), 인사 체조(2%), 윗몸 말아 올리기(2%), 공을 옮겨요(옆)(2%), 앉았다 일어서기(1%), 뽁뽁이를 눌러요(1%), 윗몸 말며 공을 전달해요(1%), 조심조심 걸어요(1%), 공을 옮겨요(앞)(1%), 분리배출 해요(1%)",국민체력100 운동처방 · 유아기 64개월,,유아기,,
prescription:유아기-64-M-정리운동,prescription,"유아기 64개월 남자 443명에게 처방된 정리운동: 흔들어 체조(22%), 거북이 스트레칭(18%), 후굴자세 해봐요(13%), 전신 루틴 스트레칭(4%), 알을 낳아요(4%), 점핑점핑해요(4%), 줄넘기 해요(3%), 꼬리를 떼어요(3%), 자가근막이완술 루틴 스트레칭(3%), 하지 루틴 스트레칭2(3%), 우리 모두 다같이(2%), 허리 스트레칭(2%)",국민체력100 운동처방 · 유아기 64개월,,유아기,,
prescription:유아기-64-M-준비운동,prescription,"유아기 64개월 남자 443명에게 처방된 준비운동: 거북이 스트레칭(24%), 흔들어 체조(17%), 후굴자세 해봐요(6%), 밴드를 당겨요(5%), 영차영차 올라요(5%), 유산소 운동 전 동적 루틴 스트레칭(3%), 후다닥 붙여요(2%), 점핑점핑해요(2%), 동물처럼 걸어요(2%), 후다닥 집어요(2%), 낚시를 해요(2%), 지그재그 달려요(2%), 전신 루틴 스트레칭(2%), 빌리보를 밀어요(1%), 공을 옮겨요(옆)(1%), 꼬리를 떼어요(1%), 줄넘기 해요(1%), 아래 팔 스트레칭(1%), 힘차게 던져요(1%)",국민체력100 운동처방 · 유아기 64개월,,유아기,,
prescription:유아기-65-F-본운동,prescription,"유아기 65개월 여자 413명에게 처방된 본운동: 점핑점핑해요(7%), 영차영차 올라요(6%), 밴드를 당겨요(5%), 줄넘기 해요(5%), 후다닥 붙여요(4%), 동물처럼 걸어요(4%), 지그재그 달려요(4%), 빌리보를 밀어요(4%), 꼬리를 떼어요(4%), 힘차게 던져요(4%), 우리 모두 다같이(4%), 후다닥 집어요(3%), 엉금엉금 기어요(3%), 소방훈련 해요(3%), 인사 체조(3%), 끌어요 당겨요(3%), 윗몸 말며 공을 전달해요(3%), 딩딩링을 끼워요(3%), 알을 낳아요(3%), 후굴자세 해봐요(2%), 알록달록 공을 옮겨요(2%), 힘차게 맞춰요(2%), 낚시를 해요(2%)",국민체력100 운동처방 · 유아기 65개월,,유아기,,
prescription:유아기-65-F-정리운동,prescription,"유아기 65개월 여자 413명에게 처방된 정리운동: 흔들어 체조(20%), 거북이 스트레칭(18%), 후굴자세 해봐요(11%), 알을 낳아요(4%), 꼬리를 떼어요(3%), 줄넘기 해요(3%), 점핑점핑해요(3%), 대퇴사두근 스트레칭(3%), 엉금엉금 기어요(2%), 종아리 스트레칭(2%), 딩딩링을 끼워요(2%), 윗몸 말며 공을 전달해요(2%), 끌어요 당겨요(2%), 가슴 스트레칭(2%), 내전근 스트레칭(2%), 후다닥 붙여요(1%), 후다닥 집어요(1%)",국민체력100 운동처방 · 유아기 65개월,,유아기,,
prescription:유아기-65-F-준비운동,prescription,"유아기 65개월 여자 413명에게 처방된 준비운동: 거북이 스트레칭(22%), 흔들어 체조(16%), 밴드를 당겨요(7%), 영차영차 올라요(6%), 후굴자세 해봐요(5%), 점핑점핑해요(5%), 동물처럼 걸어요(4%), 꼬리를 떼어요(4%), 줄넘기 해요(2%), 빌리보를 밀어요(2%), 낚시를 해요(2%), 알을 낳아요(1%), 알록달록 공을 옮겨요(1%), 윗몸 말며 공을 전달해요(1%), 등/어깨 뒤쪽 스트레칭(1%), 대퇴사두근 스트레칭(1%)",국민체력100 운동처방 · 유아기 65개월,,유아기,,
prescription:유아기-65-M-본운동,prescription,"유아기 65개월 남자 446명에게 처방된 본운동: 밴드를 당겨요(7%), 점핑점핑해요(5%), 영차영차 올라요(5%), 꼬리를 떼어요(5%), 알록달록 공을 옮겨요(5%), 줄넘기 해요(5%), 동물처럼 걸어요(4%), 지그재그 달려요(4%), 우리 모두 다같이(3%), 알록달록 붙여요(3%), 낚시를 해요(3%), 힘차게 던져요(3%), 빌리보를 밀어요(3%), 후굴자세 해봐요(2%), 후다닥 집어요(2%), 후다닥 붙여요(2%), 소방훈련 해요(2%), 공 받고 던져요(2%), 윗몸 말며 공을 전달해요(2%), 알을 낳아요(2%), 공을 옮겨요(옆)(2%), 끌어요 당겨요(1%), 힘차게 맞춰요(1%), 엉금엉금 기어요(1%), 거북이 스트레칭(1%), 뽁뽁이를 눌러요(1%), 밸런스 보드에 서요(1%), 인사 체조(1%)",국민체력100 운동처방 · 유아기 65개월,,유아기,,
prescription:유아기-65-M-정리운동,prescription,"유아기 65개월 남자 446명에게 처방된 정리운동: 거북이 스트레칭(25%), 흔들어 체조(24%), 후굴자세 해봐요(15%), 알을 낳아요(4%), 줄넘기 해요(2%), 전신 루틴 스트레칭(2%), 꼬리를 떼어요(2%), 점핑점핑해요(2%), 가슴/어깨 스트레칭(1%), 지그재그 달려요(1%), 공 받고 던져요(1%), 인사 체조(1%), 가슴 스트레칭(1%)",국민체력100 운동처방 · 유아기 65개월,,유아기,,
prescription:유아기-65-M-준비운동,prescription,"유아기 65개월 남자 446명에게 처방된 준비운동: 거북이 스트레칭(26%), 흔들어 체조(20%), 후굴자세 해봐요(7%), 밴드를 당겨요(7%), 영차영차 올라요(5%), 점핑점핑해요(3%), 빌리보를 밀어요(2%), 동물처럼 걸어요(1%), 후다닥 집어요(1%), 전신 루틴 스트레칭(1%), 꼬리를 떼어요(1%), 알록달록 공을 옮겨요(1%), 어깨 스트레칭(1%), 공을 옮겨요(옆)(1%), 지그재그 달려요(1%), 윗몸 말며 공을 전달해요(1%), 끌어요 당겨요(1%)",국민체력100 운동처방 · 유아기 65개월,,유아기,,
prescription:유아기-66-F-본운동,prescription,"유아기 66개월 여자 417명에게 처방된 본운동: 점핑점핑해요(6%), 후다닥 붙여요(5%), 지그재그 달려요(5%), 영차영차 올라요(5%), 밴드를 당겨요(5%), 줄넘기 해요(5%), 후다닥 집어요(4%), 힘차게 던져요(4%), 낚시를 해요(4%), 우리 모두 다같이(4%), 꼬리를 떼어요(4%), 알을 낳아요(3%), 동물처럼 걸어요(3%), 윗몸 말며 공을 전달해요(3%), 힘차게 맞춰요(3%), 소방훈련 해요(3%), 알록달록 공을 옮겨요(3%), 빌리보를 밀어요(2%), 조심조심 걸어요(2%), 후굴자세 해봐요(2%), 알록달록 붙여요(2%), 인사 체조(2%), 거북이 스트레칭(1%), 끌어요 당겨요(1%)",국민체력100 운동처방 · 유아기 66개월,,유아기,,
prescription:유아기-66-F-정리운동,prescription,"유아기 66개월 여자 417명에게 처방된 정리운동: 흔들어 체조(27%), 거북이 스트레칭(20%), 후굴자세 해봐요(14%), 줄넘기 해요(4%), 점핑점핑해요(4%), 알을 낳아요(4%), 꼬리를 떼어요(3%), 우리 모두 다같이(2%), 공을 옮겨요(옆)(1%), 공을 옮겨요(앞)(1%)",국민체력100 운동처방 · 유아기 66개월,,유아기,,
prescription:유아기-66-F-준비운동,prescription,"유아기 66개월 여자 417명에게 처방된 준비운동: 거북이 스트레칭(23%), 흔들어 체조(16%), 후굴자세 해봐요(7%), 밴드를 당겨요(6%), 영차영차 올라요(6%), 꼬리를 떼어요(4%), 점핑점핑해요(4%), 줄넘기 해요(3%), 동물처럼 걸어요(2%), 알을 낳아요(2%), 빌리보를 밀어요(2%), 힘차게 맞춰요(2%), 지그재그 달려요(1%), 공을 옮겨요(옆)(1%), 힘차게 던져요(1%)",국민체력100 운동처방 · 유아기 66개월,,유아기,,
prescription:유아기-66-M-본운동,prescription,"유아기 66개월 남자 439명에게 처방된 본운동: 밴드를 당겨요(5%), 영차영차 올라요(5%), 후다닥 붙여요(5%), 점핑점핑해요(5%), 후다닥 집어요(4%), 지그재그 달려요(4%), 낚시를 해요(4%), 알록달록 공을 옮겨요(4%), 동물처럼 걸어요(4%), 꼬리를 떼어요(4%), 줄넘기 해요(3%), 우리 모두 다같이(3%), 힘차게 던져요(3%), 공을 옮겨요(옆)(3%), 알록달록 붙여요(2%), 끌어요 당겨요(2%), 인사 체조(2%), 공을 옮겨요(앞)(2%), 조심조심 걸어요(2%), 빌리보를 밀어요(2%), 엉금엉금 기어요(1%), 소방훈련 해요(1%), 후굴자세 해봐요(1%), 윗몸 말며 공을 전달해요(1%), 분리배출 해요(1%), 뽁뽁이를 눌러요(1%), 공 받고 던져요(1%), 힘차게 맞춰요(1%), 딩딩링을 끼워요(1%), 스텝박스(1%)",국민체력100 운동처방 · 유아기 66개월,,유아기,,
prescription:유아기-66-M-정리운동,prescription,"유아기 66개월 남자 439명에게 처방된 정리운동: 흔들어 체조(25%), 거북이 스트레칭(18%), 후굴자세 해봐요(12%), 알을 낳아요(5%), 점핑점핑해요(4%), 꼬리를 떼어요(4%), 줄넘기 해요(4%), 전신 루틴 스트레칭(2%), 몸통 비틀기(2%), 옆구리 스트레칭(2%), 고관절 스트레칭(2%)",국민체력100 운동처방 · 유아기 66개월,,유아기,,
prescription:유아기-66-M-준비운동,prescription,"유아기 66개월 남자 439명에게 처방된 준비운동: 거북이 스트레칭(28%), 흔들어 체조(17%), 후굴자세 해봐요(7%), 밴드를 당겨요(7%), 영차영차 올라요(4%), 점핑점핑해요(3%), 낚시를 해요(2%), 줄넘기 해요(2%), 꼬리를 떼어요(2%), 동물처럼 걸어요(2%), 알을 낳아요(2%), 빌리보를 밀어요(2%), 상지 루틴 스트레칭(1%), 하지 루틴 스트레칭1(1%)",국민체력100 운동처방 · 유아기 66개월,,유아기,,
prescription:유아기-67-F-본운동,prescription,"유아기 67개월 여자 413명에게 처방된 본운동: 점핑점핑해요(5%), 지그재그 달려요(5%), 밴드를 당겨요(4%), 영차영차 올라요(4%), 줄넘기 해요(4%), 동물처럼 걸어요(4%), 알록달록 공을 옮겨요(4%), 힘차게 던져요(4%), 꼬리를 떼어요(3%), 알록달록 붙여요(3%), 빌리보를 밀어요(3%), 소방훈련 해요(3%), 끌어요 당겨요(3%), 후다닥 집어요(3%), 후다닥 붙여요(3%), 낚시를 해요(2%), 공을 옮겨요(옆)(2%), 우리 모두 다같이(2%), 알을 낳아요(2%), 윗몸 말며 공을 전달해요(2%), 힘차게 맞춰요(2%), 흔들어 체조(2%), 거북이 스트레칭(1%), 엉금엉금 기어요(1%), 인사 체조(1%), 뽁뽁이를 눌러요(1%), 후굴자세 해봐요(1%), 고정식 자전거 타기(1%), 의자 이용 중심 잡기 루틴 운동(1%), 지게발 걸어요(1%)",국민체력100 운동처방 · 유아기 67개월,,유아기,,
prescription:유아기-67-F-정리운동,prescription,"유아기 67개월 여자 413명에게 처방된 정리운동: 흔들어 체조(24%), 거북이 스트레칭(16%), 후굴자세 해봐요(15%), 알을 낳아요(4%), 줄넘기 해요(3%), 점핑점핑해요(3%), 꼬리를 떼어요(3%), 종아리 스트레칭(2%), 하지 루틴 스트레칭1(1%), 엉덩이 스트레칭(1%), 대퇴사두근 스트레칭(1%), 고정식 자전거 타기(1%), 엉덩이 스트레칭2(1%), 내전근 스트레칭(1%), 몸통 비틀기(1%), 엉금엉금 기어요(1%), 딩딩링을 끼워요(1%), 윗몸 말며 공을 전달해요(1%)",국민체력100 운동처방 · 유아기 67개월,,유아기,,
prescription:유아기-67-F-준비운동,prescription,"유아기 67개월 여자 413명에게 처방된 준비운동: 거북이 스트레칭(24%), 흔들어 체조(16%), 후굴자세 해봐요(5%), 밴드를 당겨요(5%), 점핑점핑해요(4%), 영차영차 올라요(3%), 꼬리를 떼어요(3%), 동물처럼 걸어요(2%), 후다닥 붙여요(2%), 낚시를 해요(2%), 알록달록 공을 옮겨요(2%), 알록달록 붙여요(2%), 어깨 스트레칭(2%), 후다닥 집어요(2%), 빌리보를 밀어요(2%), 줄넘기 해요(1%), 힘차게 던져요(1%), 힘차게 맞춰요(1%), 공을 옮겨요(옆)(1%), 등 대고 대퇴이두근 스트레칭(1%), 공을 옮겨요(앞)(1%)",국민체력100 운동처방 · 유아기 67개월,,유아기,,
prescription:유아기-67-M-본운동,prescription,"유아기 67개월 남자 443명에게 처방된 본운동: 밴드를 당겨요(5%), 힘차게 던져요(5%), 점핑점핑해요(5%), 후다닥 붙여요(5%), 줄넘기 해요(4%), 영차영차 올라요(4%), 꼬리를 떼어요(4%), 지그재그 달려요(4%), 알록달록 공을 옮겨요(4%), 알록달록 붙여요(3%), 동물처럼 걸어요(3%), 후다닥 집어요(3%), 낚시를 해요(3%), 빌리보를 밀어요(3%), 엉금엉금 기어요(2%), 끌어요 당겨요(2%), 인사 체조(2%), 우리 모두 다같이(2%), 힘차게 맞춰요(2%), 알을 낳아요(2%), 공 받고 던져요(2%), 거북이 스트레칭(2%), 공을 옮겨요(옆)(2%), 윗몸 말며 공을 전달해요(2%), 후굴자세 해봐요(2%), 소방훈련 해요(1%), 조심조심 걸어요(1%), 딩딩링을 끼워요(1%), 공을 옮겨요(앞)(1%)",국민체력100 운동처방 · 유아기 67개월,,유아기,,
prescription:유아기-67-M-정리운동,prescription,"유아기 67개월 남자 443명에게 처방된 정리운동: 흔들어 체조(25%), 거북이 스트레칭(22%), 후굴자세 해봐요(13%), 점핑점핑해요(4%), 알을 낳아요(3%), 줄넘기 해요(3%), 꼬리를 떼어요(3%), 하지 루틴 스트레칭2(2%), 엉덩이 스트레칭(2%), 하지 루틴 스트레칭1(2%), 상지 루틴 스트레칭(2%), 영차영차 올라요(1%)",국민체력100 운동처방 · 유아기 67개월,,유아기,,
prescription:유아기-67-M-준비운동,prescription,"유아기 67개월 남자 443명에게 처방된 준비운동: 거북이 스트레칭(22%), 흔들어 체조(15%), 후굴자세 해봐요(6%), 밴드를 당겨요(5%), 꼬리를 떼어요(4%), 영차영차 올라요(4%), 점핑점핑해요(3%), 줄넘기 해요(2%), 낚시를 해요(2%), 알을 낳아요(2%), 유산소 운동 전 동적 루틴 스트레칭(1%), 후다닥 집어요(1%), 지그재그 달려요(1%), 고관절 스트레칭(1%), 대퇴이두근 스트레칭(1%), 후다닥 붙여요(1%), 힘차게 던져요(1%), 동물처럼 걸어요(1%), 빌리보를 밀어요(1%), 윗몸 말며 공을 전달해요(1%), 공 받고 던져요(1%), 대퇴사두근 스트레칭(1%), 공을 옮겨요(옆)(1%)",국민체력100 운동처방 · 유아기 67개월,,유아기,,
prescription:유아기-68-F-본운동,prescription,"유아기 68개월 여자 423명에게 처방된 본운동: 밴드를 당겨요(6%), 빌리보를 밀어요(6%), 영차영차 올라요(5%), 점핑점핑해요(5%), 후다닥 붙여요(5%), 동물처럼 걸어요(5%), 지그재그 달려요(4%), 꼬리를 떼어요(4%), 힘차게 던져요(4%), 알록달록 공을 옮겨요(3%), 공을 옮겨요(옆)(3%), 줄넘기 해요(3%), 낚시를 해요(3%), 알록달록 붙여요(2%), 윗몸 말며 공을 전달해요(2%), 소방훈련 해요(2%), 후다닥 집어요(2%), 힘차게 맞춰요(2%), 알을 낳아요(2%), 우리 모두 다같이(2%), 끌어요 당겨요(1%), 인사 체조(1%), 후굴자세 해봐요(1%), 분리배출 해요(1%), 조심조심 걸어요(1%), 거북이 스트레칭(1%), 엉금엉금 기어요(1%), 공 받고 던져요(1%)",국민체력100 운동처방 · 유아기 68개월,,유아기,,
prescription:유아기-68-F-정리운동,prescription,"유아기 68개월 여자 423명에게 처방된 정리운동: 흔들어 체조(24%), 거북이 스트레칭(23%), 후굴자세 해봐요(17%), 알을 낳아요(3%), 꼬리를 떼어요(3%), 점핑점핑해요(3%), 줄넘기 해요(3%), 대퇴사두근 스트레칭(2%), 몸통 비틀기(1%), 종아리 스트레칭(1%), 옆구리 스트레칭(1%)",국민체력100 운동처방 · 유아기 68개월,,유아기,,
prescription:유아기-68-F-준비운동,prescription,"유아기 68개월 여자 423명에게 처방된 준비운동: 거북이 스트레칭(24%), 흔들어 체조(21%), 후굴자세 해봐요(9%), 밴드를 당겨요(4%), 점핑점핑해요(4%), 영차영차 올라요(3%), 어깨 스트레칭(2%), 꼬리를 떼어요(2%), 줄넘기 해요(2%), 낚시를 해요(2%), 공을 옮겨요(옆)(2%), 몸통 비틀기(2%), 공을 옮겨요(앞)(1%), 동물처럼 걸어요(1%)",국민체력100 운동처방 · 유아기 68개월,,유아기,,
prescription:유아기-68-M-본운동,prescription,"유아기 68개월 남자 438명에게 처방된 본운동: 점핑점핑해요(6%), 영차영차 올라요(6%), 줄넘기 해요(6%), 밴드를 당겨요(5%), 알록달록 공을 옮겨요(5%), 동물처럼 걸어요(4%), 꼬리를 떼어요(3%), 공을 옮겨요(옆)(3%), 낚시를 해요(3%), 지그재그 달려요(3%), 윗몸 말며 공을 전달해요(3%), 빌리보를 밀어요(3%), 우리 모두 다같이(2%), 후굴자세 해봐요(2%), 후다닥 붙여요(2%), 끌어요 당겨요(2%), 알록달록 붙여요(2%), 후다닥 집어요(2%), 소방훈련 해요(2%), 공을 옮겨요(앞)(2%), 힘차게 던져요(2%), 인사 체조(2%), 힘차게 맞춰요(1%), 거북이 스트레칭(1%), 스텝박스(1%), 딩딩링을 끼워요(1%), 엉금엉금 기어요(1%), 고정식 트레드밀에서 걷기(1%), 알을 낳아요(1%), 고정식 자전거 타기(1%)",국민체력100 운동처방 · 유아기 68개월,,유아기,,
prescription:유아기-68-M-정리운동,prescription,"유아기 68개월 남자 438명에게 처방된 정리운동: 흔들어 체조(25%), 거북이 스트레칭(21%), 후굴자세 해봐요(13%), 알을 낳아요(2%), 꼬리를 떼어요(2%), 엉덩이 스트레칭(2%), 점핑점핑해요(2%), 줄넘기 해요(2%), 우리 모두 다같이(2%), 골반 스트레칭(2%), 고관절 스트레칭(1%), 낚시를 해요(1%), 가슴/어깨 스트레칭(1%), 회전근개 스트레칭(1%), 물속에서 걷기(1%), 인사 체조(1%), 대퇴이두근 스트레칭2(1%)",국민체력100 운동처방 · 유아기 68개월,,유아기,,
prescription:유아기-68-M-준비운동,prescription,"유아기 68개월 남자 438명에게 처방된 준비운동: 거북이 스트레칭(23%), 흔들어 체조(16%), 밴드를 당겨요(7%), 영차영차 올라요(5%), 점핑점핑해요(4%), 후굴자세 해봐요(4%), 꼬리를 떼어요(3%), 줄넘기 해요(3%), 낚시를 해요(2%), 동물처럼 걸어요(2%), 빌리보를 밀어요(1%), 목 스트레칭(1%), 지그재그 달려요(1%), 알을 낳아요(1%), 등/어깨 뒤쪽 스트레칭(1%), 몸통 비틀기(1%), 고정식 자전거 타기(1%), 알록달록 공을 옮겨요(1%), 엉금엉금 기어요(1%), 유산소 운동 전 동적 루틴 스트레칭(1%), 알록달록 붙여요(1%)",국민체력100 운동처방 · 유아기 68개월,,유아기,,
prescription:유아기-69-F-본운동,prescription,"유아기 69개월 여자 474명에게 처방된 본운동: 밴드를 당겨요(6%), 점핑점핑해요(6%), 지그재그 달려요(5%), 줄넘기 해요(5%), 영차영차 올라요(5%), 빌리보를 밀어요(4%), 후다닥 붙여요(4%), 동물처럼 걸어요(4%), 낚시를 해요(4%), 알록달록 공을 옮겨요(4%), 꼬리를 떼어요(4%), 후다닥 집어요(3%), 힘차게 던져요(3%), 알을 낳아요(3%), 알록달록 붙여요(3%), 조심조심 걸어요(3%), 엉금엉금 기어요(2%), 우리 모두 다같이(2%), 인사 체조(2%), 거북이 스트레칭(2%), 공을 옮겨요(옆)(2%), 후굴자세 해봐요(2%), 공 받고 던져요(1%), 힘차게 맞춰요(1%), 끌어요 당겨요(1%), 소방훈련 해요(1%)",국민체력100 운동처방 · 유아기 69개월,,유아기,,
prescription:유아기-69-F-정리운동,prescription,"유아기 69개월 여자 474명에게 처방된 정리운동: 흔들어 체조(30%), 거북이 스트레칭(22%), 후굴자세 해봐요(15%), 알을 낳아요(3%), 점핑점핑해요(3%), 줄넘기 해요(3%), 꼬리를 떼어요(3%), 엉덩이 스트레칭(1%), 대퇴사두근 스트레칭(1%)",국민체력100 운동처방 · 유아기 69개월,,유아기,,
prescription:유아기-69-F-준비운동,prescription,"유아기 69개월 여자 474명에게 처방된 준비운동: 거북이 스트레칭(29%), 흔들어 체조(17%), 밴드를 당겨요(6%), 후굴자세 해봐요(5%), 영차영차 올라요(5%), 점핑점핑해요(2%), 공을 옮겨요(옆)(2%), 낚시를 해요(2%), 알록달록 붙여요(2%), 동물처럼 걸어요(2%), 어깨 스트레칭(1%), 알록달록 공을 옮겨요(1%), 몸통 비틀기(1%), 등 대고 대퇴이두근 스트레칭(1%), 공 받고 던져요(1%), 공을 옮겨요(앞)(1%), 후다닥 집어요(1%)",국민체력100 운동처방 · 유아기 69개월,,유아기,,
prescription:유아기-69-M-본운동,prescription,"유아기 69개월 남자 458명에게 처방된 본운동: 밴드를 당겨요(5%), 힘차게 던져요(5%), 영차영차 올라요(5%), 지그재그 달려요(5%), 점핑점핑해요(5%), 알록달록 공을 옮겨요(4%), 알록달록 붙여요(4%), 낚시를 해요(4%), 후다닥 붙여요(4%), 꼬리를 떼어요(4%), 줄넘기 해요(4%), 동물처럼 걸어요(3%), 후다닥 집어요(3%), 공을 옮겨요(옆)(3%), 빌리보를 밀어요(2%), 후굴자세 해봐요(2%), 힘차게 맞춰요(2%), 우리 모두 다같이(2%), 끌어요 당겨요(2%), 윗몸 말며 공을 전달해요(2%), 엉금엉금 기어요(2%), 딩딩링을 끼워요(2%), 소방훈련 해요(1%), 인사 체조(1%), 거북이 스트레칭(1%), 알을 낳아요(1%), 지게발 걸어요(1%), 공을 옮겨요(앞)(1%), 밸런스 볼에 서요(1%)",국민체력100 운동처방 · 유아기 69개월,,유아기,,
prescription:유아기-69-M-정리운동,prescription,"유아기 69개월 남자 458명에게 처방된 정리운동: 흔들어 체조(28%), 거북이 스트레칭(20%), 후굴자세 해봐요(15%), 점핑점핑해요(3%), 알을 낳아요(2%), 꼬리를 떼어요(2%), 줄넘기 해요(2%), 엉덩이 스트레칭(2%), 하지 루틴 스트레칭2(1%), 허리 스트레칭(1%), 배스트레칭(1%), 넙다리 뒤쪽 스트레칭(1%), 낚시를 해요(1%), 대퇴이두근 스트레칭(1%)",국민체력100 운동처방 · 유아기 69개월,,유아기,,
prescription:유아기-69-M-준비운동,prescription,"유아기 69개월 남자 458명에게 처방된 준비운동: 거북이 스트레칭(25%), 흔들어 체조(16%), 후굴자세 해봐요(7%), 영차영차 올라요(6%), 밴드를 당겨요(5%), 낚시를 해요(3%), 점핑점핑해요(3%), 빌리보를 밀어요(3%), 꼬리를 떼어요(2%), 줄넘기 해요(2%), 등/어깨 뒤쪽 스트레칭(1%), 동물처럼 걸어요(1%), 공을 옮겨요(앞)(1%), 스텝박스(1%), 후다닥 붙여요(1%), 알록달록 공을 옮겨요(1%), 등 대고 대퇴이두근 스트레칭(1%), 딩딩링을 끼워요(1%)",국민체력100 운동처방 · 유아기 69개월,,유아기,,
prescription:유아기-70-F-본운동,prescription,"유아기 70개월 여자 434명에게 처방된 본운동: 밴드를 당겨요(8%), 영차영차 올라요(6%), 점핑점핑해요(5%), 줄넘기 해요(5%), 동물처럼 걸어요(5%), 우리 모두 다같이(4%), 후다닥 집어요(4%), 끌어요 당겨요(3%), 인사 체조(3%), 윗몸 말며 공을 전달해요(3%), 지그재그 달려요(3%), 후다닥 붙여요(3%), 꼬리를 떼어요(3%), 빌리보를 밀어요(3%), 소방훈련 해요(2%), 알록달록 공을 옮겨요(2%), 딩딩링을 끼워요(2%), 힘차게 던져요(2%), 엉금엉금 기어요(2%), 후굴자세 해봐요(2%), 알을 낳아요(2%), 공 받고 던져요(2%), 낚시를 해요(1%), 알록달록 붙여요(1%), 공을 옮겨요(옆)(1%), 뽁뽁이를 눌러요(1%), 힘차게 맞춰요(1%), 조심조심 걸어요(1%)",국민체력100 운동처방 · 유아기 70개월,,유아기,,
prescription:유아기-70-F-정리운동,prescription,"유아기 70개월 여자 434명에게 처방된 정리운동: 흔들어 체조(21%), 거북이 스트레칭(17%), 후굴자세 해봐요(16%), 점핑점핑해요(6%), 줄넘기 해요(6%), 꼬리를 떼어요(6%), 알을 낳아요(5%), 대퇴사두근 스트레칭(2%), 전신 루틴 스트레칭(2%)",국민체력100 운동처방 · 유아기 70개월,,유아기,,
prescription:유아기-70-F-준비운동,prescription,"유아기 70개월 여자 434명에게 처방된 준비운동: 거북이 스트레칭(25%), 흔들어 체조(20%), 밴드를 당겨요(8%), 후굴자세 해봐요(5%), 영차영차 올라요(4%), 낚시를 해요(3%), 점핑점핑해요(2%), 동물처럼 걸어요(2%), 빌리보를 밀어요(2%), 꼬리를 떼어요(2%), 엉금엉금 기어요(1%), 목 스트레칭(1%), 끌어요 당겨요(1%), 지그재그 달려요(1%), 알록달록 공을 옮겨요(1%), 등/어깨 뒤쪽 스트레칭(1%), 어깨 스트레칭(1%)",국민체력100 운동처방 · 유아기 70개월,,유아기,,
prescription:유아기-70-M-본운동,prescription,"유아기 70개월 남자 445명에게 처방된 본운동: 밴드를 당겨요(6%), 영차영차 올라요(5%), 동물처럼 걸어요(4%), 점핑점핑해요(4%), 후다닥 붙여요(4%), 공을 옮겨요(옆)(4%), 줄넘기 해요(4%), 꼬리를 떼어요(4%), 알록달록 공을 옮겨요(4%), 빌리보를 밀어요(3%), 알록달록 붙여요(3%), 지그재그 달려요(3%), 낚시를 해요(3%), 소방훈련 해요(3%), 힘차게 던져요(3%), 우리 모두 다같이(3%), 공 받고 던져요(3%), 후다닥 집어요(3%), 공을 옮겨요(앞)(2%), 끌어요 당겨요(2%), 알을 낳아요(2%), 후굴자세 해봐요(2%), 힘차게 맞춰요(2%), 윗몸 말며 공을 전달해요(2%), 엉금엉금 기어요(1%), 밸런스 볼에 서요(1%), 인사 체조(1%), 딩딩링을 끼워요(1%)",국민체력100 운동처방 · 유아기 70개월,,유아기,,
prescription:유아기-70-M-정리운동,prescription,"유아기 70개월 남자 445명에게 처방된 정리운동: 거북이 스트레칭(23%), 흔들어 체조(19%), 후굴자세 해봐요(15%), 알을 낳아요(5%), 점핑점핑해요(3%), 꼬리를 떼어요(2%), 줄넘기 해요(2%), 고정식 자전거 타기(2%), 엉덩이 스트레칭(2%), 대퇴사두근 스트레칭(2%), 등 대고 대퇴이두근 스트레칭(1%), 고관절 스트레칭(1%), 고정식 트레드밀에서 걷기(1%), 스텝박스(1%)",국민체력100 운동처방 · 유아기 70개월,,유아기,,
prescription:유아기-70-M-준비운동,prescription,"유아기 70개월 남자 445명에게 처방된 준비운동: 거북이 스트레칭(23%), 흔들어 체조(17%), 영차영차 올라요(4%), 밴드를 당겨요(4%), 꼬리를 떼어요(4%), 후굴자세 해봐요(4%), 점핑점핑해요(3%), 줄넘기 해요(3%), 동물처럼 걸어요(2%), 낚시를 해요(2%), 후다닥 집어요(2%), 후다닥 붙여요(2%), 공을 옮겨요(앞)(2%), 등/어깨 뒤쪽 스트레칭(2%), 공을 옮겨요(옆)(1%), 빌리보를 밀어요(1%), 내전근 스트레칭(1%), 알록달록 붙여요(1%), 힘차게 던져요(1%), 알록달록 공을 옮겨요(1%), 알을 낳아요(1%)",국민체력100 운동처방 · 유아기 70개월,,유아기,,
prescription:유아기-71-F-본운동,prescription,"유아기 71개월 여자 451명에게 처방된 본운동: 지그재그 달려요(4%), 힘차게 던져요(4%), 밴드를 당겨요(4%), 후다닥 붙여요(4%), 점핑점핑해요(4%), 영차영차 올라요(4%), 우리 모두 다같이(4%), 동물처럼 걸어요(4%), 끌어요 당겨요(3%), 줄넘기 해요(3%), 꼬리를 떼어요(3%), 힘차게 맞춰요(3%), 빌리보를 밀어요(3%), 윗몸 말며 공을 전달해요(2%), 후다닥 집어요(2%), 엉금엉금 기어요(2%), 후굴자세 해봐요(2%), 딩딩링을 끼워요(2%), 분리배출 해요(2%), 알록달록 공을 옮겨요(2%), 소방훈련 해요(2%), 알록달록 붙여요(2%), 알을 낳아요(2%), 지게발 걸어요(2%), 인사 체조(2%), 밸런스 보드에 서요(2%), 낚시를 해요(2%), 공을 옮겨요(옆)(2%), 공 받고 던져요(1%), 거북이 스트레칭(1%)",국민체력100 운동처방 · 유아기 71개월,,유아기,,
prescription:유아기-71-F-정리운동,prescription,"유아기 71개월 여자 451명에게 처방된 정리운동: 흔들어 체조(17%), 거북이 스트레칭(14%), 후굴자세 해봐요(13%), 조심조심 걸어요(4%), 밸런스 볼에 서요(4%), 밸런스 보드에 서요(4%), 지게발 걸어요(4%), 알을 낳아요(2%), 점핑점핑해요(2%), 딩딩링을 끼워요(2%), 윗몸 말며 공을 전달해요(2%), 인사 체조(2%), 옆구리 스트레칭(2%), 우리 모두 다같이(2%), 몸 앞으로 굽히기(2%), 꼬리를 떼어요(2%), 줄넘기 해요(2%), 엉덩이 스트레칭2(1%)",국민체력100 운동처방 · 유아기 71개월,,유아기,,
prescription:유아기-71-F-준비운동,prescription,"유아기 71개월 여자 451명에게 처방된 준비운동: 거북이 스트레칭(18%), 흔들어 체조(13%), 밴드를 당겨요(8%), 후굴자세 해봐요(8%), 꼬리를 떼어요(6%), 줄넘기 해요(5%), 영차영차 올라요(4%), 점핑점핑해요(3%), 빌리보를 밀어요(3%), 알을 낳아요(2%), 동물처럼 걸어요(2%), 공을 옮겨요(옆)(2%), 몸통 비틀기(2%), 낚시를 해요(1%), 고관절 스트레칭(1%), 어깨 스트레칭(1%), 등/어깨 뒤쪽 스트레칭(1%), 공을 옮겨요(앞)(1%)",국민체력100 운동처방 · 유아기 71개월,,유아기,,
prescription:유아기-71-M-본운동,prescription,"유아기 71개월 남자 485명에게 처방된 본운동: 점핑점핑해요(6%), 밴드를 당겨요(6%), 영차영차 올라요(6%), 꼬리를 떼어요(5%), 지그재그 달려요(5%), 힘차게 던져요(5%), 빌리보를 밀어요(4%), 줄넘기 해요(4%), 동물처럼 걸어요(4%), 윗몸 말며 공을 전달해요(4%), 우리 모두 다같이(3%), 낚시를 해요(3%), 힘차게 맞춰요(2%), 후굴자세 해봐요(2%), 후다닥 붙여요(2%), 후다닥 집어요(2%), 끌어요 당겨요(2%), 알을 낳아요(2%), 알록달록 공을 옮겨요(2%), 분리배출 해요(2%), 엉금엉금 기어요(2%), 공을 옮겨요(옆)(2%), 공 받고 던져요(2%), 알록달록 붙여요(2%), 거북이 스트레칭(1%), 소방훈련 해요(1%)",국민체력100 운동처방 · 유아기 71개월,,유아기,,
prescription:유아기-71-M-정리운동,prescription,"유아기 71개월 남자 485명에게 처방된 정리운동: 흔들어 체조(27%), 거북이 스트레칭(20%), 후굴자세 해봐요(14%), 알을 낳아요(4%), 점핑점핑해요(3%), 꼬리를 떼어요(3%), 줄넘기 해요(3%), 우리 모두 다같이(2%), 끌어요 당겨요(2%), 인사 체조(2%), 전신 루틴 스트레칭(1%)",국민체력100 운동처방 · 유아기 71개월,,유아기,,
prescription:유아기-71-M-준비운동,prescription,"유아기 71개월 남자 485명에게 처방된 준비운동: 거북이 스트레칭(28%), 흔들어 체조(16%), 밴드를 당겨요(8%), 후굴자세 해봐요(5%), 영차영차 올라요(5%), 빌리보를 밀어요(3%), 동물처럼 걸어요(3%), 공을 옮겨요(옆)(2%), 점핑점핑해요(2%), 꼬리를 떼어요(2%), 공을 옮겨요(앞)(2%), 알록달록 공을 옮겨요(2%), 공 받고 던져요(1%), 낚시를 해요(1%), 알록달록 붙여요(1%), 다리 모아 상체 숙이기(1%)",국민체력100 운동처방 · 유아기 71개월,,유아기,,
prescription:유아기-72-F-본운동,prescription,"유아기 72개월 여자 442명에게 처방된 본운동: 점핑점핑해요(8%), 영차영차 올라요(6%), 줄넘기 해요(6%), 밴드를 당겨요(6%), 꼬리를 떼어요(4%), 후다닥 붙여요(4%), 지그재그 달려요(4%), 동물처럼 걸어요(4%), 끌어요 당겨요(3%), 윗몸 말며 공을 전달해요(3%), 힘차게 던져요(3%), 낚시를 해요(3%), 빌리보를 밀어요(2%), 후다닥 집어요(2%), 알을 낳아요(2%), 알록달록 공을 옮겨요(2%), 거북이 스트레칭(2%), 엉금엉금 기어요(2%), 공을 옮겨요(옆)(2%), 후굴자세 해봐요(2%), 우리 모두 다같이(2%), 알록달록 붙여요(2%), 인사 체조(2%), 소방훈련 해요(2%), 공 받고 던져요(1%), 뽁뽁이를 눌러요(1%), 분리배출 해요(1%)",국민체력100 운동처방 · 유아기 72개월,,유아기,,
prescription:유아기-72-F-정리운동,prescription,"유아기 72개월 여자 442명에게 처방된 정리운동: 흔들어 체조(24%), 거북이 스트레칭(18%), 후굴자세 해봐요(10%), 알을 낳아요(3%), 점핑점핑해요(3%), 꼬리를 떼어요(2%), 밴드를 당겨요(2%), 우리 모두 다같이(2%), 엉금엉금 기어요(2%), 줄넘기 해요(2%), 뽁뽁이를 눌러요(2%), 영차영차 올라요(2%), 소방훈련 해요(1%), 대퇴사두근 스트레칭(1%), 빌리보를 밀어요(1%), 물속에서 걷기(1%), 힘차게 던져요(1%), 분리배출 해요(1%), 힘차게 맞춰요(1%)",국민체력100 운동처방 · 유아기 72개월,,유아기,,
prescription:유아기-72-F-준비운동,prescription,"유아기 72개월 여자 442명에게 처방된 준비운동: 거북이 스트레칭(26%), 흔들어 체조(19%), 밴드를 당겨요(8%), 후굴자세 해봐요(8%), 영차영차 올라요(4%), 꼬리를 떼어요(2%), 줄넘기 해요(2%), 점핑점핑해요(2%), 공을 옮겨요(앞)(2%), 몸통 비틀기(1%), 인사 체조(1%), 알을 낳아요(1%), 마주 앉아 대퇴이두근 스트레칭(1%), 빌리보를 밀어요(1%), 고관절 스트레칭(1%), 공을 옮겨요(옆)(1%)",국민체력100 운동처방 · 유아기 72개월,,유아기,,
prescription:유아기-72-M-본운동,prescription,"유아기 72개월 남자 500명에게 처방된 본운동: 밴드를 당겨요(6%), 점핑점핑해요(5%), 꼬리를 떼어요(5%), 영차영차 올라요(5%), 동물처럼 걸어요(4%), 지그재그 달려요(4%), 줄넘기 해요(4%), 힘차게 던져요(3%), 공을 옮겨요(옆)(3%), 후다닥 붙여요(3%), 공 받고 던져요(3%), 윗몸 말며 공을 전달해요(3%), 공을 옮겨요(앞)(3%), 알록달록 공을 옮겨요(3%), 알록달록 붙여요(3%), 낚시를 해요(3%), 우리 모두 다같이(2%), 후다닥 집어요(2%), 빌리보를 밀어요(2%), 끌어요 당겨요(2%), 힘차게 맞춰요(2%), 후굴자세 해봐요(2%), 엉금엉금 기어요(2%), 딩딩링을 끼워요(2%), 소방훈련 해요(2%), 분리배출 해요(2%), 알을 낳아요(1%), 거북이 스트레칭(1%)",국민체력100 운동처방 · 유아기 72개월,,유아기,,
prescription:유아기-72-M-정리운동,prescription,"유아기 72개월 남자 500명에게 처방된 정리운동: 흔들어 체조(27%), 거북이 스트레칭(13%), 후굴자세 해봐요(12%), 줄넘기 해요(5%), 알을 낳아요(5%), 꼬리를 떼어요(5%), 점핑점핑해요(4%), 하지 루틴 스트레칭1(2%), 하지 루틴 스트레칭2(2%), 상지 루틴 스트레칭(2%), 지그재그 달려요(1%), 후다닥 붙여요(1%), 힘차게 던져요(1%)",국민체력100 운동처방 · 유아기 72개월,,유아기,,
prescription:유아기-72-M-준비운동,prescription,"유아기 72개월 남자 500명에게 처방된 준비운동: 거북이 스트레칭(25%), 흔들어 체조(13%), 밴드를 당겨요(7%), 후굴자세 해봐요(7%), 영차영차 올라요(5%), 꼬리를 떼어요(3%), 낚시를 해요(3%), 점핑점핑해요(2%), 줄넘기 해요(2%), 동물처럼 걸어요(2%), 공을 옮겨요(옆)(2%), 빌리보를 밀어요(2%), 공을 옮겨요(앞)(1%), 알록달록 붙여요(1%), 힘차게 던져요(1%), 알을 낳아요(1%), 알록달록 공을 옮겨요(1%), 엉금엉금 기어요(1%), 공 받고 던져요(1%), 활 자세(1%)",국민체력100 운동처방 · 유아기 72개월,,유아기,,
prescription:유아기-73-F-본운동,prescription,"유아기 73개월 여자 484명에게 처방된 본운동: 밴드를 당겨요(8%), 점핑점핑해요(6%), 동물처럼 걸어요(5%), 영차영차 올라요(5%), 빌리보를 밀어요(5%), 지그재그 달려요(5%), 후다닥 붙여요(5%), 줄넘기 해요(4%), 꼬리를 떼어요(4%), 후다닥 집어요(4%), 힘차게 던져요(3%), 알을 낳아요(3%), 후굴자세 해봐요(3%), 알록달록 공을 옮겨요(3%), 윗몸 말며 공을 전달해요(2%), 끌어요 당겨요(2%), 낚시를 해요(2%), 우리 모두 다같이(2%), 힘차게 맞춰요(2%), 알록달록 붙여요(2%), 딩딩링을 끼워요(2%), 조심조심 걸어요(2%), 인사 체조(1%), 엉금엉금 기어요(1%)",국민체력100 운동처방 · 유아기 73개월,,유아기,,
prescription:유아기-73-F-정리운동,prescription,"유아기 73개월 여자 484명에게 처방된 정리운동: 흔들어 체조(28%), 거북이 스트레칭(19%), 후굴자세 해봐요(16%), 알을 낳아요(4%), 꼬리를 떼어요(3%), 줄넘기 해요(3%), 점핑점핑해요(3%), 지그재그 달려요(2%), 엉덩이 스트레칭(2%), 정적 스트레칭  루틴프로그램(1%)",국민체력100 운동처방 · 유아기 73개월,,유아기,,
prescription:유아기-73-F-준비운동,prescription,"유아기 73개월 여자 484명에게 처방된 준비운동: 거북이 스트레칭(23%), 흔들어 체조(15%), 밴드를 당겨요(7%), 영차영차 올라요(5%), 후굴자세 해봐요(4%), 꼬리를 떼어요(2%), 후다닥 붙여요(2%), 동물처럼 걸어요(2%), 후다닥 집어요(2%), 낚시를 해요(2%), 공을 옮겨요(앞)(2%), 점핑점핑해요(2%), 공을 옮겨요(옆)(2%), 빌리보를 밀어요(2%), 줄넘기 해요(1%), 알록달록 공을 옮겨요(1%), 공 받고 던져요(1%), 힘차게 던져요(1%), 지그재그 달려요(1%), 전신 루틴 스트레칭(1%)",국민체력100 운동처방 · 유아기 73개월,,유아기,,
prescription:유아기-73-M-본운동,prescription,"유아기 73개월 남자 485명에게 처방된 본운동: 영차영차 올라요(6%), 점핑점핑해요(6%), 밴드를 당겨요(5%), 빌리보를 밀어요(5%), 동물처럼 걸어요(5%), 알록달록 공을 옮겨요(4%), 줄넘기 해요(4%), 꼬리를 떼어요(4%), 힘차게 던져요(4%), 우리 모두 다같이(3%), 낚시를 해요(3%), 지그재그 달려요(3%), 소방훈련 해요(3%), 후다닥 붙여요(3%), 후굴자세 해봐요(3%), 공을 옮겨요(옆)(2%), 윗몸 말며 공을 전달해요(2%), 알록달록 붙여요(2%), 인사 체조(2%), 힘차게 맞춰요(2%), 끌어요 당겨요(2%), 조심조심 걸어요(2%), 후다닥 집어요(2%), 공 받고 던져요(2%), 공을 옮겨요(앞)(2%)",국민체력100 운동처방 · 유아기 73개월,,유아기,,
prescription:유아기-73-M-정리운동,prescription,"유아기 73개월 남자 485명에게 처방된 정리운동: 흔들어 체조(22%), 거북이 스트레칭(22%), 후굴자세 해봐요(11%), 꼬리를 떼어요(5%), 알을 낳아요(5%), 점핑점핑해요(5%), 줄넘기 해요(5%), 우리 모두 다같이(1%), 하지 루틴 스트레칭2(1%), 대퇴이두근 스트레칭(1%), 종아리 스트레칭(1%), 가슴 스트레칭(1%)",국민체력100 운동처방 · 유아기 73개월,,유아기,,
prescription:유아기-73-M-준비운동,prescription,"유아기 73개월 남자 485명에게 처방된 준비운동: 거북이 스트레칭(25%), 흔들어 체조(18%), 후굴자세 해봐요(6%), 영차영차 올라요(5%), 밴드를 당겨요(5%), 후다닥 붙여요(3%), 동물처럼 걸어요(2%), 공을 옮겨요(앞)(2%), 점핑점핑해요(2%), 알록달록 붙여요(2%), 공을 옮겨요(옆)(2%), 알록달록 공을 옮겨요(2%), 빌리보를 밀어요(2%), 낚시를 해요(2%), 조심조심 걸어요(1%), 전신 루틴 스트레칭(1%)",국민체력100 운동처방 · 유아기 73개월,,유아기,,
prescription:유아기-74-F-본운동,prescription,"유아기 74개월 여자 458명에게 처방된 본운동: 영차영차 올라요(6%), 점핑점핑해요(6%), 밴드를 당겨요(5%), 줄넘기 해요(5%), 꼬리를 떼어요(5%), 빌리보를 밀어요(4%), 후다닥 붙여요(4%), 동물처럼 걸어요(4%), 지그재그 달려요(4%), 후다닥 집어요(4%), 알록달록 붙여요(3%), 힘차게 던져요(3%), 윗몸 말며 공을 전달해요(3%), 공을 옮겨요(옆)(3%), 후굴자세 해봐요(3%), 알을 낳아요(2%), 낚시를 해요(2%), 알록달록 공을 옮겨요(2%), 소방훈련 해요(2%), 우리 모두 다같이(2%), 끌어요 당겨요(2%), 인사 체조(2%), 조심조심 걸어요(2%), 힘차게 맞춰요(2%), 공 받고 던져요(2%)",국민체력100 운동처방 · 유아기 74개월,,유아기,,
prescription:유아기-74-F-정리운동,prescription,"유아기 74개월 여자 458명에게 처방된 정리운동: 흔들어 체조(23%), 거북이 스트레칭(21%), 후굴자세 해봐요(10%), 알을 낳아요(4%), 알록달록 공을 옮겨요(3%), 낚시를 해요(3%), 동물처럼 걸어요(3%), 딩딩링을 끼워요(2%), 윗몸 말며 공을 전달해요(2%), 엉금엉금 기어요(2%), 엉덩이 스트레칭(2%), 밸런스 볼에 서요(1%), 몸통 비틀기(1%), 꼬리를 떼어요(1%), 점핑점핑해요(1%), 줄넘기 해요(1%), 대퇴사두근 스트레칭(1%)",국민체력100 운동처방 · 유아기 74개월,,유아기,,
prescription:유아기-74-F-준비운동,prescription,"유아기 74개월 여자 458명에게 처방된 준비운동: 거북이 스트레칭(23%), 흔들어 체조(16%), 밴드를 당겨요(7%), 영차영차 올라요(6%), 후굴자세 해봐요(5%), 꼬리를 떼어요(4%), 점핑점핑해요(4%), 동물처럼 걸어요(3%), 빌리보를 밀어요(3%), 줄넘기 해요(2%), 공을 옮겨요(앞)(2%), 윗몸 말며 공을 전달해요(1%), 알록달록 붙여요(1%), 알을 낳아요(1%), 고관절 스트레칭(1%), 후다닥 집어요(1%), 딩딩링을 끼워요(1%)",국민체력100 운동처방 · 유아기 74개월,,유아기,,
prescription:유아기-74-M-본운동,prescription,"유아기 74개월 남자 510명에게 처방된 본운동: 밴드를 당겨요(7%), 영차영차 올라요(6%), 후다닥 붙여요(4%), 점핑점핑해요(4%), 동물처럼 걸어요(4%), 꼬리를 떼어요(4%), 줄넘기 해요(4%), 알록달록 공을 옮겨요(4%), 힘차게 던져요(3%), 지그재그 달려요(3%), 우리 모두 다같이(3%), 윗몸 말며 공을 전달해요(3%), 후다닥 집어요(3%), 후굴자세 해봐요(3%), 알록달록 붙여요(3%), 엉금엉금 기어요(3%), 빌리보를 밀어요(3%), 낚시를 해요(3%), 힘차게 맞춰요(3%), 끌어요 당겨요(3%), 공을 옮겨요(옆)(2%), 소방훈련 해요(2%), 조심조심 걸어요(2%), 알을 낳아요(2%), 거북이 스트레칭(2%)",국민체력100 운동처방 · 유아기 74개월,,유아기,,
prescription:유아기-74-M-정리운동,prescription,"유아기 74개월 남자 510명에게 처방된 정리운동: 흔들어 체조(27%), 거북이 스트레칭(21%), 후굴자세 해봐요(14%), 알을 낳아요(4%), 점핑점핑해요(3%), 꼬리를 떼어요(3%), 줄넘기 해요(3%), 엉금엉금 기어요(2%), 끌어요 당겨요(1%), 딩딩링을 끼워요(1%), 우리 모두 다같이(1%), 옆구리 스트레칭(1%)",국민체력100 운동처방 · 유아기 74개월,,유아기,,
prescription:유아기-74-M-준비운동,prescription,"유아기 74개월 남자 510명에게 처방된 준비운동: 거북이 스트레칭(24%), 흔들어 체조(15%), 후굴자세 해봐요(8%), 밴드를 당겨요(6%), 영차영차 올라요(5%), 점핑점핑해요(4%), 꼬리를 떼어요(3%), 낚시를 해요(2%), 동물처럼 걸어요(2%), 공을 옮겨요(옆)(2%), 빌리보를 밀어요(2%), 공을 옮겨요(앞)(2%), 우리 모두 다같이(1%), 윗몸 말며 공을 전달해요(1%), 후다닥 집어요(1%), 줄넘기 해요(1%), 알록달록 공을 옮겨요(1%), 후다닥 붙여요(1%)",국민체력100 운동처방 · 유아기 74개월,,유아기,,
prescription:유아기-75-F-본운동,prescription,"유아기 75개월 여자 442명에게 처방된 본운동: 밴드를 당겨요(7%), 꼬리를 떼어요(6%), 점핑점핑해요(6%), 줄넘기 해요(5%), 영차영차 올라요(4%), 윗몸 말며 공을 전달해요(4%), 지그재그 달려요(4%), 후다닥 집어요(3%), 후다닥 붙여요(3%), 동물처럼 걸어요(3%), 알을 낳아요(3%), 힘차게 던져요(3%), 낚시를 해요(3%), 빌리보를 밀어요(3%), 끌어요 당겨요(3%), 알록달록 공을 옮겨요(2%), 엉금엉금 기어요(2%), 후굴자세 해봐요(2%), 공을 옮겨요(앞)(2%), 힘차게 맞춰요(2%), 우리 모두 다같이(2%), 알록달록 붙여요(2%), 소방훈련 해요(1%), 인사 체조(1%), 공을 옮겨요(옆)(1%), 거북이 스트레칭(1%), 딩딩링을 끼워요(1%)",국민체력100 운동처방 · 유아기 75개월,,유아기,,
prescription:유아기-75-F-정리운동,prescription,"유아기 75개월 여자 442명에게 처방된 정리운동: 흔들어 체조(26%), 후굴자세 해봐요(16%), 거북이 스트레칭(14%), 인사 체조(4%), 끌어요 당겨요(4%), 딩딩링을 끼워요(4%), 엉금엉금 기어요(3%), 줄넘기 해요(2%), 알을 낳아요(2%), 점핑점핑해요(2%), 꼬리를 떼어요(2%)",국민체력100 운동처방 · 유아기 75개월,,유아기,,
prescription:유아기-75-F-준비운동,prescription,"유아기 75개월 여자 442명에게 처방된 준비운동: 거북이 스트레칭(30%), 흔들어 체조(14%), 영차영차 올라요(7%), 밴드를 당겨요(6%), 빌리보를 밀어요(5%), 동물처럼 걸어요(4%), 후굴자세 해봐요(3%), 낚시를 해요(2%), 점핑점핑해요(2%), 꼬리를 떼어요(2%), 공을 옮겨요(앞)(2%), 후다닥 붙여요(1%), 마주 앉아 대퇴이두근 스트레칭2(1%), 후다닥 집어요(1%)",국민체력100 운동처방 · 유아기 75개월,,유아기,,
prescription:유아기-75-M-본운동,prescription,"유아기 75개월 남자 475명에게 처방된 본운동: 지그재그 달려요(6%), 밴드를 당겨요(6%), 영차영차 올라요(6%), 동물처럼 걸어요(5%), 빌리보를 밀어요(5%), 꼬리를 떼어요(5%), 점핑점핑해요(4%), 후다닥 집어요(4%), 힘차게 던져요(4%), 알록달록 공을 옮겨요(3%), 줄넘기 해요(3%), 후다닥 붙여요(3%), 인사 체조(3%), 낚시를 해요(2%), 윗몸 말며 공을 전달해요(2%), 알록달록 붙여요(2%), 끌어요 당겨요(2%), 소방훈련 해요(2%), 우리 모두 다같이(2%), 공을 옮겨요(옆)(2%), 지게발 걸어요(2%), 후굴자세 해봐요(1%), 힘차게 맞춰요(1%), 고정식 자전거 타기(1%), 딩딩링을 끼워요(1%), 알을 낳아요(1%), 조심조심 걸어요(1%), 공 받고 던져요(1%)",국민체력100 운동처방 · 유아기 75개월,,유아기,,
prescription:유아기-75-M-정리운동,prescription,"유아기 75개월 남자 475명에게 처방된 정리운동: 흔들어 체조(26%), 거북이 스트레칭(24%), 후굴자세 해봐요(17%), 점핑점핑해요(3%), 옆구리 스트레칭(2%), 알을 낳아요(2%), 엉덩이 스트레칭(2%), 골반 스트레칭(1%), 회전근개 스트레칭(1%), 대퇴사두근 스트레칭(1%), 넙다리 앞쪽 스트레칭(1%)",국민체력100 운동처방 · 유아기 75개월,,유아기,,
prescription:유아기-75-M-준비운동,prescription,"유아기 75개월 남자 475명에게 처방된 준비운동: 거북이 스트레칭(23%), 흔들어 체조(19%), 밴드를 당겨요(7%), 영차영차 올라요(6%), 후굴자세 해봐요(6%), 몸통 비틀기(2%), 꼬리를 떼어요(2%), 점핑점핑해요(2%), 줄넘기 해요(2%), 윗몸 말며 공을 전달해요(1%), 동물처럼 걸어요(1%), 낚시를 해요(1%), 전신 루틴 스트레칭(1%), 종아리 스트레칭(1%), 후다닥 붙여요(1%), 어깨 스트레칭(1%), 등 대고 대퇴이두근 스트레칭(1%), 후다닥 집어요(1%), 지그재그 달려요(1%), 딩딩링을 끼워요(1%)",국민체력100 운동처방 · 유아기 75개월,,유아기,,
prescription:유아기-76-F-본운동,prescription,"유아기 76개월 여자 398명에게 처방된 본운동: 밴드를 당겨요(9%), 영차영차 올라요(7%), 알록달록 공을 옮겨요(5%), 빌리보를 밀어요(5%), 힘차게 던져요(5%), 우리 모두 다같이(4%), 점핑점핑해요(4%), 동물처럼 걸어요(4%), 꼬리를 떼어요(4%), 후굴자세 해봐요(3%), 알록달록 붙여요(3%), 지그재그 달려요(3%), 낚시를 해요(3%), 후다닥 집어요(3%), 후다닥 붙여요(3%), 윗몸 말며 공을 전달해요(3%), 줄넘기 해요(2%), 공을 옮겨요(옆)(2%), 거북이 스트레칭(2%), 인사 체조(2%), 소방훈련 해요(2%), 끌어요 당겨요(2%)",국민체력100 운동처방 · 유아기 76개월,,유아기,,
prescription:유아기-76-F-정리운동,prescription,"유아기 76개월 여자 398명에게 처방된 정리운동: 흔들어 체조(26%), 거북이 스트레칭(21%), 알을 낳아요(9%), 후굴자세 해봐요(7%), 꼬리를 떼어요(4%), 줄넘기 해요(4%), 점핑점핑해요(3%), 엉덩이 스트레칭(2%), 엉덩이 스트레칭2(2%), 끌어요 당겨요(1%), 엉금엉금 기어요(1%)",국민체력100 운동처방 · 유아기 76개월,,유아기,,
prescription:유아기-76-F-준비운동,prescription,"유아기 76개월 여자 398명에게 처방된 준비운동: 거북이 스트레칭(23%), 흔들어 체조(17%), 밴드를 당겨요(8%), 후굴자세 해봐요(6%), 영차영차 올라요(5%), 점핑점핑해요(4%), 꼬리를 떼어요(3%), 빌리보를 밀어요(3%), 동물처럼 걸어요(3%), 공을 옮겨요(옆)(2%), 줄넘기 해요(2%), 공을 옮겨요(앞)(2%), 낚시를 해요(2%), 끌어요 당겨요(1%)",국민체력100 운동처방 · 유아기 76개월,,유아기,,
prescription:유아기-76-M-본운동,prescription,"유아기 76개월 남자 469명에게 처방된 본운동: 밴드를 당겨요(6%), 점핑점핑해요(6%), 동물처럼 걸어요(5%), 영차영차 올라요(5%), 줄넘기 해요(5%), 꼬리를 떼어요(5%), 빌리보를 밀어요(4%), 알록달록 공을 옮겨요(4%), 지그재그 달려요(4%), 후다닥 붙여요(4%), 낚시를 해요(3%), 후다닥 집어요(3%), 알을 낳아요(3%), 알록달록 붙여요(3%), 힘차게 던져요(2%), 힘차게 맞춰요(2%), 후굴자세 해봐요(2%), 공을 옮겨요(옆)(2%), 소방훈련 해요(2%), 윗몸 말며 공을 전달해요(2%), 끌어요 당겨요(2%), 우리 모두 다같이(2%), 엉금엉금 기어요(1%), 공 받고 던져요(1%), 조심조심 걸어요(1%), 공을 옮겨요(앞)(1%), 벽에서 팔굽혀 펴기(1%)",국민체력100 운동처방 · 유아기 76개월,,유아기,,
prescription:유아기-76-M-정리운동,prescription,"유아기 76개월 남자 469명에게 처방된 정리운동: 흔들어 체조(33%), 거북이 스트레칭(18%), 후굴자세 해봐요(12%), 엉덩이 스트레칭(2%), 알을 낳아요(2%), 줄넘기 해요(2%), 밴드를 당겨요(2%), 등/어깨 뒤쪽 스트레칭(2%), 등 스트레칭(1%), 척추 스트레칭(1%), 옆구리 스트레칭(1%), 골반 스트레칭(1%), 꼬리를 떼어요(1%), 점핑점핑해요(1%)",국민체력100 운동처방 · 유아기 76개월,,유아기,,
prescription:유아기-76-M-준비운동,prescription,"유아기 76개월 남자 469명에게 처방된 준비운동: 거북이 스트레칭(30%), 흔들어 체조(13%), 후굴자세 해봐요(5%), 밴드를 당겨요(5%), 영차영차 올라요(3%), 꼬리를 떼어요(3%), 낚시를 해요(3%), 대퇴사두근 스트레칭(2%), 줄넘기 해요(2%), 공을 옮겨요(옆)(2%), 점핑점핑해요(2%), 엉덩이 스트레칭(2%), 동물처럼 걸어요(2%), 고관절 스트레칭(1%), 알록달록 붙여요(1%), 알록달록 공을 옮겨요(1%), 몸통 비틀기(1%), 윗몸 말며 공을 전달해요(1%), 대퇴이두근 스트레칭(1%)",국민체력100 운동처방 · 유아기 76개월,,유아기,,
prescription:유아기-77-F-본운동,prescription,"유아기 77개월 여자 402명에게 처방된 본운동: 영차영차 올라요(6%), 밴드를 당겨요(6%), 줄넘기 해요(5%), 점핑점핑해요(5%), 지그재그 달려요(4%), 꼬리를 떼어요(4%), 힘차게 던져요(3%), 동물처럼 걸어요(3%), 윗몸 말며 공을 전달해요(3%), 후다닥 집어요(3%), 낚시를 해요(3%), 알록달록 공을 옮겨요(3%), 빌리보를 밀어요(3%), 후다닥 붙여요(3%), 알록달록 붙여요(3%), 공을 옮겨요(옆)(3%), 후굴자세 해봐요(3%), 알을 낳아요(2%), 밸런스 보드에 서요(2%), 밸런스 볼에 서요(2%), 우리 모두 다같이(2%), 힘차게 맞춰요(2%), 인사 체조(2%), 엉금엉금 기어요(2%), 딩딩링을 끼워요(1%), 공 받고 던져요(1%), 조심조심 걸어요(1%), 끌어요 당겨요(1%)",국민체력100 운동처방 · 유아기 77개월,,유아기,,
prescription:유아기-77-F-정리운동,prescription,"유아기 77개월 여자 402명에게 처방된 정리운동: 흔들어 체조(28%), 거북이 스트레칭(18%), 후굴자세 해봐요(13%), 엉덩이 스트레칭(3%), 알을 낳아요(3%), 옆구리 스트레칭(2%), 내전근 스트레칭(2%), 몸 앞으로 굽히기(2%), 점핑점핑해요(2%), 끌어요 당겨요(2%), 분리배출 해요(2%), 정적 스트레칭  루틴프로그램(1%), 인사 체조(1%), 꼬리를 떼어요(1%)",국민체력100 운동처방 · 유아기 77개월,,유아기,,
prescription:유아기-77-F-준비운동,prescription,"유아기 77개월 여자 402명에게 처방된 준비운동: 거북이 스트레칭(28%), 흔들어 체조(14%), 후굴자세 해봐요(7%), 밴드를 당겨요(5%), 영차영차 올라요(4%), 꼬리를 떼어요(2%), 낚시를 해요(2%), 동물처럼 걸어요(2%), 엉덩이 스트레칭(2%), 점핑점핑해요(2%), 고관절 스트레칭(2%), 공을 옮겨요(옆)(2%), 대퇴이두근 스트레칭(1%), 알록달록 공을 옮겨요(1%), 엉금엉금 기어요(1%), 윗몸 말며 공을 전달해요(1%), 끌어요 당겨요(1%), 공을 옮겨요(앞)(1%)",국민체력100 운동처방 · 유아기 77개월,,유아기,,
prescription:유아기-77-M-본운동,prescription,"유아기 77개월 남자 418명에게 처방된 본운동: 밴드를 당겨요(6%), 줄넘기 해요(5%), 영차영차 올라요(5%), 점핑점핑해요(5%), 힘차게 던져요(5%), 동물처럼 걸어요(4%), 꼬리를 떼어요(4%), 알록달록 공을 옮겨요(4%), 후다닥 붙여요(4%), 알을 낳아요(4%), 지그재그 달려요(3%), 낚시를 해요(3%), 후다닥 집어요(3%), 후굴자세 해봐요(3%), 알록달록 붙여요(3%), 빌리보를 밀어요(3%), 끌어요 당겨요(2%), 공을 옮겨요(옆)(2%), 윗몸 말며 공을 전달해요(2%), 엉금엉금 기어요(2%), 우리 모두 다같이(2%), 거북이 스트레칭(2%), 힘차게 맞춰요(2%), 밸런스 볼에 서요(2%), 조심조심 걸어요(1%)",국민체력100 운동처방 · 유아기 77개월,,유아기,,
prescription:유아기-77-M-정리운동,prescription,"유아기 77개월 남자 418명에게 처방된 정리운동: 흔들어 체조(32%), 거북이 스트레칭(21%), 후굴자세 해봐요(9%), 알을 낳아요(4%), 우리 모두 다같이(2%), 후다닥 집어요(2%), 복부 스트레칭(2%), 척추 스트레칭(2%), 깍지 끼고 상체 숙이기(2%), 등/어깨 뒤쪽 스트레칭(2%), 줄넘기 해요(2%), 소방훈련 해요(2%)",국민체력100 운동처방 · 유아기 77개월,,유아기,,
prescription:유아기-77-M-준비운동,prescription,"유아기 77개월 남자 418명에게 처방된 준비운동: 거북이 스트레칭(24%), 흔들어 체조(17%), 밴드를 당겨요(6%), 후굴자세 해봐요(5%), 영차영차 올라요(5%), 공을 옮겨요(앞)(3%), 알을 낳아요(3%), 꼬리를 떼어요(3%), 점핑점핑해요(2%), 낚시를 해요(2%), 공 받고 던져요(2%), 공을 옮겨요(옆)(2%), 엉금엉금 기어요(2%), 밸런스 볼에 서요(1%), 줄넘기 해요(1%), 딩딩링을 끼워요(1%), 우리 모두 다같이(1%)",국민체력100 운동처방 · 유아기 77개월,,유아기,,
prescription:유아기-78-F-본운동,prescription,"유아기 78개월 여자 318명에게 처방된 본운동: 영차영차 올라요(7%), 밴드를 당겨요(6%), 동물처럼 걸어요(5%), 꼬리를 떼어요(5%), 지그재그 달려요(5%), 윗몸 말며 공을 전달해요(5%), 후다닥 집어요(4%), 빌리보를 밀어요(4%), 점핑점핑해요(4%), 힘차게 던져요(3%), 후다닥 붙여요(3%), 알을 낳아요(3%), 줄넘기 해요(3%), 알록달록 공을 옮겨요(3%), 힘차게 맞춰요(3%), 알록달록 붙여요(2%), 끌어요 당겨요(2%), 우리 모두 다같이(2%), 후굴자세 해봐요(2%), 낚시를 해요(2%), 분리배출 해요(1%), 엉금엉금 기어요(1%), 걷기(1%), 앉아서 다리 펴기(1%), 거북이 스트레칭(1%)",국민체력100 운동처방 · 유아기 78개월,,유아기,,
prescription:유아기-78-F-정리운동,prescription,"유아기 78개월 여자 318명에게 처방된 정리운동: 흔들어 체조(32%), 거북이 스트레칭(13%), 후굴자세 해봐요(10%), 알을 낳아요(7%), 점핑점핑해요(4%), 줄넘기 해요(3%), 꼬리를 떼어요(3%), 정적 스트레칭  루틴프로그램(1%), 넙다리 안쪽 스트레칭(1%), 대퇴사두근 스트레칭(1%), 허리 스트레칭(1%), 배스트레칭(1%), 넙다리 뒤쪽 스트레칭(1%), 상지 루틴 스트레칭(1%)",국민체력100 운동처방 · 유아기 78개월,,유아기,,
prescription:유아기-78-F-준비운동,prescription,"유아기 78개월 여자 318명에게 처방된 준비운동: 거북이 스트레칭(27%), 흔들어 체조(12%), 영차영차 올라요(9%), 밴드를 당겨요(6%), 후굴자세 해봐요(5%), 점핑점핑해요(5%), 꼬리를 떼어요(3%), 끌어요 당겨요(2%), 엉금엉금 기어요(2%), 유산소 운동 전 동적 루틴 스트레칭(2%), 대퇴사두근 스트레칭(2%), 빌리보를 밀어요(1%), 소방훈련 해요(1%), 줄넘기 해요(1%), 알을 낳아요(1%), 의자잡고 후방으로 무릎 굽혀 들기(1%)",국민체력100 운동처방 · 유아기 78개월,,유아기,,
prescription:유아기-78-M-본운동,prescription,"유아기 78개월 남자 321명에게 처방된 본운동: 영차영차 올라요(6%), 밴드를 당겨요(6%), 동물처럼 걸어요(5%), 알록달록 공을 옮겨요(4%), 점핑점핑해요(4%), 지그재그 달려요(4%), 알록달록 붙여요(4%), 꼬리를 떼어요(4%), 줄넘기 해요(4%), 후굴자세 해봐요(4%), 공을 옮겨요(옆)(4%), 빌리보를 밀어요(3%), 낚시를 해요(3%), 후다닥 붙여요(3%), 후다닥 집어요(3%), 소방훈련 해요(3%), 우리 모두 다같이(3%), 힘차게 맞춰요(3%), 끌어요 당겨요(3%), 힘차게 던져요(2%), 엉금엉금 기어요(2%), 딩딩링을 끼워요(2%), 윗몸 말며 공을 전달해요(2%)",국민체력100 운동처방 · 유아기 78개월,,유아기,,
prescription:유아기-78-M-정리운동,prescription,"유아기 78개월 남자 321명에게 처방된 정리운동: 흔들어 체조(37%), 거북이 스트레칭(16%), 후굴자세 해봐요(11%), 점핑점핑해요(6%), 줄넘기 해요(6%), 꼬리를 떼어요(6%)",국민체력100 운동처방 · 유아기 78개월,,유아기,,
prescription:유아기-78-M-준비운동,prescription,"유아기 78개월 남자 321명에게 처방된 준비운동: 거북이 스트레칭(32%), 흔들어 체조(14%), 후굴자세 해봐요(6%), 밴드를 당겨요(3%), 영차영차 올라요(3%), 알록달록 붙여요(2%), 다리 벌려 옆으로 상체 숙이기(2%), 꼬리를 떼어요(2%), 점핑점핑해요(2%), 낚시를 해요(2%), 다리 벌려 앞으로 상체 숙이기(2%), 앉아 윗몸 앞으로 굽히기(2%), 공을 옮겨요(옆)(1%), 조심조심 걸어요(1%), 넙다리 뒤쪽 스트레칭(1%), 하지 루틴 스트레칭2(1%), 힘차게 던져요(1%), 줄넘기 해요(1%), 넙다리 안쪽 스트레칭(1%)",국민체력100 운동처방 · 유아기 78개월,,유아기,,
prescription:유아기-79-F-본운동,prescription,"유아기 79개월 여자 307명에게 처방된 본운동: 빌리보를 밀어요(6%), 밴드를 당겨요(6%), 점핑점핑해요(5%), 지그재그 달려요(5%), 끌어요 당겨요(5%), 줄넘기 해요(5%), 후다닥 집어요(5%), 동물처럼 걸어요(4%), 영차영차 올라요(3%), 윗몸 말며 공을 전달해요(3%), 후다닥 붙여요(3%), 꼬리를 떼어요(3%), 힘차게 맞춰요(3%), 후굴자세 해봐요(3%), 인사 체조(2%), 우리 모두 다같이(2%), 알록달록 공을 옮겨요(2%), 공을 옮겨요(앞)(2%), 공 받고 던져요(2%), 힘차게 던져요(2%), 딩딩링을 끼워요(2%), 공을 옮겨요(옆)(2%), 알을 낳아요(2%), 엉금엉금 기어요(2%), 낚시를 해요(2%), 거북이 스트레칭(1%), 소방훈련 해요(1%)",국민체력100 운동처방 · 유아기 79개월,,유아기,,
prescription:유아기-79-F-정리운동,prescription,"유아기 79개월 여자 307명에게 처방된 정리운동: 흔들어 체조(23%), 거북이 스트레칭(20%), 후굴자세 해봐요(9%), 알을 낳아요(6%), 우리 모두 다같이(4%), 꼬리를 떼어요(4%), 점핑점핑해요(4%), 줄넘기 해요(4%), 옆구리 스트레칭(2%), 내전근 스트레칭(2%), 정적 스트레칭  루틴프로그램(1%), 골반 스트레칭(1%)",국민체력100 운동처방 · 유아기 79개월,,유아기,,
prescription:유아기-79-F-준비운동,prescription,"유아기 79개월 여자 307명에게 처방된 준비운동: 거북이 스트레칭(21%), 흔들어 체조(13%), 후굴자세 해봐요(8%), 밴드를 당겨요(7%), 영차영차 올라요(7%), 점핑점핑해요(3%), 공을 옮겨요(옆)(3%), 꼬리를 떼어요(2%), 지그재그 달려요(2%), 공을 옮겨요(앞)(2%), 밸런스 보드에 서요(2%), 낚시를 해요(2%), 동물처럼 걸어요(2%), 줄넘기 해요(1%), 윗몸 말며 공을 전달해요(1%), 딩딩링을 끼워요(1%), 공 받고 던져요(1%), 끌어요 당겨요(1%)",국민체력100 운동처방 · 유아기 79개월,,유아기,,
prescription:유아기-79-M-본운동,prescription,"유아기 79개월 남자 286명에게 처방된 본운동: 영차영차 올라요(7%), 밴드를 당겨요(6%), 지그재그 달려요(4%), 후굴자세 해봐요(4%), 꼬리를 떼어요(4%), 동물처럼 걸어요(3%), 힘차게 던져요(3%), 줄넘기 해요(3%), 윗몸 말며 공을 전달해요(3%), 점핑점핑해요(3%), 소방훈련 해요(3%), 우리 모두 다같이(3%), 힘차게 맞춰요(3%), 엉금엉금 기어요(2%), 인사 체조(2%), 후다닥 집어요(2%), 후다닥 붙여요(2%), 끌어요 당겨요(2%), 빌리보를 밀어요(2%), 고정식 자전거 타기(2%), 딩딩링을 끼워요(2%), 거북이 스트레칭(2%), 낚시를 해요(2%), 알록달록 공을 옮겨요(1%), 알을 낳아요(1%), 조심조심 걸어요(1%), 공을 옮겨요(앞)(1%), 공을 옮겨요(옆)(1%), 폼롤러 밀며 몸 앞으로 숙이기(1%), 누워서 전신 뻗기(1%)",국민체력100 운동처방 · 유아기 79개월,,유아기,,
prescription:유아기-79-M-정리운동,prescription,"유아기 79개월 남자 286명에게 처방된 정리운동: 흔들어 체조(25%), 거북이 스트레칭(16%), 후굴자세 해봐요(12%), 알을 낳아요(6%), 점핑점핑해요(5%), 꼬리를 떼어요(5%), 회전근개 스트레칭(4%), 줄넘기 해요(4%), 몸통 비틀기(4%)",국민체력100 운동처방 · 유아기 79개월,,유아기,,
prescription:유아기-79-M-준비운동,prescription,"유아기 79개월 남자 286명에게 처방된 준비운동: 거북이 스트레칭(23%), 흔들어 체조(13%), 밴드를 당겨요(5%), 후굴자세 해봐요(5%), 영차영차 올라요(4%), 꼬리를 떼어요(4%), 줄넘기 해요(3%), 몸통 비틀기(3%), 어깨 스트레칭(3%), 점핑점핑해요(3%), 낚시를 해요(2%), 목 스트레칭(2%), 의자 잡고 전방으로 무릎 굽혀 들기(2%), 힘차게 맞춰요(1%), 알록달록 붙여요(1%), 의자잡고 후방으로 무릎 굽혀 들기(1%), 공을 옮겨요(앞)(1%), 동물처럼 걸어요(1%), 끌어요 당겨요(1%), 가슴 스트레칭(1%), 등/어깨 뒤쪽 스트레칭(1%)",국민체력100 운동처방 · 유아기 79개월,,유아기,,
prescription:유아기-80-F-본운동,prescription,"유아기 80개월 여자 184명에게 처방된 본운동: 점핑점핑해요(8%), 지그재그 달려요(7%), 밴드를 당겨요(6%), 동물처럼 걸어요(6%), 힘차게 맞춰요(6%), 끌어요 당겨요(5%), 빌리보를 밀어요(5%), 영차영차 올라요(3%), 윗몸 말며 공을 전달해요(3%), 뽁뽁이를 눌러요(3%), 줄넘기 해요(3%), 후굴자세 해봐요(3%), 꼬리를 떼어요(3%), 우리 모두 다같이(3%), 알록달록 공을 옮겨요(3%), 힘차게 던져요(2%), 후다닥 집어요(2%), 낚시를 해요(2%), 엉금엉금 기어요(2%), 딩딩링을 끼워요(2%), 인사 체조(2%), 알록달록 붙여요(2%), 앉아서 다리 펴서 들어올리기(1%), 누워서 다리 펴고 원 그리기(1%), V자 버티기(1%)",국민체력100 운동처방 · 유아기 80개월,,유아기,,
prescription:유아기-80-F-정리운동,prescription,"유아기 80개월 여자 184명에게 처방된 정리운동: 흔들어 체조(26%), 거북이 스트레칭(25%), 후굴자세 해봐요(17%), 줄넘기 해요(6%), 점핑점핑해요(4%), 알을 낳아요(4%)",국민체력100 운동처방 · 유아기 80개월,,유아기,,
prescription:유아기-80-F-준비운동,prescription,"유아기 80개월 여자 184명에게 처방된 준비운동: 거북이 스트레칭(25%), 흔들어 체조(20%), 후굴자세 해봐요(8%), 밴드를 당겨요(5%), 점핑점핑해요(4%), 꼬리를 떼어요(4%), 영차영차 올라요(3%), 알을 낳아요(2%), 빌리보를 밀어요(2%), 공을 옮겨요(옆)(2%), 우리 모두 다같이(2%), 공을 옮겨요(앞)(2%), 윗몸 말며 공을 전달해요(1%)",국민체력100 운동처방 · 유아기 80개월,,유아기,,
prescription:유아기-80-M-본운동,prescription,"유아기 80개월 남자 214명에게 처방된 본운동: 밴드를 당겨요(7%), 영차영차 올라요(7%), 꼬리를 떼어요(5%), 줄넘기 해요(5%), 점핑점핑해요(5%), 동물처럼 걸어요(4%), 후굴자세 해봐요(4%), 끌어요 당겨요(3%), 후다닥 붙여요(3%), 알록달록 공을 옮겨요(3%), 후다닥 집어요(3%), 빌리보를 밀어요(3%), 윗몸 말며 공을 전달해요(3%), 알을 낳아요(3%), 공을 옮겨요(옆)(3%), 낚시를 해요(2%), 거북이 스트레칭(2%), 우리 모두 다같이(2%), 지그재그 달려요(2%), 알록달록 붙여요(2%), 소방훈련 해요(2%), 힘차게 맞춰요(2%), 힘차게 던져요(2%), 인사 체조(2%), 조심조심 걸어요(2%)",국민체력100 운동처방 · 유아기 80개월,,유아기,,
prescription:유아기-80-M-정리운동,prescription,"유아기 80개월 남자 214명에게 처방된 정리운동: 흔들어 체조(33%), 거북이 스트레칭(12%), 후굴자세 해봐요(12%), 알을 낳아요(6%), 점핑점핑해요(4%), 꼬리를 떼어요(4%), 줄넘기 해요(4%), 우리 모두 다같이(3%), 인사 체조(2%), 엉덩이 스트레칭(2%)",국민체력100 운동처방 · 유아기 80개월,,유아기,,
prescription:유아기-80-M-준비운동,prescription,"유아기 80개월 남자 214명에게 처방된 준비운동: 거북이 스트레칭(29%), 흔들어 체조(12%), 후굴자세 해봐요(5%), 점핑점핑해요(4%), 밴드를 당겨요(4%), 꼬리를 떼어요(4%), 줄넘기 해요(4%), 알을 낳아요(4%), 영차영차 올라요(4%), 동물처럼 걸어요(3%), 몸통 비틀기(2%), 빌리보를 밀어요(2%), 후다닥 집어요(2%), 대퇴이두근 스트레칭(2%), 대퇴사두근 스트레칭(2%)",국민체력100 운동처방 · 유아기 80개월,,유아기,,
prescription:유아기-81-F-본운동,prescription,"유아기 81개월 여자 145명에게 처방된 본운동: 밴드를 당겨요(6%), 꼬리를 떼어요(5%), 줄넘기 해요(5%), 끌어요 당겨요(5%), 후굴자세 해봐요(4%), 힘차게 던져요(4%), 윗몸 말며 공을 전달해요(4%), 지그재그 달려요(4%), 점핑점핑해요(4%), 빌리보를 밀어요(3%), 영차영차 올라요(3%), 알록달록 붙여요(3%), 공 받고 던져요(2%), 엉금엉금 기어요(2%), 알록달록 공을 옮겨요(2%), 공을 옮겨요(옆)(2%), 거북이 스트레칭(2%), 알을 낳아요(2%), 동물처럼 걸어요(2%), 고정식 자전거 타기(2%), 인사 체조(2%), 후다닥 붙여요(2%), 힘차게 맞춰요(1%), 우리 모두 다같이(1%), 고정식 트레드밀에서 걷기(1%), 흔들어 체조(1%), 분리배출 해요(1%), 낚시를 해요(1%), 앉아서 다리 펴기(1%), 엎드려서 다리 굽히기(1%)",국민체력100 운동처방 · 유아기 81개월,,유아기,,
prescription:유아기-81-F-정리운동,prescription,"유아기 81개월 여자 145명에게 처방된 정리운동: 흔들어 체조(28%), 후굴자세 해봐요(12%), 거북이 스트레칭(10%), 알을 낳아요(8%), 우리 모두 다같이(5%), 인사 체조(3%), 끌어요 당겨요(3%), 알록달록 붙여요(3%), 공을 옮겨요(옆)(3%), 공 받고 던져요(3%), 공을 옮겨요(앞)(3%)",국민체력100 운동처방 · 유아기 81개월,,유아기,,
prescription:유아기-81-F-준비운동,prescription,"유아기 81개월 여자 145명에게 처방된 준비운동: 거북이 스트레칭(27%), 밴드를 당겨요(10%), 흔들어 체조(8%), 점핑점핑해요(4%), 후굴자세 해봐요(4%), 동물처럼 걸어요(4%), 영차영차 올라요(3%), 꼬리를 떼어요(3%), 공을 옮겨요(옆)(3%), 빌리보를 밀어요(3%), 공을 옮겨요(앞)(2%), 낚시를 해요(2%), 전신 루틴 스트레칭(2%), 우리 모두 다같이(1%), 줄넘기 해요(1%), 끌어요 당겨요(1%), 어깨 스트레칭(1%)",국민체력100 운동처방 · 유아기 81개월,,유아기,,
prescription:유아기-81-M-본운동,prescription,"유아기 81개월 남자 181명에게 처방된 본운동: 줄넘기 해요(7%), 점핑점핑해요(7%), 거북이 스트레칭(5%), 밴드를 당겨요(5%), 후다닥 붙여요(5%), 영차영차 올라요(5%), 동물처럼 걸어요(5%), 후굴자세 해봐요(5%), 엉금엉금 기어요(4%), 지그재그 달려요(4%), 꼬리를 떼어요(4%), 후다닥 집어요(3%), 빌리보를 밀어요(3%), 윗몸 말며 공을 전달해요(3%), 힘차게 던져요(3%), 알록달록 붙여요(3%), 우리 모두 다같이(2%), 힘차게 맞춰요(2%), 알을 낳아요(2%), 알록달록 공을 옮겨요(2%), 딩딩링을 끼워요(2%)",국민체력100 운동처방 · 유아기 81개월,,유아기,,
prescription:유아기-81-M-정리운동,prescription,"유아기 81개월 남자 181명에게 처방된 정리운동: 흔들어 체조(35%), 알을 낳아요(13%), 거북이 스트레칭(12%), 후굴자세 해봐요(8%), 꼬리를 떼어요(5%), 점핑점핑해요(5%), 줄넘기 해요(5%)",국민체력100 운동처방 · 유아기 81개월,,유아기,,
prescription:유아기-81-M-준비운동,prescription,"유아기 81개월 남자 181명에게 처방된 준비운동: 거북이 스트레칭(31%), 흔들어 체조(14%), 후굴자세 해봐요(10%), 밴드를 당겨요(9%), 영차영차 올라요(6%), 점핑점핑해요(4%), 꼬리를 떼어요(4%), 우리 모두 다같이(2%)",국민체력100 운동처방 · 유아기 81개월,,유아기,,
prescription:유아기-82-F-본운동,prescription,"유아기 82개월 여자 111명에게 처방된 본운동: 영차영차 올라요(12%), 밴드를 당겨요(8%), 동물처럼 걸어요(7%), 우리 모두 다같이(4%), 줄넘기 해요(4%), 빌리보를 밀어요(4%), 후다닥 집어요(4%), 후굴자세 해봐요(3%), 소방훈련 해요(3%), 꼬리를 떼어요(3%), 점핑점핑해요(3%), 거북이 스트레칭(3%), 인사 체조(3%), 알록달록 공을 옮겨요(2%), 후다닥 붙여요(2%), 엉금엉금 기어요(2%), 힘차게 던져요(2%), 알을 낳아요(2%), 밸런스 보드에 서요(2%), 밸런스 볼에 서요(2%), 낚시를 해요(1%), 알록달록 붙여요(1%), 끌어요 당겨요(1%), 딩딩링을 끼워요(1%)",국민체력100 운동처방 · 유아기 82개월,,유아기,,
prescription:유아기-82-F-정리운동,prescription,"유아기 82개월 여자 111명에게 처방된 정리운동: 거북이 스트레칭(28%), 후굴자세 해봐요(16%), 흔들어 체조(15%), 알을 낳아요(8%), 점핑점핑해요(3%), 줄넘기 해요(3%), 꼬리를 떼어요(3%), 전신 루틴 스트레칭(2%), 대퇴사두근 스트레칭(1%)",국민체력100 운동처방 · 유아기 82개월,,유아기,,
prescription:유아기-82-F-준비운동,prescription,"유아기 82개월 여자 111명에게 처방된 준비운동: 흔들어 체조(26%), 거북이 스트레칭(20%), 밴드를 당겨요(7%), 후굴자세 해봐요(7%), 점핑점핑해요(5%), 영차영차 올라요(3%), 공을 옮겨요(앞)(3%), 줄넘기 해요(2%), 꼬리를 떼어요(2%), 공 받고 던져요(2%), 전신 루틴 스트레칭(2%), 알록달록 공을 옮겨요(2%)",국민체력100 운동처방 · 유아기 82개월,,유아기,,
prescription:유아기-82-M-본운동,prescription,"유아기 82개월 남자 105명에게 처방된 본운동: 꼬리를 떼어요(10%), 줄넘기 해요(6%), 점핑점핑해요(5%), 알을 낳아요(4%), 윗몸 말며 공을 전달해요(4%), 지그재그 달려요(4%), 후굴자세 해봐요(4%), 힘차게 던져요(3%), 빌리보를 밀어요(3%), 밴드를 당겨요(3%), 인사 체조(3%), 동물처럼 걸어요(3%), 우리 모두 다같이(3%), 알록달록 공을 옮겨요(2%), 공 받고 던져요(2%), 소방훈련 해요(2%), 스텝박스(2%), 알록달록 붙여요(2%), 지게발 걸어요(2%), 밸런스 볼에 서요(2%), 거북이 스트레칭(2%), 힘차게 맞춰요(2%), 낚시를 해요(1%), 고정식 자전거 타기(1%), 영차영차 올라요(1%), 공을 옮겨요(옆)(1%), 밸런스 보드에 서요(1%), 엉금엉금 기어요(1%)",국민체력100 운동처방 · 유아기 82개월,,유아기,,
prescription:유아기-82-M-정리운동,prescription,"유아기 82개월 남자 105명에게 처방된 정리운동: 거북이 스트레칭(27%), 후굴자세 해봐요(15%), 흔들어 체조(10%), 알을 낳아요(9%), 전신 루틴 스트레칭(6%), 꼬리를 떼어요(4%), 소방훈련 해요(3%), 점핑점핑해요(2%), 줄넘기 해요(2%), 옆구리 스트레칭(2%)",국민체력100 운동처방 · 유아기 82개월,,유아기,,
prescription:유아기-82-M-준비운동,prescription,"유아기 82개월 남자 105명에게 처방된 준비운동: 흔들어 체조(23%), 거북이 스트레칭(14%), 후굴자세 해봐요(11%), 밴드를 당겨요(8%), 점핑점핑해요(6%), 영차영차 올라요(3%), 공을 옮겨요(앞)(2%), 꼬리를 떼어요(2%), 줄넘기 해요(2%), 몸통 비틀기(2%), 빌리보를 밀어요(2%), 끌어요 당겨요(2%), 의자 잡고 전방으로 무릎 굽혀 들기(2%), 어깨 스트레칭(2%), 목 스트레칭(2%)",국민체력100 운동처방 · 유아기 82개월,,유아기,,
prescription:유아기-83-F-본운동,prescription,"유아기 83개월 여자 35명에게 처방된 본운동: 꼬리를 떼어요(10%), 빌리보를 밀어요(9%), 공 받고 던져요(9%), 윗몸 말며 공을 전달해요(9%), 지그재그 달려요(6%), 동물처럼 걸어요(6%), 밸런스 보드에 서요(5%), 조심조심 걸어요(5%), 후다닥 붙여요(5%), 공을 옮겨요(옆)(5%), 거북이 스트레칭(4%), 후굴자세 해봐요(4%), 밴드를 당겨요(3%), 영차영차 올라요(3%)",국민체력100 운동처방 · 유아기 83개월,,유아기,,
prescription:유아기-83-F-정리운동,prescription,"유아기 83개월 여자 35명에게 처방된 정리운동: 거북이 스트레칭(40%), 후굴자세 해봐요(23%), 알을 낳아요(10%), 가슴 스트레칭(4%), 팔꿈치 맞닿아 원그리기(4%)",국민체력100 운동처방 · 유아기 83개월,,유아기,,
prescription:유아기-83-F-준비운동,prescription,"유아기 83개월 여자 35명에게 처방된 준비운동: 흔들어 체조(30%), 거북이 스트레칭(19%), 점핑점핑해요(10%), 줄넘기 해요(7%), 후굴자세 해봐요(4%), 스텝박스(3%), 스텝박스 오르내리기(3%), 낚시를 해요(3%)",국민체력100 운동처방 · 유아기 83개월,,유아기,,
prescription:유아기-83-M-본운동,prescription,"유아기 83개월 남자 48명에게 처방된 본운동: 밴드를 당겨요(12%), 빌리보를 밀어요(6%), 후굴자세 해봐요(6%), 영차영차 올라요(6%), 줄넘기 해요(4%), 후다닥 붙여요(4%), 힘차게 맞춰요(4%), 거북이 스트레칭(4%), 윗몸 말며 공을 전달해요(4%), 우리 모두 다같이(3%), 알을 낳아요(3%), 소방훈련 해요(3%), 공을 옮겨요(옆)(3%), 알록달록 붙여요(3%), 공 받고 던져요(3%), 점핑점핑해요(3%), 분리배출 해요(3%), 꼬리를 떼어요(2%), 끌어요 당겨요(2%), 힘차게 던져요(2%)",국민체력100 운동처방 · 유아기 83개월,,유아기,,
prescription:유아기-83-M-정리운동,prescription,"유아기 83개월 남자 48명에게 처방된 정리운동: 거북이 스트레칭(25%), 흔들어 체조(22%), 후굴자세 해봐요(22%), 알을 낳아요(8%), 점핑점핑해요(5%)",국민체력100 운동처방 · 유아기 83개월,,유아기,,
prescription:유아기-83-M-준비운동,prescription,"유아기 83개월 남자 48명에게 처방된 준비운동: 거북이 스트레칭(32%), 흔들어 체조(21%), 후굴자세 해봐요(11%), 공을 옮겨요(앞)(7%), 밴드를 당겨요(5%), 점핑점핑해요(5%)",국민체력100 운동처방 · 유아기 83개월,,유아기,,
prescription:청소년-13-F-본운동,prescription,"청소년 13세 여자 8,677명에게 처방된 본운동: 맨몸운동  루틴프로그램(11%), 조깅(8%), 자전거타기(5%), 줄넘기 운동(4%), 저항밴드 운동  루틴프로그램(4%), 수영(4%), 박스 운동  루틴프로그램(4%), 웨이트 트레이닝  루틴프로그램(4%), 걷기(3%), 전완대고 버티기(3%), 메디신볼 운동  루틴프로그램(3%), 윗몸 일으키기(3%), 바운딩 운동  루틴프로그램(3%), 사다리 운동  루틴프로그램(2%), 앉았다 일어서기(2%), 버피 테스트(2%), 한발 연속 뛰기(2%), 요가 및 필라테스  루틴프로그램(2%), 손 뻗어 윗몸 일으키기(1%), 엎드려 팔다리 교차올리기(1%), 누워 무릎 기울기(1%), 엎드려 버티기(1%), 짝 스트레칭  루틴프로그램(1%), 짐볼 운동  루틴프로그램(1%), 발 바꿔 뛰기(1%), 다리 뻗어 올리기(1%), 팔다리 교차 버티기(1%), 연속 사이드 스쿼드(1%), 양발 모아 좌우 뛰기(1%), 양발 모았다 벌려뛰기(1%)",국민체력100 운동처방 · 청소년 13세,,청소년,,
prescription:청소년-13-F-정리운동,prescription,"청소년 13세 여자 8,677명에게 처방된 정리운동: 정적 스트레칭  루틴프로그램(30%), 요가 및 필라테스  루틴프로그램(13%), 조깅(6%), 줄넘기 운동(6%), 걷기(5%), 다리모아 무릎 누르기(3%), 누워 발목 당겨주기(3%), 나비자세(2%), 발 끝 당기기(2%), 짝 스트레칭  루틴프로그램(2%), 자전거타기(2%), 발목 돌리기(1%), 상체 앞으로 숙이기(1%), 왜가리 자세(1%), 양발 교차하여 서서 몸통 숙이기(1%), 휴식자세(1%), 모관운동(1%)",국민체력100 운동처방 · 청소년 13세,,청소년,,
prescription:청소년-13-F-준비운동,prescription,"청소년 13세 여자 8,677명에게 처방된 준비운동: 동적 스트레칭 루틴프로그램(20%), 발목 돌리기(11%), 발 끝 당기기(9%), 엎드려 한발 원 그리기(6%), 나비자세(6%), 조깅(5%), 정적 스트레칭  루틴프로그램(5%), 걷기(5%), 왜가리 자세(3%), 요가 및 필라테스  루틴프로그램(3%), 짝 스트레칭  루틴프로그램(2%), 줄넘기 운동(2%), 전진 점프하며 발 뒤꿈치 찍기(2%), 온 몸 뻗어주기(2%), 자전거타기(2%)",국민체력100 운동처방 · 청소년 13세,,청소년,,
prescription:청소년-13-M-본운동,prescription,"청소년 13세 남자 10,933명에게 처방된 본운동: 맨몸운동  루틴프로그램(10%), 조깅(8%), 자전거타기(5%), 웨이트 트레이닝  루틴프로그램(4%), 저항밴드 운동  루틴프로그램(4%), 줄넘기 운동(4%), 수영(3%), 버피 테스트(3%), 사다리 운동  루틴프로그램(3%), 박스 운동  루틴프로그램(3%), 바운딩 운동  루틴프로그램(2%), 전완대고 버티기(2%), 걷기(2%), 윗몸 일으키기(2%), 메디신볼 운동  루틴프로그램(2%), 한발 연속 뛰기(2%), 손 뻗어 윗몸 일으키기(2%), 발 바꿔 뛰기(1%), 양발 모았다 벌려뛰기(1%), 요가 및 필라테스  루틴프로그램(1%), 누워 무릎 기울기(1%), 앉았다 일어서기(1%), 엎드려 팔다리 교차올리기(1%), 콘운동  루틴프로그램(1%), 엎드려 버티기(1%), 짐볼 운동  루틴프로그램(1%), 엇박자 뛰기(1%), 양발 모아 좌우 뛰기(1%), 연속 사이드 스쿼드(1%), 다리 뻗어 올리기(1%)",국민체력100 운동처방 · 청소년 13세,,청소년,,
prescription:청소년-13-M-정리운동,prescription,"청소년 13세 남자 10,933명에게 처방된 정리운동: 정적 스트레칭  루틴프로그램(25%), 요가 및 필라테스  루틴프로그램(8%), 조깅(6%), 줄넘기 운동(4%), 걷기(4%), 나비자세(3%), 왜가리 자세(3%), 다리자세(2%), 의자에 앉아 가슴 뒤로 젖히기(2%), 동적 스트레칭 루틴프로그램(2%), 발 끝 당기기(2%), 자전거타기(2%), 짝 스트레칭  루틴프로그램(2%), 발목 돌리기(1%), 다리모아 무릎 누르기(1%), 전진 점프하며 발 뒤꿈치 찍기(1%), 누워 발목 당겨주기(1%), 양발 교차하여 서서 몸통 숙이기(1%), 옆구리 스트레칭(1%), 척추 들어올리기(1%), 전신 루틴 스트레칭(1%), 서서 한팔 들어 오른쪽 왼쪽 뻗기(1%), 모관운동(1%), 양발 벌려 무릎 밀어내기(1%), 하지 루틴 스트레칭1(1%), 서서 발목 누르기(1%), 하지 루틴 스트레칭2(1%)",국민체력100 운동처방 · 청소년 13세,,청소년,,
prescription:청소년-13-M-준비운동,prescription,"청소년 13세 남자 10,933명에게 처방된 준비운동: 동적 스트레칭 루틴프로그램(18%), 발목 돌리기(12%), 발 끝 당기기(10%), 엎드려 한발 원 그리기(7%), 나비자세(5%), 정적 스트레칭  루틴프로그램(5%), 조깅(4%), 걷기(4%), 왜가리 자세(3%), 요가 및 필라테스  루틴프로그램(2%), 줄넘기 운동(2%), 전진 점프하며 발 뒤꿈치 찍기(2%), 짝 스트레칭  루틴프로그램(2%), 온 몸 뻗어주기(1%), 자전거타기(1%), 의자에 앉아 가슴 몸통 말아주기(1%), 다리굽혀 허리 비틀기(1%), 몸통 스트레칭(1%)",국민체력100 운동처방 · 청소년 13세,,청소년,,
prescription:청소년-14-F-본운동,prescription,"청소년 14세 여자 7,973명에게 처방된 본운동: 맨몸운동  루틴프로그램(11%), 조깅(8%), 웨이트 트레이닝  루틴프로그램(5%), 줄넘기 운동(5%), 자전거타기(4%), 저항밴드 운동  루틴프로그램(4%), 수영(3%), 걷기(3%), 박스 운동  루틴프로그램(3%), 전완대고 버티기(3%), 바운딩 운동  루틴프로그램(3%), 윗몸 일으키기(2%), 메디신볼 운동  루틴프로그램(2%), 버피 테스트(2%), 사다리 운동  루틴프로그램(2%), 엎드려 버티기(2%), 손 뻗어 윗몸 일으키기(1%), 요가 및 필라테스  루틴프로그램(1%), 짐볼 운동  루틴프로그램(1%), 앉았다 일어서기(1%), 누워 무릎 기울기(1%), 짝 스트레칭  루틴프로그램(1%), 엎드려 팔다리 교차올리기(1%), 팔다리 교차 버티기(1%), 다리 뻗어 올리기(1%), 발 바꿔 뛰기(1%), 콘운동  루틴프로그램(1%), 달리기(1%), 연속 사이드 스쿼드(1%), 동적 스트레칭 루틴프로그램(1%)",국민체력100 운동처방 · 청소년 14세,,청소년,,
prescription:청소년-14-F-정리운동,prescription,"청소년 14세 여자 7,973명에게 처방된 정리운동: 정적 스트레칭  루틴프로그램(31%), 요가 및 필라테스  루틴프로그램(10%), 조깅(6%), 줄넘기 운동(6%), 걷기(6%), 발목 돌리기(2%), 나비자세(2%), 몸통 스트레칭(2%), 발 끝 당기기(2%), 의자에 앉아 몸통비틀기(2%), 짝 스트레칭  루틴프로그램(2%), 하지 루틴 스트레칭2(1%), 누워 발목 당겨주기(1%), 하지 루틴 스트레칭1(1%), 왜가리 자세(1%), 팔꿈치 머리 뒤로 젖히기(1%), 깍지끼고 목 들어올리기(1%), 한발들어 좌우 돌리기(1%), 목 당기기(1%)",국민체력100 운동처방 · 청소년 14세,,청소년,,
prescription:청소년-14-F-준비운동,prescription,"청소년 14세 여자 7,973명에게 처방된 준비운동: 동적 스트레칭 루틴프로그램(21%), 발목 돌리기(9%), 발 끝 당기기(7%), 조깅(6%), 걷기(6%), 엎드려 한발 원 그리기(6%), 정적 스트레칭  루틴프로그램(6%), 나비자세(5%), 요가 및 필라테스  루틴프로그램(3%), 짝 스트레칭  루틴프로그램(2%), 왜가리 자세(2%), 줄넘기 운동(2%), 전진 점프하며 발 뒤꿈치 찍기(2%), 자전거타기(2%), 온 몸 뻗어주기(2%), 몸통 스트레칭(1%)",국민체력100 운동처방 · 청소년 14세,,청소년,,
prescription:청소년-14-M-본운동,prescription,"청소년 14세 남자 10,658명에게 처방된 본운동: 맨몸운동  루틴프로그램(11%), 조깅(8%), 웨이트 트레이닝  루틴프로그램(5%), 줄넘기 운동(5%), 저항밴드 운동  루틴프로그램(4%), 자전거타기(4%), 수영(3%), 걷기(3%), 사다리 운동  루틴프로그램(3%), 바운딩 운동  루틴프로그램(3%), 버피 테스트(3%), 박스 운동  루틴프로그램(3%), 메디신볼 운동  루틴프로그램(2%), 윗몸 일으키기(2%), 전완대고 버티기(1%), 요가 및 필라테스  루틴프로그램(1%), 누워 무릎 기울기(1%), 손 뻗어 윗몸 일으키기(1%), 팔다리 교차 버티기(1%), 엇박자 뛰기(1%), 짐볼 운동  루틴프로그램(1%), 콘운동  루틴프로그램(1%), 엎드려 버티기(1%), 사이드 스텝(1%), 연속 사이드 스쿼드(1%), 발 바꿔 뛰기(1%), 앉았다 일어서기(1%), 크런치 사이클(1%), 다리 뻗어 올리기(1%), 한발 연속 뛰기(1%)",국민체력100 운동처방 · 청소년 14세,,청소년,,
prescription:청소년-14-M-정리운동,prescription,"청소년 14세 남자 10,658명에게 처방된 정리운동: 정적 스트레칭  루틴프로그램(30%), 요가 및 필라테스  루틴프로그램(10%), 조깅(4%), 걷기(4%), 나비자세(3%), 줄넘기 운동(3%), 왜가리 자세(3%), 발목 돌리기(2%), 발 끝 당기기(2%), 무릎당겨 다리 올리기(2%), 양발 교차하여 서서 몸통 숙이기(2%), 짝 스트레칭  루틴프로그램(2%), 누워 발목 당겨주기(2%), 척추 들어올리기(1%), 옆구리 스트레칭(1%), 다리모아 무릎 누르기(1%), 휴식자세(1%), 무릎 당겨올리기(1%), 전신 루틴 스트레칭(1%), 다리뻗어 상체 숙이기(1%), 자전거타기(1%), 아기자세(1%), 동적 스트레칭 루틴프로그램(1%)",국민체력100 운동처방 · 청소년 14세,,청소년,,
prescription:청소년-14-M-준비운동,prescription,"청소년 14세 남자 10,658명에게 처방된 준비운동: 동적 스트레칭 루틴프로그램(19%), 발목 돌리기(12%), 발 끝 당기기(9%), 엎드려 한발 원 그리기(8%), 나비자세(5%), 걷기(4%), 조깅(4%), 정적 스트레칭  루틴프로그램(4%), 요가 및 필라테스  루틴프로그램(2%), 왜가리 자세(2%), 줄넘기 운동(2%), 자전거타기(2%), 짝 스트레칭  루틴프로그램(1%), 전진 점프하며 발 뒤꿈치 찍기(1%), 몸통 스트레칭(1%), 온 몸 뻗어주기(1%), 의자에 앉아 가슴 몸통 말아주기(1%), 옆구리 스트레칭(1%), 서서 한팔 들어 오른쪽 왼쪽 뻗기(1%), 맨몸운동  루틴프로그램(1%)",국민체력100 운동처방 · 청소년 14세,,청소년,,
prescription:청소년-15-F-본운동,prescription,"청소년 15세 여자 12,040명에게 처방된 본운동: 맨몸운동  루틴프로그램(10%), 조깅(9%), 줄넘기 운동(6%), 자전거타기(5%), 웨이트 트레이닝  루틴프로그램(5%), 저항밴드 운동  루틴프로그램(5%), 바운딩 운동  루틴프로그램(3%), 수영(3%), 윗몸 일으키기(3%), 메디신볼 운동  루틴프로그램(3%), 걷기(3%), 전완대고 버티기(3%), 박스 운동  루틴프로그램(2%), 버피 테스트(2%), 앉았다 일어서기(2%), 손 뻗어 윗몸 일으키기(2%), 사다리 운동  루틴프로그램(2%), 엎드려 버티기(2%), 누워 무릎 기울기(2%), 요가 및 필라테스  루틴프로그램(1%), 다리 뻗어 올리기(1%), 크런치 사이클(1%), 팔다리 교차 버티기(1%), 발 바꿔 뛰기(1%), 줄넘기(1%), 한발 연속 뛰기(1%), 콘운동  루틴프로그램(1%), 연속 사이드 스쿼드(1%), 양발 모아 좌우 뛰기(1%), 짝 스트레칭  루틴프로그램(1%)",국민체력100 운동처방 · 청소년 15세,,청소년,,
prescription:청소년-15-F-정리운동,prescription,"청소년 15세 여자 12,040명에게 처방된 정리운동: 정적 스트레칭  루틴프로그램(40%), 요가 및 필라테스  루틴프로그램(10%), 조깅(5%), 걷기(4%), 줄넘기 운동(3%), 발목 돌리기(2%), 짝 스트레칭  루틴프로그램(2%), 발 끝 당기기(2%), 나비자세(2%), 동적 스트레칭 루틴프로그램(2%), 자전거타기(2%), 서서 발목 누르기(1%), 누워 발목 당겨주기(1%), 휴식자세(1%), 다리모아 무릎 누르기(1%), 아기자세(1%), 양발 교차하여 서서 몸통 숙이기(1%), 다리굽혀 허리 비틀기(1%)",국민체력100 운동처방 · 청소년 15세,,청소년,,
prescription:청소년-15-F-준비운동,prescription,"청소년 15세 여자 12,040명에게 처방된 준비운동: 동적 스트레칭 루틴프로그램(27%), 발목 돌리기(10%), 발 끝 당기기(7%), 엎드려 한발 원 그리기(6%), 조깅(5%), 나비자세(4%), 걷기(4%), 정적 스트레칭  루틴프로그램(3%), 요가 및 필라테스  루틴프로그램(2%), 왜가리 자세(2%), 줄넘기 운동(1%), 자전거타기(1%), 짝 스트레칭  루틴프로그램(1%), 전진 점프하며 발 뒤꿈치 찍기(1%), 휴식자세(1%), 유산소 운동 전 동적 루틴 스트레칭(1%), 옆구리 스트레칭(1%), 온 몸 뻗어주기(1%), 다리뻗어 상체 숙이기(1%), 몸통 스트레칭(1%)",국민체력100 운동처방 · 청소년 15세,,청소년,,
prescription:청소년-15-M-본운동,prescription,"청소년 15세 남자 15,935명에게 처방된 본운동: 맨몸운동  루틴프로그램(9%), 조깅(9%), 줄넘기 운동(6%), 자전거타기(5%), 웨이트 트레이닝  루틴프로그램(5%), 저항밴드 운동  루틴프로그램(5%), 수영(3%), 걷기(3%), 버피 테스트(3%), 윗몸 일으키기(3%), 앉았다 일어서기(2%), 사다리 운동  루틴프로그램(2%), 바운딩 운동  루틴프로그램(2%), 손 뻗어 윗몸 일으키기(2%), 메디신볼 운동  루틴프로그램(2%), 박스 운동  루틴프로그램(2%), 엎드려 버티기(2%), 전완대고 버티기(2%), 누워 무릎 기울기(2%), 줄넘기(1%), 다리 뻗어 올리기(1%), 요가 및 필라테스  루틴프로그램(1%), 팔다리 교차 버티기(1%), 양발 모아 좌우 뛰기(1%), 한발 연속 뛰기(1%), 발 바꿔 뛰기(1%), 앞굽이 앉았다 일어서기(1%), 콘운동  루틴프로그램(1%), 엎드려 팔다리 교차올리기(1%), 연속 사이드 스쿼드(1%)",국민체력100 운동처방 · 청소년 15세,,청소년,,
prescription:청소년-15-M-정리운동,prescription,"청소년 15세 남자 15,935명에게 처방된 정리운동: 정적 스트레칭  루틴프로그램(35%), 요가 및 필라테스  루틴프로그램(8%), 조깅(7%), 줄넘기 운동(5%), 걷기(5%), 자전거타기(3%), 발 끝 당기기(3%), 발목 돌리기(3%), 나비자세(2%), 동적 스트레칭 루틴프로그램(2%), 양발 교차하여 서서 몸통 숙이기(1%), 전신 루틴 스트레칭(1%), 짝 스트레칭  루틴프로그램(1%), 양발 벌려 무릎 밀어내기(1%), 서서 발목 뒤로 당기기(1%), 서서 발목 누르기(1%), 온 몸 뻗어주기(1%), 왜가리 자세(1%)",국민체력100 운동처방 · 청소년 15세,,청소년,,
prescription:청소년-15-M-준비운동,prescription,"청소년 15세 남자 15,935명에게 처방된 준비운동: 동적 스트레칭 루틴프로그램(26%), 발목 돌리기(9%), 발 끝 당기기(8%), 엎드려 한발 원 그리기(6%), 조깅(4%), 나비자세(4%), 정적 스트레칭  루틴프로그램(4%), 요가 및 필라테스  루틴프로그램(3%), 걷기(3%), 자전거타기(2%), 왜가리 자세(2%), 줄넘기 운동(2%), 짝 스트레칭  루틴프로그램(2%), 의자에 앉아 가슴 몸통 말아주기(1%), 다리굽혀 허리 비틀기(1%), 전진 점프하며 발 뒤꿈치 찍기(1%), 옆구리 스트레칭(1%), 몸통 스트레칭(1%)",국민체력100 운동처방 · 청소년 15세,,청소년,,
prescription:청소년-16-F-본운동,prescription,"청소년 16세 여자 13,754명에게 처방된 본운동: 조깅(10%), 맨몸운동  루틴프로그램(10%), 줄넘기 운동(8%), 자전거타기(6%), 웨이트 트레이닝  루틴프로그램(4%), 저항밴드 운동  루틴프로그램(4%), 바운딩 운동  루틴프로그램(3%), 버피 테스트(3%), 메디신볼 운동  루틴프로그램(3%), 걷기(3%), 윗몸 일으키기(3%), 전완대고 버티기(2%), 수영(2%), 앉았다 일어서기(2%), 손 뻗어 윗몸 일으키기(2%), 박스 운동  루틴프로그램(2%), 엎드려 버티기(2%), 사다리 운동  루틴프로그램(2%), 누워 무릎 기울기(1%), 다리 뻗어 올리기(1%), 몸통 옆으로 굽히기(1%), 크런치 사이클(1%), 요가 및 필라테스  루틴프로그램(1%), 발 바꿔 뛰기(1%), 제자리 뛰기(1%), 콘운동  루틴프로그램(1%), 엎드려 무릎 연속 차기(1%), 짐볼 운동  루틴프로그램(1%), 연속 사이드 스쿼드(1%), 발 끝 당기기(1%)",국민체력100 운동처방 · 청소년 16세,,청소년,,
prescription:청소년-16-F-정리운동,prescription,"청소년 16세 여자 13,754명에게 처방된 정리운동: 정적 스트레칭  루틴프로그램(44%), 요가 및 필라테스  루틴프로그램(10%), 조깅(4%), 걷기(3%), 줄넘기 운동(3%), 동적 스트레칭 루틴프로그램(2%), 나비자세(2%), 누워 다리 들어올리기(2%), 자전거타기(2%), 발 끝 당기기(2%), 다리자세(1%), 휴식자세(1%), 짝 스트레칭  루틴프로그램(1%), 의자에 앉아 몸통비틀기(1%), 의자에 앉아 가슴 뒤로 젖히기(1%), 양손 모아 균형 잡기(1%), 다리뻗어 상체 숙이기(1%)",국민체력100 운동처방 · 청소년 16세,,청소년,,
prescription:청소년-16-F-준비운동,prescription,"청소년 16세 여자 13,754명에게 처방된 준비운동: 동적 스트레칭 루틴프로그램(30%), 발목 돌리기(9%), 발 끝 당기기(6%), 엎드려 한발 원 그리기(6%), 나비자세(4%), 정적 스트레칭  루틴프로그램(3%), 조깅(3%), 걷기(2%), 유산소 운동 전 동적 루틴 스트레칭(2%), 온 몸 뻗어주기(2%), 왜가리 자세(2%), 자전거타기(2%), 요가 및 필라테스  루틴프로그램(1%), 옆구리 스트레칭(1%), 전진 점프하며 발 뒤꿈치 찍기(1%), 줄넘기 운동(1%), 짝 스트레칭  루틴프로그램(1%), 빠른 발 뛰기(1%), 누워 발목 당겨주기(1%), 몸통 스트레칭(1%), 다리뻗어 상체 숙이기(1%), 엇박자 뛰기(1%)",국민체력100 운동처방 · 청소년 16세,,청소년,,
prescription:청소년-16-M-본운동,prescription,"청소년 16세 남자 18,339명에게 처방된 본운동: 조깅(9%), 맨몸운동  루틴프로그램(8%), 줄넘기 운동(7%), 자전거타기(6%), 웨이트 트레이닝  루틴프로그램(4%), 윗몸 일으키기(4%), 저항밴드 운동  루틴프로그램(4%), 수영(3%), 걷기(3%), 버피 테스트(3%), 손 뻗어 윗몸 일으키기(3%), 전완대고 버티기(2%), 엎드려 버티기(2%), 메디신볼 운동  루틴프로그램(2%), 앉았다 일어서기(2%), 바운딩 운동  루틴프로그램(2%), 누워 무릎 기울기(2%), 사다리 운동  루틴프로그램(2%), 박스 운동  루틴프로그램(1%), 다리 뻗어 올리기(1%), 양발 모아 좌우 뛰기(1%), 한발 연속 뛰기(1%), 발 바꿔 뛰기(1%), 짐볼 운동  루틴프로그램(1%), 양발 교차하여 서서 몸통 숙이기(1%), 요가 및 필라테스  루틴프로그램(1%), 앞굽이 앉았다 일어서기(1%), 나비자세(1%), 발 끝 당기기(1%), 팔다리 교차 버티기(1%)",국민체력100 운동처방 · 청소년 16세,,청소년,,
prescription:청소년-16-M-정리운동,prescription,"청소년 16세 남자 18,339명에게 처방된 정리운동: 정적 스트레칭  루틴프로그램(34%), 조깅(6%), 요가 및 필라테스  루틴프로그램(6%), 걷기(5%), 줄넘기 운동(4%), 발목 돌리기(3%), 자전거타기(3%), 발 끝 당기기(3%), 전신 루틴 스트레칭(2%), 양발 교차하여 서서 몸통 숙이기(2%), 몸통 스트레칭(2%), 동적 스트레칭 루틴프로그램(1%), 나비자세(1%), 다리굽혀 허리 비틀기(1%), 서서 한팔 들어 오른쪽 왼쪽 뻗기(1%), 의자에 앉아 가슴 몸통 말아주기(1%), 서서 발목 누르기(1%), 짝 스트레칭  루틴프로그램(1%), 누워 발목 당겨주기(1%), 하지 루틴 스트레칭1(1%)",국민체력100 운동처방 · 청소년 16세,,청소년,,
prescription:청소년-16-M-준비운동,prescription,"청소년 16세 남자 18,339명에게 처방된 준비운동: 동적 스트레칭 루틴프로그램(27%), 발목 돌리기(9%), 발 끝 당기기(8%), 엎드려 한발 원 그리기(6%), 나비자세(5%), 조깅(5%), 정적 스트레칭  루틴프로그램(3%), 걷기(3%), 자전거타기(3%), 요가 및 필라테스  루틴프로그램(2%), 왜가리 자세(2%), 줄넘기 운동(2%), 짝 스트레칭  루틴프로그램(1%), 유산소 운동 전 동적 루틴 스트레칭(1%), 아기자세(1%), 전진 점프하며 발 뒤꿈치 찍기(1%), 온 몸 뻗어주기(1%), 휴식자세(1%)",국민체력100 운동처방 · 청소년 16세,,청소년,,
prescription:청소년-17-F-본운동,prescription,"청소년 17세 여자 14,540명에게 처방된 본운동: 조깅(9%), 맨몸운동  루틴프로그램(9%), 줄넘기 운동(7%), 자전거타기(6%), 웨이트 트레이닝  루틴프로그램(5%), 저항밴드 운동  루틴프로그램(4%), 버피 테스트(3%), 윗몸 일으키기(3%), 걷기(3%), 수영(3%), 바운딩 운동  루틴프로그램(3%), 전완대고 버티기(2%), 메디신볼 운동  루틴프로그램(2%), 앉았다 일어서기(2%), 손 뻗어 윗몸 일으키기(2%), 사다리 운동  루틴프로그램(2%), 박스 운동  루틴프로그램(1%), 누워 무릎 기울기(1%), 달리기(1%), 짐볼 운동  루틴프로그램(1%), 사이드 스텝(1%), 양발 모아 좌우 뛰기(1%), 다리 뻗어 올리기(1%), 크런치 사이클(1%), 앞굽이 앉았다 일어서기(1%), 발 바꿔 뛰기(1%), 연속 사이드 스쿼드(1%), 한발 연속 뛰기(1%), 요가 및 필라테스  루틴프로그램(1%), 콘운동  루틴프로그램(1%)",국민체력100 운동처방 · 청소년 17세,,청소년,,
prescription:청소년-17-F-정리운동,prescription,"청소년 17세 여자 14,540명에게 처방된 정리운동: 정적 스트레칭  루틴프로그램(35%), 요가 및 필라테스  루틴프로그램(8%), 조깅(4%), 걷기(4%), 줄넘기 운동(3%), 발 끝 당기기(3%), 휴식자세(2%), 나비자세(2%), 자전거타기(2%), 양발 교차하여 서서 몸통 숙이기(1%), 동적 스트레칭 루틴프로그램(1%), 발목 돌리기(1%), 전신 루틴 스트레칭(1%), 서서 발목 누르기(1%), 다리굽혀 허리 비틀기(1%), 몸통 스트레칭(1%), 서서 발목 뒤로 당기기(1%), 하지 루틴 스트레칭2(1%), 의자에 앉아 몸통비틀기(1%), 상체 앞으로 숙이기(1%), 수영(1%), 결가부좌(1%), 왜가리 자세(1%), 하지 루틴 스트레칭1(1%), 의자에 앉아 가슴 뒤로 젖히기(1%), 누워 발목 당겨주기(1%), 아기자세(1%), 넙다리 뒤쪽 스트레칭(1%)",국민체력100 운동처방 · 청소년 17세,,청소년,,
prescription:청소년-17-F-준비운동,prescription,"청소년 17세 여자 14,540명에게 처방된 준비운동: 동적 스트레칭 루틴프로그램(24%), 발목 돌리기(11%), 발 끝 당기기(8%), 엎드려 한발 원 그리기(6%), 조깅(4%), 나비자세(4%), 정적 스트레칭  루틴프로그램(3%), 걷기(2%), 자전거타기(2%), 줄넘기 운동(2%), 왜가리 자세(2%), 전진 점프하며 발 뒤꿈치 찍기(1%), 요가 및 필라테스  루틴프로그램(1%), 온 몸 뻗어주기(1%), 몸통 스트레칭(1%), 아기자세(1%), 전신 루틴 스트레칭(1%), 짝 스트레칭  루틴프로그램(1%), 수영(1%), 유산소 운동 전 동적 루틴 스트레칭(1%), 빠른 발 뛰기(1%), 의자에 앉아 가슴 뒤로 젖히기(1%), 엇박자 뛰기(1%), 옆구리 스트레칭(1%)",국민체력100 운동처방 · 청소년 17세,,청소년,,
prescription:청소년-17-M-본운동,prescription,"청소년 17세 남자 23,160명에게 처방된 본운동: 조깅(8%), 맨몸운동  루틴프로그램(8%), 줄넘기 운동(5%), 웨이트 트레이닝  루틴프로그램(5%), 자전거타기(5%), 저항밴드 운동  루틴프로그램(4%), 윗몸 일으키기(3%), 수영(3%), 걷기(3%), 전완대고 버티기(3%), 버피 테스트(3%), 손 뻗어 윗몸 일으키기(2%), 사다리 운동  루틴프로그램(2%), 바운딩 운동  루틴프로그램(2%), 앉았다 일어서기(2%), 박스 운동  루틴프로그램(2%), 메디신볼 운동  루틴프로그램(2%), 달리기(1%), 누워 무릎 기울기(1%), 엎드려 버티기(1%), 양발 모아 좌우 뛰기(1%), 짐볼 운동  루틴프로그램(1%), 앞굽이 앉았다 일어서기(1%), 다리 뻗어 올리기(1%), 턱걸이(1%), 연속 사이드 스쿼드(1%), 한발 연속 뛰기(1%), 크런치 사이클(1%), 콘운동  루틴프로그램(1%), 팔다리 교차 버티기(1%)",국민체력100 운동처방 · 청소년 17세,,청소년,,
prescription:청소년-17-M-정리운동,prescription,"청소년 17세 남자 23,160명에게 처방된 정리운동: 정적 스트레칭  루틴프로그램(26%), 조깅(6%), 요가 및 필라테스  루틴프로그램(6%), 줄넘기 운동(5%), 걷기(4%), 발 끝 당기기(3%), 발목 돌리기(3%), 자전거타기(2%), 전신 루틴 스트레칭(2%), 양발 교차하여 서서 몸통 숙이기(2%), 하지 루틴 스트레칭2(2%), 나비자세(2%), 누워 발목 당겨주기(1%), 하지 루틴 스트레칭1(1%), 상체 앞으로 숙이기(1%), 서서 발목 누르기(1%), 동적 스트레칭 루틴프로그램(1%), 옆구리 스트레칭(1%), 엎드려 상체 들어올리기(1%), 몸통 스트레칭(1%), 짝 스트레칭  루틴프로그램(1%), 넙다리 뒤쪽 스트레칭(1%), 넙다리 안쪽 스트레칭(1%), 다리굽혀 허리 비틀기(1%), 서서 발목 뒤로 당기기(1%), 다리뻗어 상체 숙이기(1%), 다리모아 무릎 누르기(1%)",국민체력100 운동처방 · 청소년 17세,,청소년,,
prescription:청소년-17-M-준비운동,prescription,"청소년 17세 남자 23,160명에게 처방된 준비운동: 동적 스트레칭 루틴프로그램(22%), 발목 돌리기(9%), 발 끝 당기기(8%), 엎드려 한발 원 그리기(5%), 조깅(5%), 나비자세(5%), 정적 스트레칭  루틴프로그램(3%), 자전거타기(3%), 걷기(3%), 요가 및 필라테스  루틴프로그램(2%), 왜가리 자세(2%), 유산소 운동 전 동적 루틴 스트레칭(2%), 줄넘기 운동(2%), 짝 스트레칭  루틴프로그램(2%), 전진 점프하며 발 뒤꿈치 찍기(1%), 전신 루틴 스트레칭(1%), 몸통 스트레칭(1%), 온 몸 뻗어주기(1%), 옆구리 스트레칭(1%), 의자에 앉아 가슴 몸통 말아주기(1%), 등/어깨 뒤쪽 스트레칭(1%), 의자에 앉아 몸통비틀기(1%)",국민체력100 운동처방 · 청소년 17세,,청소년,,
prescription:청소년-18-F-본운동,prescription,"청소년 18세 여자 8,748명에게 처방된 본운동: 조깅(9%), 맨몸운동  루틴프로그램(8%), 줄넘기 운동(6%), 웨이트 트레이닝  루틴프로그램(5%), 자전거타기(5%), 저항밴드 운동  루틴프로그램(4%), 버피 테스트(3%), 수영(3%), 윗몸 일으키기(2%), 달리기(2%), 전완대고 버티기(2%), 걷기(2%), 바운딩 운동  루틴프로그램(2%), 앉았다 일어서기(2%), 박스 운동  루틴프로그램(2%), 메디신볼 운동  루틴프로그램(1%), 사다리 운동  루틴프로그램(1%), 짐볼 운동  루틴프로그램(1%), 손 뻗어 윗몸 일으키기(1%), 누워 무릎 기울기(1%), 다리 뻗어 올리기(1%), 팔굽혀펴기(1%), 실내 자전거타기(1%), 사이드 스텝(1%), 요가 및 필라테스  루틴프로그램(1%), 계단 올라갔다 내려오기(1%), 줄넘기(1%), 팔다리 교차 버티기(1%), 콘운동  루틴프로그램(1%), 크런치 사이클(1%)",국민체력100 운동처방 · 청소년 18세,,청소년,,
prescription:청소년-18-F-정리운동,prescription,"청소년 18세 여자 8,748명에게 처방된 정리운동: 정적 스트레칭  루틴프로그램(26%), 요가 및 필라테스  루틴프로그램(6%), 하지 루틴 스트레칭2(4%), 줄넘기 운동(3%), 조깅(3%), 전신 루틴 스트레칭(2%), 동적 스트레칭 루틴프로그램(2%), 걷기(2%), 하지 루틴 스트레칭1(2%), 넙다리 뒤쪽 스트레칭(2%), 자전거타기(2%), 누워 발목 당겨주기(2%), 발 끝 당기기(2%), 허리 스트레칭(2%), 배스트레칭(2%), 몸통 스트레칭(2%), 나비자세(2%), 넙다리 안쪽 스트레칭(2%), 휴식자세(1%), 옆구리 스트레칭(1%), 서서 발목 누르기(1%), 상지 루틴 스트레칭(1%), 다리뻗어 상체 숙이기(1%), 왜가리 자세(1%), 양발 교차하여 서서 몸통 숙이기(1%), 의자에 앉아 가슴 몸통 말아주기(1%), 팔 돌리며 점프하기(1%), 서서 발목 뒤로 당기기(1%), 발목 돌리기(1%), 의자에 앉아 몸통비틀기(1%)",국민체력100 운동처방 · 청소년 18세,,청소년,,
prescription:청소년-18-F-준비운동,prescription,"청소년 18세 여자 8,748명에게 처방된 준비운동: 동적 스트레칭 루틴프로그램(18%), 발목 돌리기(8%), 발 끝 당기기(6%), 엎드려 한발 원 그리기(5%), 정적 스트레칭  루틴프로그램(4%), 조깅(4%), 나비자세(4%), 유산소 운동 전 동적 루틴 스트레칭(4%), 걷기(3%), 자전거타기(2%), 줄넘기 운동(2%), 왜가리 자세(2%), 전신 루틴 스트레칭(2%), 목 스트레칭(1%), 수영(1%), 몸통 스트레칭(1%), 전진 점프하며 발 뒤꿈치 찍기(1%), 등/어깨 뒤쪽 스트레칭(1%), 가슴/어깨 앞쪽 스트레칭(1%), 요가 및 필라테스  루틴프로그램(1%), 다리자세(1%), 옆구리 스트레칭(1%), 아래 팔 스트레칭(1%), 척추 들어올리기(1%), 무릎당겨 다리 올리기(1%), 의자에 앉아 가슴 뒤로 젖히기(1%), 온 몸 뻗어주기(1%), 엎드려 상체 들어올리기(1%), 자가근막이완술 루틴 스트레칭(1%), 휴식자세(1%)",국민체력100 운동처방 · 청소년 18세,,청소년,,
prescription:청소년-18-M-본운동,prescription,"청소년 18세 남자 23,360명에게 처방된 본운동: 조깅(7%), 웨이트 트레이닝  루틴프로그램(6%), 맨몸운동  루틴프로그램(6%), 줄넘기 운동(5%), 자전거타기(4%), 저항밴드 운동  루틴프로그램(4%), 수영(3%), 달리기(3%), 윗몸 일으키기(2%), 버피 테스트(2%), 걷기(2%), 전완대고 버티기(2%), 박스 운동  루틴프로그램(2%), 앉았다 일어서기(2%), 사다리 운동  루틴프로그램(2%), 손 뻗어 윗몸 일으키기(1%), 바운딩 운동  루틴프로그램(1%), 실내 자전거타기(1%), 턱걸이(1%), 계단 올라갔다 내려오기(1%), 메디신볼 운동  루틴프로그램(1%), 팔굽혀펴기(1%), 줄넘기(1%), 짐볼 운동  루틴프로그램(1%), 누워 무릎 기울기(1%), 다리 뻗어 올리기(1%), 계단 뛰어 오르기(1%), 앞굽이 앉았다 일어서기(1%), 요가 및 필라테스  루틴프로그램(1%), 연속 사이드 스쿼드(1%)",국민체력100 운동처방 · 청소년 18세,,청소년,,
prescription:청소년-18-M-정리운동,prescription,"청소년 18세 남자 23,360명에게 처방된 정리운동: 정적 스트레칭  루틴프로그램(21%), 하지 루틴 스트레칭2(4%), 요가 및 필라테스  루틴프로그램(4%), 조깅(4%), 넙다리 뒤쪽 스트레칭(3%), 걷기(3%), 줄넘기 운동(3%), 전신 루틴 스트레칭(3%), 하지 루틴 스트레칭1(3%), 허리 스트레칭(3%), 배스트레칭(3%), 넙다리 안쪽 스트레칭(2%), 옆구리 스트레칭(2%), 상지 루틴 스트레칭(2%), 발목 돌리기(2%), 자전거타기(2%), 나비자세(2%), 상체 앞으로 숙이기(2%), 발 끝 당기기(2%), 엉덩이 스트레칭(1%), 척추 들어올리기(1%), 엎드려 상체 들어올리기(1%), 몸통 스트레칭(1%), 무릎 당겨올리기(1%), 양발 교차하여 서서 몸통 숙이기(1%), 다리굽혀 허리 비틀기(1%), 한쪽 다리펴고 상체 숙이기(1%), 서서 발목 누르기(1%), 다리뻗어 상체 숙이기(1%), 동적 스트레칭 루틴프로그램(1%)",국민체력100 운동처방 · 청소년 18세,,청소년,,
prescription:청소년-18-M-준비운동,prescription,"청소년 18세 남자 23,360명에게 처방된 준비운동: 동적 스트레칭 루틴프로그램(16%), 발목 돌리기(7%), 발 끝 당기기(6%), 조깅(4%), 유산소 운동 전 동적 루틴 스트레칭(4%), 엎드려 한발 원 그리기(4%), 나비자세(4%), 정적 스트레칭  루틴프로그램(3%), 걷기(3%), 전신 루틴 스트레칭(3%), 등/어깨 뒤쪽 스트레칭(2%), 목 스트레칭(2%), 자전거타기(2%), 왜가리 자세(2%), 가슴/어깨 앞쪽 스트레칭(2%), 아래 팔 스트레칭(2%), 줄넘기 운동(1%), 옆구리 스트레칭(1%), 몸통 스트레칭(1%), 요가 및 필라테스  루틴프로그램(1%), 하지 루틴 스트레칭2(1%), 자가근막이완술 루틴 스트레칭(1%), 전진 점프하며 발 뒤꿈치 찍기(1%), 짝 스트레칭  루틴프로그램(1%), 다리자세(1%), 허리 스트레칭(1%), 온 몸 뻗어주기(1%), 수영(1%), 다리굽혀 허리 비틀기(1%), 척추 들어올리기(1%)",국민체력100 운동처방 · 청소년 18세,,청소년,,
video:-EATykJOvBQ,video,국민체력100 운동영상 · 🐢헤이지니와 함께 유아기 체력 쑥쑥 운동 | EP03.거북이 스트레칭 · 연령대 유아기 · 길이 1분 · 나오는 운동: 거북이 스트레칭(00:06),국민체력100 운동영상 · 🐢헤이지니와 함께 유아기 체력 쑥쑥 운동 | EP03.거북이 스트레칭,https://www.youtube.com/watch?v=-EATykJOvBQ,유아기,,
video:5Crvk_HZPy8,video,"국민체력100 운동영상 · 🦖유아기 체력 향상 (복합운동) | EP03.알록달록 붙여요! (20miin) · 연령대 유아기 · 길이 23분 · 나오는 운동: 알록달록 붙여요(03:48) · 준비·마무리: 거북이 스트레칭(02:32), 우리 모두 다같이(17:18), 인사 체조(00:08), 흔들어 체조(01:14)",국민체력100 운동영상 · 🦖유아기 체력 향상 (복합운동) | EP03.알록달록 붙여요! (20miin),https://www.youtube.com/watch?v=5Crvk_HZPy8,유아기,,
video:90YTJpUn91U,video,국민체력100 운동영상 · 🦖유아기 기본 운동기술 향상 | 균형있는 근육 발달을 위한 조작성 운동 (응용편) · 연령대 유아기 · 길이 10분 · 🎯 연령별 맞춤 운동 : 영유아 · 00:05 다양한 공을 굴려요,국민체력100 운동영상 · 🦖유아기 기본 운동기술 향상 | 균형있는 근육 발달을 위한 조작성 운동 (응용편),https://www.youtube.com/watch?v=90YTJpUn91U,유아기,,
video:9ejhpZjgtUA,video,"국민체력100 운동영상 · 🦖유아기 복합 지각능력  향상 활동 | EP01. 알맞게 놓아요! (25min) · 연령대 유아기 · 길이 28분 · 준비·마무리: 거북이 스트레칭(02:32), 우리 모두 다같이(17:32), 인사 체조(00:08), 흔들어 체조(01:14) · 🎯 연령별 맞춤 운동 : 영유아",국민체력100 운동영상 · 🦖유아기 복합 지각능력  향상 활동 | EP01. 알맞게 놓아요! (25min),https://www.youtube.com/watch?v=9ejhpZjgtUA,유아기,,
video:A1CDVFUc_oU,video,국민체력100 운동영상 · 🦖유아기 기본 운동기술 향상 | 성장기 튼튼한 코어를 위한 안정성 운동 (응용편) · 연령대 유아기 · 길이 7분 · 🎯 연령별 맞춤 운동 : 영유아 · 00:04 굽혀서 이동해요,국민체력100 운동영상 · 🦖유아기 기본 운동기술 향상 | 성장기 튼튼한 코어를 위한 안정성 운동 (응용편),https://www.youtube.com/watch?v=A1CDVFUc_oU,유아기,,
video:AN7gNF5QT1w,video,"국민체력100 운동영상 · 🦖유아기 체력 향상 (복합운동) | EP02.불이야~!!! 소방훈련해요! (25miin) · 연령대 유아기 · 길이 27분 · 나오는 운동: 소방훈련 해요(03:48) · 준비·마무리: 거북이 스트레칭(02:32), 우리 모두 다같이(16:24), 인사 체조(00:08), 흔들어 체조(01:14)",국민체력100 운동영상 · 🦖유아기 체력 향상 (복합운동) | EP02.불이야~!!! 소방훈련해요! (25miin),https://www.youtube.com/watch?v=AN7gNF5QT1w,유아기,,
video:AW9qNySmp6I,video,국민체력100 운동영상 · [🌱키쑥쑥 성장기] 성장기 학생들을 위한 운동프로그램/홈트레이닝 (20min) · 연령대 청소년 · 길이 24분 · 🎯 연령별 맞춤 운동 : 청소년 · 성장기 학생들을 위한 키쑥쑥 운동프로그램💪🏻,국민체력100 운동영상 · [🌱키쑥쑥 성장기] 성장기 학생들을 위한 운동프로그램/홈트레이닝 (20min),https://www.youtube.com/watch?v=AW9qNySmp6I,청소년,,
video:B2Cvy5bmEyM,video,국민체력100 운동영상 · [👩🏻‍🎓청소년] 중고등학생 체형교정 바른자세 운동프로그램 (30min) · 연령대 청소년 · 길이 29분 · 🎯 연령별 맞춤 운동 : 청소년 · 성장기 청소년의 체형교정 바른자세 운동프로그램,국민체력100 운동영상 · [👩🏻‍🎓청소년] 중고등학생 체형교정 바른자세 운동프로그램 (30min),https://www.youtube.com/watch?v=B2Cvy5bmEyM,청소년,,
video:EH3Qsum6RgM,video,국민체력100 운동영상 · 🦖유아기 기본 운동기술 향상 | 성장기 튼튼한 코어를 위한 안정성 운동 (기초편) · 연령대 유아기 · 길이 10분 · 🎯 연령별 맞춤 운동 : 영유아,국민체력100 운동영상 · 🦖유아기 기본 운동기술 향상 | 성장기 튼튼한 코어를 위한 안정성 운동 (기초편),https://www.youtube.com/watch?v=EH3Qsum6RgM,유아기,,
video:Eg3GpTv7z8s,video,"국민체력100 운동영상 · [👦🏻유소년] 성장기 학생들을 위한 근력 운동 프로그램 (30min) · 연령대 유소년 · 체력요인 근력 · 길이 31분 · 준비·마무리: 고양이 자세(03:08), 나비자세(02:24), 다리뻗어 상체 숙이기(05:30), 아기자세(03:50), 양팔 벌려 전신 비틀기(29:06), 엎드려 상체 들어올리기(26:34), 척추 들어올리기(03:08) · 🎯 연령별 맞춤 운동 : 청소년 · 성장기 학생들을 위한 초간단 전신 근력운동💪🏻",국민체력100 운동영상 · [👦🏻유소년] 성장기 학생들을 위한 근력 운동 프로그램 (30min),https://www.youtube.com/watch?v=Eg3GpTv7z8s,유소년,근력,
video:F983gS5mwJg,video,"국민체력100 운동영상 · 🦖유아기 복합 지각능력  향상 활동 | EP02. 알록달록 길을 걸어요! (25min) · 연령대 유아기 · 길이 25분 · 준비·마무리: 거북이 스트레칭(02:32), 우리 모두 다같이(15:38), 인사 체조(00:08), 흔들어 체조(01:14) · 🎯 연령별 맞춤 운동 : 영유아",국민체력100 운동영상 · 🦖유아기 복합 지각능력  향상 활동 | EP02. 알록달록 길을 걸어요! (25min),https://www.youtube.com/watch?v=F983gS5mwJg,유아기,,
video:GkoUyt8uIXA,video,"국민체력100 운동영상 · 🦖유아기 복합 지각능력  향상 활동 | EP03. 끝까지 굴려요! 구릉구릉~~ · 연령대 유아기 · 길이 22분 · 준비·마무리: 거북이 스트레칭(02:32), 우리 모두 다같이(14:32), 인사 체조(00:08), 흔들어 체조(01:14) · 🎯 연령별 맞춤 운동 : 영유아",국민체력100 운동영상 · 🦖유아기 복합 지각능력  향상 활동 | EP03. 끝까지 굴려요! 구릉구릉~~,https://www.youtube.com/watch?v=GkoUyt8uIXA,유아기,,
video:HXS4NM82zd0,video,국민체력100 운동영상 · [👦🏻유소년] 성장기 학생들을 위한 스트레칭 프로그램 (15min) · 연령대 유소년 · 길이 18분 · 🎯 연령별 맞춤 운동 : 청소년 · 성장기 학생들을 위한 초간단 전신 스트레칭 및 근력운동💪🏻,국민체력100 운동영상 · [👦🏻유소년] 성장기 학생들을 위한 스트레칭 프로그램 (15min),https://www.youtube.com/watch?v=HXS4NM82zd0,유소년,,
video:HYl0oA1Ptyw,video,"국민체력100 운동영상 · [👩🏻‍🎓청소년] 중고등학생 체력향상 운동프로그램 (30min) · 연령대 청소년 · 길이 40분 · 나오는 운동: 왕복달리기(09:34), 윗몸 일으키기 · 준비·마무리: 고양이 자세(02:40), 나비자세(01:58), 다리뻗어 상체 숙이기(05:02), 아기자세(03:24), 양팔 벌려 전신 비틀기(37:56), 엎드려 상체 들어올리기(35:24), 척추 들어올리기(02:40)",국민체력100 운동영상 · [👩🏻‍🎓청소년] 중고등학생 체력향상 운동프로그램 (30min),https://www.youtube.com/watch?v=HYl0oA1Ptyw,청소년,,
video:IdpXx2gm90o,video,"국민체력100 운동영상 · 초등학생의 기초체력향상과 운동능력발달을 위한 운동! 같이해봐요! #국민체력100 #유소년 #어린이운동 · 연령대 유소년 · 길이 12분 · 나오는 운동: 버피운동, 팔벌려뛰기(03:18)",국민체력100 운동영상 · 초등학생의 기초체력향상과 운동능력발달을 위한 운동! 같이해봐요! #국민체력100 #유소년 #어린이운동,https://www.youtube.com/watch?v=IdpXx2gm90o,유소년,,
video:IfV5H7USgaA,video,국민체력100 운동영상 · 🦖유아기 기초체력 향상 체조 | 대근육 발달 근력/근지구력 운동 (8min) · 연령대 유아기 · 체력요인 근력·근지구력·협응력 · 길이 9분 · 준비·마무리: 엉금엉금 기어요(05:26) · 🎯 연령별 맞춤 운동 : 영유아 · 00:31 신나게 걸어요,국민체력100 운동영상 · 🦖유아기 기초체력 향상 체조 | 대근육 발달 근력/근지구력 운동 (8min),https://www.youtube.com/watch?v=IfV5H7USgaA,유아기,근력;근지구력;협응력,
video:IhShIA-WJNE,video,"국민체력100 운동영상 · [성인/1주차] 딱 4주만 같이 해봐요💪｜1주일만 해도 체지방 쫙! 빼고 근력 확! 높일 수 있는 전신 순환운동 · 연령대 성인 · 체력요인 근력 · 길이 26분 · 나오는 운동: 목 스트레칭 · 준비·마무리: 걷기, 달리기, 등 스트레칭, 목 돌리기, 복부 스트레칭, 앉았다 일어서기, 어깨 스트레칭, 팔벌려뛰기, 허리 스트레칭",국민체력100 운동영상 · [성인/1주차] 딱 4주만 같이 해봐요💪｜1주일만 해도 체지방 쫙! 빼고 근력 확! 높일 수 있는 전신 순환운동,https://www.youtube.com/watch?v=IhShIA-WJNE,성인,근력,
video:In2fsTmsggw,video,"국민체력100 운동영상 · [2030] 직장인 건강 적신호 한 번에 날려버리는 칼로리 폭탄 운동!! · 연령대 성인 · 길이 16분 · 나오는 운동: 버피 테스트, 팔굽혀펴기",국민체력100 운동영상 · [2030] 직장인 건강 적신호 한 번에 날려버리는 칼로리 폭탄 운동!!,https://www.youtube.com/watch?v=In2fsTmsggw,성인,,
video:MP2Ze9RrZA0,video,국민체력100 운동영상 · 🦖유아기 운동체력 향상 | 민첩성 순발력 평형성 협응력 키우기 기초운동 (12min) · 연령대 유아기 · 체력요인 민첩성·순발력·협응력·평형성 · 길이 12분 · 나오는 운동: 달리기,국민체력100 운동영상 · 🦖유아기 운동체력 향상 | 민첩성 순발력 평형성 협응력 키우기 기초운동 (12min),https://www.youtube.com/watch?v=MP2Ze9RrZA0,유아기,민첩성;순발력;협응력;평형성,
video:OpnELu5j4nk,video,"국민체력100 운동영상 · 🦖유아기 기초체력 향상 체조 | 성장기 말랑말랑 유연성 발달 운동 (10min) · 연령대 유아기 · 체력요인 심폐지구력·유연성·협응력 · 길이 12분 · 나오는 운동: 고양이 자세, 목 스트레칭(03:44), 어깨 스트레칭(01:52), 허리 스트레칭(05:30)",국민체력100 운동영상 · 🦖유아기 기초체력 향상 체조 | 성장기 말랑말랑 유연성 발달 운동 (10min),https://www.youtube.com/watch?v=OpnELu5j4nk,유아기,심폐지구력;유연성;협응력,
video:OxtY_hEQzIM,video,"국민체력100 운동영상 · 🦖유아기 기초체력 향상 체조 | 대근육 발달 근력/근지구력 운동 응용동작 (7min) · 연령대 유아기 · 체력요인 근력·근지구력 · 길이 8분 · 나오는 운동: 끌어요 당겨요(02:38), 밴드를 당겨요(00:06), 빌리보를 밀어요(01:44), 영차영차 올라요(04:54), 윗몸 말며 공을 전달해요(06:32) · 준비·마무리: 엉금엉금 기어요(03:48)",국민체력100 운동영상 · 🦖유아기 기초체력 향상 체조 | 대근육 발달 근력/근지구력 운동 응용동작 (7min),https://www.youtube.com/watch?v=OxtY_hEQzIM,유아기,근력;근지구력,
video:P6UZsc2YqEM,video,"국민체력100 운동영상 · 🦖유아기 기초체력 향상 체조 | 소근육 발달 협응성 향상 운동 응용동작 (5min) · 연령대 유아기 · 체력요인 근력·근지구력·협응력 · 길이 5분 · 나오는 운동: 딩딩링을 끼워요(02:10), 뽁뽁이를 눌러요(00:14)",국민체력100 운동영상 · 🦖유아기 기초체력 향상 체조 | 소근육 발달 협응성 향상 운동 응용동작 (5min),https://www.youtube.com/watch?v=P6UZsc2YqEM,유아기,근력;근지구력;협응력,
video:PTxUuItSAtY,video,"국민체력100 운동영상 · [성인/3주차] 딱 4주만 같이 해봐요💪｜1주일만 해도 체지방 쫙! 빼고 근력 확! 높일 수 있는 전신 순환운동 · 연령대 성인 · 체력요인 근력 · 길이 27분 · 나오는 운동: 누워서 다리 들어올리기, 몸통 비틀기, 엎드려 팔로 걷기, 팔굽혀펴기 · 준비·마무리: 걷기, 달리기, 등 스트레칭, 목 돌리기, 복부 스트레칭, 앉았다 일어서기, 어깨 스트레칭, 팔벌려뛰기, 허리 스트레칭",국민체력100 운동영상 · [성인/3주차] 딱 4주만 같이 해봐요💪｜1주일만 해도 체지방 쫙! 빼고 근력 확! 높일 수 있는 전신 순환운동,https://www.youtube.com/watch?v=PTxUuItSAtY,성인,근력,
video:QU-eRtSLsm0,video,국민체력100 운동영상 · 기초체력 향상을 위해 🐣 유치원생도 쉽게 따라할 수 있는 운동 소개합니다! #국민체력100 · 연령대 유아기 · 길이 12분 · 🎯 연령별 맞춤 운동 : 영유아 · 꾸준한 성장과 활동량이 많은 영유아시기를 위해,국민체력100 운동영상 · 기초체력 향상을 위해 🐣 유치원생도 쉽게 따라할 수 있는 운동 소개합니다! #국민체력100,https://www.youtube.com/watch?v=QU-eRtSLsm0,유아기,,
video:RBKylbKM78k,video,"국민체력100 운동영상 · 🦖유아기 체력 향상 (복합운동) | EP04. 점핑점핑 해요! (25miin) · 연령대 유아기 · 길이 25분 · 나오는 운동: 점핑점핑해요(03:48), 줄넘기, 줄넘기 운동 · 준비·마무리: 거북이 스트레칭(02:32), 우리 모두 다같이(19:58), 인사 체조(00:08), 흔들어 체조(01:14)",국민체력100 운동영상 · 🦖유아기 체력 향상 (복합운동) | EP04. 점핑점핑 해요! (25miin),https://www.youtube.com/watch?v=RBKylbKM78k,유아기,,
video:Rt3tdifHbns,video,"국민체력100 운동영상 · 🦖유아기 복합 운동기술 향상 | 수박나라로 떠나요! (심화편) · 연령대 유아기 · 길이 28분 · 준비·마무리: 거북이 스트레칭(02:32), 우리 모두 다같이(18:36), 인사 체조(00:08), 흔들어 체조(01:14) · 🎯 연령별 맞춤 운동 : 영유아",국민체력100 운동영상 · 🦖유아기 복합 운동기술 향상 | 수박나라로 떠나요! (심화편),https://www.youtube.com/watch?v=Rt3tdifHbns,유아기,,
video:SZefn91w66o,video,"국민체력100 운동영상 · 🦖유아기 기초체력 향상 체조 | 심폐체력 유연성 운동 응용동작 (7min) · 연령대 유아기 · 체력요인 심폐지구력·근지구력·유연성·민첩성·순발력·협응력 · 길이 8분 · 나오는 운동: 공을 옮겨요(앞)(03:14), 공을 옮겨요(옆)(04:38), 꼬리를 떼어요(00:06), 알을 낳아요(01:20), 줄넘기, 줄넘기 해요(02:18), 후굴자세 해봐요(05:56)",국민체력100 운동영상 · 🦖유아기 기초체력 향상 체조 | 심폐체력 유연성 운동 응용동작 (7min),https://www.youtube.com/watch?v=SZefn91w66o,유아기,심폐지구력;근지구력;유연성;민첩성;순발력;협응력,
video:TXE6Y_FpayU,video,"국민체력100 운동영상 · [초등학생] '키 쑥쑥' 아이 성장 발달을 위한 스트레칭 운동 · 연령대 청소년 · 길이 18분 · 나오는 운동: 옆구리늘리기(02:12), 줄넘기(16:32) · 준비·마무리: 나비자세(00:50)",국민체력100 운동영상 · [초등학생] '키 쑥쑥' 아이 성장 발달을 위한 스트레칭 운동,https://www.youtube.com/watch?v=TXE6Y_FpayU,청소년,,
video:TmVZ2gdZnQQ,video,"국민체력100 운동영상 · [👦🏻유소년] 성장기 학생들을 위한 운동체력향상 운동프로그램 (30min) · 연령대 유소년 · 길이 28분 · 나오는 운동: 걷기 · 준비·마무리: 고양이 자세(02:54), 나비자세(02:10), 다리뻗어 상체 숙이기(05:16), 아기자세(03:36), 양팔 벌려 전신 비틀기(25:36), 엎드려 상체 들어올리기(23:04), 척추 들어올리기(02:54)",국민체력100 운동영상 · [👦🏻유소년] 성장기 학생들을 위한 운동체력향상 운동프로그램 (30min),https://www.youtube.com/watch?v=TmVZ2gdZnQQ,유소년,,
video:V9cymtUC61I,video,"국민체력100 운동영상 · [청소년] 🎯이제는 정신력 싸움🎯 운동으로 멘탈 관리하고 대학가자!! · 연령대 청소년 · 길이 16분 · 나오는 운동: 내전근 스트레칭(11:30), 목 돌리기(01:06), 몸통 비틀기(13:02)",국민체력100 운동영상 · [청소년] 🎯이제는 정신력 싸움🎯 운동으로 멘탈 관리하고 대학가자!!,https://www.youtube.com/watch?v=V9cymtUC61I,청소년,,
video:XSn6DE3cxy4,video,"국민체력100 운동영상 · [👩🏻‍🎓청소년] 중고등학생 체중조절 다이어트 운동프로그램 (30min) · 연령대 청소년 · 길이 33분 · 나오는 운동: 걷기, 서서 다리 모으고 벌리기(10:08), 윗몸 일으키기, 조깅 · 준비·마무리: 고양이 자세(02:52), 나비자세(02:08), 다리뻗어 상체 숙이기(05:14), 아기자세(03:34), 양팔 벌려 전신 비틀기(30:56), 엎드려 상체 들어올리기(28:24), 척추 들어올리기(02:52)",국민체력100 운동영상 · [👩🏻‍🎓청소년] 중고등학생 체중조절 다이어트 운동프로그램 (30min),https://www.youtube.com/watch?v=XSn6DE3cxy4,청소년,,
video:_hdna4_9GYc,video,"국민체력100 운동영상 · 🦖유아기 복합 운동기술 향상 | 체력왕이 되어요 (심화편) · 연령대 유아기 · 길이 26분 · 준비·마무리: 거북이 스트레칭(02:32), 우리 모두 다같이(19:18), 인사 체조(00:08), 흔들어 체조(01:14) · 🎯 연령별 맞춤 운동 : 영유아",국민체력100 운동영상 · 🦖유아기 복합 운동기술 향상 | 체력왕이 되어요 (심화편),https://www.youtube.com/watch?v=_hdna4_9GYc,유아기,,
video:a7Dhim2-ogE,video,국민체력100 운동영상 · 🦖유아기 기초체력 향상 체조 | 소근육 발달 근력/근지구력 운동 (5min) · 연령대 유아기 · 체력요인 근력·근지구력·협응력 · 길이 6분 · 🎯 연령별 맞춤 운동 : 영유아 · 00:31 손가락 박수쳐요,국민체력100 운동영상 · 🦖유아기 기초체력 향상 체조 | 소근육 발달 근력/근지구력 운동 (5min),https://www.youtube.com/watch?v=a7Dhim2-ogE,유아기,근력;근지구력;협응력,
video:aMxQ1h_GCGY,video,국민체력100 운동영상 · 🦖유아기 기초체력 향상 체조 | 심폐지구력 발달 운동 (5min) · 연령대 유아기 · 체력요인 심폐지구력·협응력 · 길이 5분 · 🎯 연령별 맞춤 운동 : 영유아 · 00:35 새처럼 날아요,국민체력100 운동영상 · 🦖유아기 기초체력 향상 체조 | 심폐지구력 발달 운동 (5min),https://www.youtube.com/watch?v=aMxQ1h_GCGY,유아기,심폐지구력;협응력,
video:deNrMI9bdCE,video,국민체력100 운동영상 · 🦖유아기 기본 운동기술 향상 | 성장기 운동기능 발달을 위한 조작성 운동 (기초편) · 연령대 유아기 · 길이 9분 · 🎯 연령별 맞춤 운동 : 영유아,국민체력100 운동영상 · 🦖유아기 기본 운동기술 향상 | 성장기 운동기능 발달을 위한 조작성 운동 (기초편),https://www.youtube.com/watch?v=deNrMI9bdCE,유아기,,
video:gOrg8Lva-8A,video,"국민체력100 운동영상 · [유아기] 우리 아이 친밀감 UP! 건강 UP! 애착형성 필수 운동 · 연령대 유아기 · 길이 15분 · 나오는 운동: 몸통 비틀기(13:14), 앉았다 일어서기(12:10), 옆구리 스트레칭",국민체력100 운동영상 · [유아기] 우리 아이 친밀감 UP! 건강 UP! 애착형성 필수 운동,https://www.youtube.com/watch?v=gOrg8Lva-8A,유아기,,
video:gRu0S06EET8,video,"국민체력100 운동영상 · 🧑‍🎓 청소년을 위한 30분 전신운동!! · 연령대 청소년 · 길이 37분 · 나오는 운동: 목 돌리기, 발목 돌리기, 종아리 스트레칭",국민체력100 운동영상 · 🧑‍🎓 청소년을 위한 30분 전신운동!!,https://www.youtube.com/watch?v=gRu0S06EET8,청소년,,
video:lVd366kW7KI,video,"국민체력100 운동영상 · [성인/4주차] 딱 4주만 같이 해봐요💪｜1주일만 해도 체지방 쫙! 빼고 근력 확! 높일 수 있는 전신 순환운동 · 연령대 성인 · 체력요인 근력 · 길이 27분 · 나오는 운동: 팔꿈치 굽히기 · 준비·마무리: 걷기, 달리기, 등 스트레칭, 목 돌리기, 복부 스트레칭, 앉았다 일어서기, 어깨 스트레칭, 팔벌려뛰기, 허리 스트레칭",국민체력100 운동영상 · [성인/4주차] 딱 4주만 같이 해봐요💪｜1주일만 해도 체지방 쫙! 빼고 근력 확! 높일 수 있는 전신 순환운동,https://www.youtube.com/watch?v=lVd366kW7KI,성인,근력,
video:oCAjIRASiVI,video,"국민체력100 운동영상 · 🦖유아기 운동체력 향상 | 민첩성 순발력 평형성 협응력 키우기 응용운동 (15min) · 연령대 유아기 · 체력요인 심폐지구력·근지구력·민첩성·순발력·협응력·평형성 · 길이 17분 · 나오는 운동: 걷기, 공 받고 던져요(11:42), 낚시를 해요(15:36), 밸런스 보드에 서요(06:36), 밸런스 볼에 서요(07:48), 분리배출 해요(14:14), 알록달록 공을 옮겨요(12:56), 조심조심 걸어요(10:16), 지게발 걸어요(09:02), 지그재그 달려요(01:00), 후다닥 붙여요(02:54), 후다닥 집어요(01:48), 힘차게 던져요(04:50), 힘차게 맞춰요(05:32)",국민체력100 운동영상 · 🦖유아기 운동체력 향상 | 민첩성 순발력 평형성 협응력 키우기 응용운동 (15min),https://www.youtube.com/watch?v=oCAjIRASiVI,유아기,심폐지구력;근지구력;민첩성;순발력;협응력;평형성,
video:oX1HKGUBO5w,video,"국민체력100 운동영상 · 🦖유아기 체력 향상 (복합운동) | EP01.동물처럼 걸어요 (20min) · 연령대 유아기 · 길이 28분 · 나오는 운동: 동물처럼 걸어요(03:48) · 준비·마무리: 거북이 스트레칭(02:32), 엉금엉금 기어요, 우리 모두 다같이(21:42), 인사 체조(00:08), 흔들어 체조(01:14)",국민체력100 운동영상 · 🦖유아기 체력 향상 (복합운동) | EP01.동물처럼 걸어요 (20min),https://www.youtube.com/watch?v=oX1HKGUBO5w,유아기,,
video:p12bb2zMebw,video,"국민체력100 운동영상 · [👦🏻유소년] 성장기 학생들을 위한 체력향상 운동프로그램 (30min) · 연령대 유소년 · 길이 37분 · 준비·마무리: 고양이 자세(02:50), 나비자세(02:08), 다리뻗어 상체 숙이기(05:12), 아기자세(03:34), 양팔 벌려 전신 비틀기(34:18), 엎드려 상체 들어올리기(31:46), 척추 들어올리기(02:50) · 🎯 연령별 맞춤 운동 : 청소년 · 성장기 학생들을 위한 초간단 전신 스트레칭 및 근력운동💪🏻",국민체력100 운동영상 · [👦🏻유소년] 성장기 학생들을 위한 체력향상 운동프로그램 (30min),https://www.youtube.com/watch?v=p12bb2zMebw,유소년,,
video:qL76XIxD4Ds,video,"국민체력100 운동영상 · 🦖유아기 기본 운동기술 향상 | 균형있는 근육 발달을 위한 이동성 운동 (기초편) · 연령대 유아기 · 길이 11분 · 나오는 운동: 걷기(00:30), 달리기(02:02)",국민체력100 운동영상 · 🦖유아기 기본 운동기술 향상 | 균형있는 근육 발달을 위한 이동성 운동 (기초편),https://www.youtube.com/watch?v=qL76XIxD4Ds,유아기,,
video:qk0hXbltmIQ,video,"국민체력100 운동영상 · 🦖유아기 복합 운동기술 향상 | 꽃게처럼 걸어요 (심화편) · 연령대 유아기 · 길이 26분 · 준비·마무리: 거북이 스트레칭(02:32), 우리 모두 다같이(20:50), 인사 체조(00:08), 흔들어 체조(01:14) · 🎯 연령별 맞춤 운동 : 영유아",국민체력100 운동영상 · 🦖유아기 복합 운동기술 향상 | 꽃게처럼 걸어요 (심화편),https://www.youtube.com/watch?v=qk0hXbltmIQ,유아기,,
video:shroLEVYDRM,video,국민체력100 운동영상 · 🐢헤이지니와 함께 유아기 체력 쑥쑥 운동 | EP04.우리 모두 다같이! · 연령대 유아기 · 길이 1분 · 나오는 운동: 우리 모두 다같이(00:06),국민체력100 운동영상 · 🐢헤이지니와 함께 유아기 체력 쑥쑥 운동 | EP04.우리 모두 다같이!,https://www.youtube.com/watch?v=shroLEVYDRM,유아기,,
video:vc0rn9KQiRc,video,국민체력100 운동영상 · 🦖유아기 기본 운동기술 향상 | 균형있는 근육 발달을 위한 이동성 운동 (응용편) · 연령대 유아기 · 길이 9분 · 🎯 연령별 맞춤 운동 : 영유아 · 00:04 다양한 도구 위를 걸어요,국민체력100 운동영상 · 🦖유아기 기본 운동기술 향상 | 균형있는 근육 발달을 위한 이동성 운동 (응용편),https://www.youtube.com/watch?v=vc0rn9KQiRc,유아기,,
video:xrCKWvZxF5g,video,국민체력100 운동영상 · 🦖헤이지니와 함께 유아기 체력 쑥쑥 운동 | EP01.인사체조 · 연령대 유아기 · 길이 1분 · 나오는 운동: 인사 체조(00:06),국민체력100 운동영상 · 🦖헤이지니와 함께 유아기 체력 쑥쑥 운동 | EP01.인사체조,https://www.youtube.com/watch?v=xrCKWvZxF5g,유아기,,
video:ybVg6kewp90,video,국민체력100 운동영상 · 🦖헤이지니와 함께 유아기 체력 쑥쑥 운동 | EP02.흔들어 체조 · 연령대 유아기 · 길이 1분 · 나오는 운동: 흔들어 체조(00:06),국민체력100 운동영상 · 🦖헤이지니와 함께 유아기 체력 쑥쑥 운동 | EP02.흔들어 체조,https://www.youtube.com/watch?v=ybVg6kewp90,유아기,,
video:yrxN8UyUXoc,video,"국민체력100 운동영상 · [성인/2주차] 딱 4주만 같이 해봐요💪｜1주일만 해도 체지방 쫙! 빼고 근력 확! 높일 수 있는 전신 순환운동 · 연령대 성인 · 체력요인 근력 · 길이 26분 · 나오는 운동: 몸통 옆으로 굽히기, 앉아서 뒤로 당기기, 옆으로 굽히기 · 준비·마무리: 걷기, 달리기, 등 스트레칭, 목 돌리기, 복부 스트레칭, 앉았다 일어서기, 어깨 스트레칭, 팔벌려뛰기, 허리 스트레칭",국민체력100 운동영상 · [성인/2주차] 딱 4주만 같이 해봐요💪｜1주일만 해도 체지방 쫙! 빼고 근력 확! 높일 수 있는 전신 순환운동,https://www.youtube.com/watch?v=yrxN8UyUXoc,성인,근력,
